REF;DESCRICAO;SEMANA;TECIDO;COLECAO;FAMILIA;CORES
00003;BLUSA BABADO MANGA;SEMANA;;OFF;;3
00047;CALCA PANTALONA FENDA;SEMANA;BOTAO CASQUINHA MADREPEROLA (18);OUTONO/INVERNO 2016;;3
00048;CALCA PANTALONA;SEMANA;BOTAO CASQUINHA MADREPEROLA (18);OUTONO/INVERNO 2016;;3
00049;PANTALONA FLORAL;SEMANA;BOTAO CASQUINHA MADREPEROLA (18);OUTONO/INVERNO 2016;;1
00055;CROPPED CIGANA;SEMANA;;OUTONO/INVERNO 2016;;1
00077;BLUSA MOISACO;SEMANA;;OUTONO/INVERNO 2016;;1
00080;REGATA TROPICAL;SEMANA;;OUTONO/INVERNO 2016;;1
00081;REGATA GRAFICA;SEMANA;;OUTONO/INVERNO 2016;;1
00082;REGATA ABACAXI;SEMANA;;OUTONO/INVERNO 2016;;1
00088;REGATA STREPYBRA;SEMANA;;OUTONO/INVERNO 2016;;6
00089;REGATA TRIANGULO;SEMANA;;PRIMAVERA/VERÃO 2016;;2
00090;REGATA AMARRACAO;SEMANA;;OUTONO/INVERNO 2016;;2
00099;CAMISA BASICA;SEMANA;;OUTONO/INVERNO 2016;;4
00102;CROPPED CIGANA;SEMANA;;OUTONO/INVERNO 2016;;3
00103;MAX COLETE;SEMANA;;OFF;;2
00114;TOP TIRAS;SEMANA;;VERÃO 2018;;2
00118;REGATA PARIS;SEMANA;;OUTONO/INVERNO 2016;;1
00119;REGATA PARIS;SEMANA;;OUTONO/INVERNO 2016;;1
00120;CROPPED CANELADO;SEMANA;;OUTONO/INVERNO 2016;;1
00138;REGATA COPAS;SEMANA;;OUTONO/INVERNO 2016;;1
00174;ALCINHA BARRA PLISSADA;SEMANA;;OUTONO/INVERNO 2016;;1
00182;ALCA INDIE;SEMANA;;OUTONO/INVERNO 2016;;1
00234;CARDIGAN MAXI;SEMANA;;OUTONO/INVERNO 2016;;2
00237;PANTACOURT BASIC;SEMANA;;OFF;;6
00238;PANTACOURT LISA;SEMANA;;OUTONO/INVERNO 2016;;2
00245;BLUSA ARCO-IRIS;SEMANA;;OUTONO/INVERNO 2016;;1
00247;CROPPED BASICO MANGA 3/4;SEMANA;;OUTONO/INVERNO 2016;;1
00254;CROPPED SAFARI;SEMANA;;OUTONO/INVERNO 2016;;1
00255;BLUSA SAFARI M/L;SEMANA;;OUTONO/INVERNO 2016;;1
00256;VESTIDO SAFARI;SEMANA;;OUTONO/INVERNO 2016;;1
00257;CHEMISE ROSA FLOR;SEMANA;;OUTONO/INVERNO 2016;;1
00258;REGATA ROSA FLOR;SEMANA;;OUTONO/INVERNO 2016;;1
00259;REGATA BASICA CORACAO;SEMANA;;OUTONO/INVERNO 2016;;1
00260;CASACO PONTAS;SEMANA;;OUTONO/INVERNO 2016;;4
00261;VESTIDO LISTRAS;SEMANA;;OUTONO/INVERNO 2016;;1
00262;VESTIDO LISTRAS CHAMPAGNE;SEMANA;;OUTONO/INVERNO 2016;;1
00263;CROPPED LISTRAS CHAMPAGNE;SEMANA;;OUTONO/INVERNO 2016;;1
00264;MAXI CARDIGAN;SEMANA;;OUTONO/INVERNO 2016;;1
00265;CROPPED CANELADO;SEMANA;;OUTONO/INVERNO 2016;;1
00266;BODY DECOTE;SEMANA;;OUTONO/INVERNO 2016;;2
00268;VESTIDO BLACK E WHITE;SEMANA;;OUTONO/INVERNO 2016;;1
00270;CAMISA BOLSO ELEFANTE;SEMANA;;OUTONO/INVERNO 2016;;1
00271;CAMISA BOLSO;SEMANA;;OUTONO/INVERNO 2016;;2
00273;BLUSA MOLETINHO MESCLA;SEMANA;;OUTONO/INVERNO 2016;;1
00274;BLUSA MOLETINHO MESCLA;SEMANA;;OUTONO/INVERNO 2016;;1
00275;CALCA BOY ANIMAL PRINT;SEMANA;;OUTONO/INVERNO 2016;;1
00276;BLUSA ANIMAL PRINT;SEMANA;;OUTONO/INVERNO 2016;;1
00277;BLUSA CANELADA;SEMANA;;OUTONO/INVERNO 2016;;1
00278;BLUSA CANELADA ML;SEMANA;;OUTONO/INVERNO 2016;;1
00279;CALCA SKINNY;SEMANA;;OUTONO/INVERNO 2016;;2
00280;CALCA SKINNY;SEMANA;;OUTONO/INVERNO 2016;;1
00281;CALCA SKINNY;SEMANA;;OUTONO/INVERNO 2016;;2
00283;BLUSA MAXI GOLA;SEMANA;;OUTONO/INVERNO 2016;;1
00284;VESTIDO LISTRAS PB;SEMANA;;OUTONO/INVERNO 2016;;1
00286;BLUSA MAXI LISTRAS;SEMANA;;OUTONO/INVERNO 2016;;1
00288;PANTACOURT BOY;SEMANA;;OUTONO/INVERNO 2016;;1
00289;CALCA JOGGER;SEMANA;;OUTONO/INVERNO 2016;;1
00290;CROPPED ANJO ELEFANTE;SEMANA;;OUTONO/INVERNO 2016;;1
00291;REGATA PREGAS ELEFANTE;SEMANA;;OUTONO/INVERNO 2016;;1
00292;CAMISA LACO FLORAL CANDY;SEMANA;;OFF;;1
00293;CAMISA LACO CHEVRON;SEMANA;;OUTONO/INVERNO 2016;;1
00294;BLUSA SAFARI 1/4;SEMANA;;OUTONO/INVERNO 2016;;1
00295;PANTALONA VALSA;SEMANA;;OUTONO/INVERNO 2016;;1
00296;BLUSA 2/4 FLORAL;SEMANA;;OUTONO/INVERNO 2016;;1
00297;PANTACOURT VISC SARJADA;SEMANA;;OUTONO/INVERNO 2016;;1
00298;CAMISA BOLSO VISC;SEMANA;;OUTONO/INVERNO 2016;;2
00300;CAMISA PAVAO;SEMANA;;OUTONO/INVERNO 2016;;1
00301;CAMISA XADREZ PB;SEMANA;;OUTONO/INVERNO 2016;;1
00302;VESTIDO MUSGO PRETO;SEMANA;;OUTONO/INVERNO 2016;;1
00303;BLUSA FLORAL PRETA 2/4;SEMANA;;OUTONO/INVERNO 2016;;1
00304;BLUSA CANELADA MUSGO;SEMANA;;OUTONO/INVERNO 2016;;1
00305;PARKA MILITAR;SEMANA;;OUTONO/INVERNO 2016;;2
00307;JAQUETA BOMBER PB;SEMANA;;OUTONO/INVERNO 2016;;1
00308;PANTALONA;SEMANA;;OUTONO/INVERNO 2016;;13
00310;BLUSA CANELADA;SEMANA;;OUTONO/INVERNO 2016;;8
00311;BLUSA CANELADA ML;SEMANA;;OUTONO/INVERNO 2016;;7
00314;BLUSA CHIFFON RABISCO;SEMANA;;OUTONO/INVERNO 2016;;1
00318;CALCA FLARE BANDAGEM;SEMANA;;OUTONO/INVERNO 2016;;1
00319;BLUSA 1976;SEMANA;;OUTONO/INVERNO 2016;;1
00320;BLUSA 1971;SEMANA;;OUTONO/INVERNO 2016;;2
00321;BODY FRENTE;SEMANA;;OUTONO/INVERNO 2016;;1
00322;BODY CANELADO;SEMANA;;OUTONO/INVERNO 2016;;1
00323;BLUSA JE NE SAIS QUOI;SEMANA;;OUTONO/INVERNO 2016;;1
00324;BLUSA 2/4 FLORAL LOSANGO;SEMANA;;OUTONO/INVERNO 2016;;1
00325;CALCA BOY CAMELO;SEMANA;;OUTONO/INVERNO 2016;;1
00326;VESTIDO LONGO ETNICO;SEMANA;;OUTONO/INVERNO 2016;;1
00327;CAMISA ETNICA ML;SEMANA;;OUTONO/INVERNO 2016;;1
00329;VESTIDO LISTRAS;SEMANA;;OUTONO/INVERNO 2016;;1
00330;REGATA LIBERTY;SEMANA;;OFF;;28
00331;REGATA LIBERTY FLORAL;SEMANA;;PRIMAVERA/VERÃO 2016;;2
00332;PANTALONA LIBERTY FLORAL;SEMANA;;PRIMAVERA/VERÃO 2016;;1
00333;CROPPED LIBERTY FLORAL;SEMANA;;PRIMAVERA/VERÃO 2016;;1
00334;VESTIDO CURTO LIBERTY FLORAL;SEMANA;;PRIMAVERA/VERÃO 2016;;2
00335;REGATA TRAPEZIO;SEMANA;;OFF;;29
00338;BLUSA CANELADA CANDY;SEMANA;;PRIMAVERA/VERÃO 2016;;3
00339;CROPPED ANJO FLORAL;SEMANA;;PRIMAVERA/VERÃO 2016;;1
00340;MACACAO MIDI NEW;SEMANA;;OFF;;2
00341;BLUSA CIGANINHA PAVAO;SEMANA;;PRIMAVERA/VERÃO 2016;;1
00342;PANTALONA ARABESCO;SEMANA;;PRIMAVERA/VERÃO 2016;;1
00343;VESTIDO CURTO ARABESCO;SEMANA;;PRIMAVERA/VERÃO 2016;;1
00344;REGATA ARABESCO;SEMANA;;PRIMAVERA/VERÃO 2016;;1
00345;REGATA DUO ALCAS;SEMANA;;PRIMAVERA/VERÃO 2016;;5
00346;BODY TIRAS;SEMANA;;OFF;;26
00347;VESTIDO CURTO BOTANICO;SEMANA;;PRIMAVERA/VERÃO 2016;;1
00348;VESTIDO CURTO BOTANICO;SEMANA;;PRIMAVERA/VERÃO 2016;;1
00349;PANTACOURT ASTECA;SEMANA;;PRIMAVERA/VERÃO 2016;;1
00350;MACACAO ASTECA;SEMANA;;PRIMAVERA/VERÃO 2016;;2
00351;VESTIDO RECORTES ASTECA;SEMANA;;PRIMAVERA/VERÃO 2016;;1
00354;CAMISA VITRAL;SEMANA;;ALTO VERÃO 2023;;1
00355;REGATA GEOMETRICA;SEMANA;;PRIMAVERA/VERÃO 2016;;1
00356;VESTIDO LONGO GEOMETRICO;SEMANA;;PRIMAVERA/VERÃO 2016;;1
00357;VESTIDO CURTO GEOMETRICO;SEMANA;;PRIMAVERA/VERÃO 2016;;1
00358;VESTIDO LONGO FOLHAGEM;SEMANA;;PRIMAVERA/VERÃO 2016;;1
00359;PANTALONA FOLHAGEM;SEMANA;;PRIMAVERA/VERÃO 2016;;1
00360;PANTALONA FOLHAGEM;SEMANA;;PRIMAVERA/VERÃO 2016;;1
00361;SAIA MIDI BOTOES;SEMANA;;PRIMAVERA/VERÃO 2016;;30
00362;REGATA FREE MARGARIDA;SEMANA;;PRIMAVERA/VERÃO 2016;;1
00363;VESTIDO LIBERTY MARGARIDA;SEMANA;;PRIMAVERA/VERÃO 2016;;1
00364;REGATA FREE;SEMANA;;PRIMAVERA/VERÃO 2016;;30
00365;CALCA FLARE BANDAGEM;SEMANA;;PRIMAVERA/VERÃO 2016;;30
00366;CALCA CANDY COLORS ROSE QUARTZ;SEMANA;;PRIMAVERA/VERÃO 2016;;2
00367;BLUSA LINEN;SEMANA;;VERÃO 2017;;1
00368;VESTIDO LONGO PAISLEY;SEMANA;;PRIMAVERA/VERÃO 2016;;1
00369;BLUSA BABADO PAISLEY;SEMANA;;PRIMAVERA/VERÃO 2016;;1
00371;BLUSA 2/4;SEMANA;;VERÃO 2017;;27
00372;CROPPED ZIPER;SEMANA;;VERÃO 2017;;2
00373;KIMONO COQUEIRO;SEMANA;;VERÃO 2017;;1
00374;MACACAO MIDI NEW COQUEIRO;SEMANA;;VERÃO 2017;;1
00375;VESTIDO COQUEIRO;SEMANA;;VERÃO 2017;;1
00376;KIMONO LIBERTY;SEMANA;;VERÃO 2017;;1
00377;REGATA DUPLA FACE PB;SEMANA;;PRIMAVERA/VERÃO 2016;;2
00378;REGATA DUPLA FACE PB;SEMANA;;PRIMAVERA/VERÃO 2016;;2
00379;MACACAO LINEAR;SEMANA;;PRIMAVERA/VERÃO 2016;;1
00382;UNDERWEAR RENDA;SEMANA;;VERÃO 2017;;1
00383;REGATA CHEVRON;SEMANA;;VERÃO 2017;;2
00384;REGATA CHIFFON;SEMANA;;VERÃO 2017;;1
00385;CALCA LINHO FLARE;SEMANA;;VERÃO 2017;;1
00386;CALCA FLARE NEW;SEMANA;;VERÃO 2017;;1
00387;CALCA FLARE NEW PB;SEMANA;;VERÃO 2017;;1
00388;MACACAO FREE CORES;SEMANA;;VERÃO 2017;;3
00389;MACACAO MIDI FREE;SEMANA;;VERÃO 2017;;3
00390;BATA INDIE;SEMANA;;OUTONO/INVERNO 2016;;2
00391;CIGANINHA GRECIA;SEMANA;;VERÃO 2017;;2
00392;CAMISA BLACK WHITE;SEMANA;;VERÃO 2017;;1
00393;REGATA GUIPIR;SEMANA;;VERÃO 2017;;2
00394;CALCA LINHA;SEMANA;;VERÃO 2017;;2
00395;VESTIDO NUDE BORDADO;SEMANA;;VERÃO 2017;;1
00396;BLUSA NUDE BORDADA;SEMANA;;VERÃO 2017;;1
00397;CAMISA LISTRAS;SEMANA;;VERÃO 2017;;1
00398;CAMISA CLASSIC;SEMANA;;OFF;;3
00399;CALCA AM PM;SEMANA;;VERÃO 2017;;3
00400;VESTIDO ILHOES;SEMANA;;VERÃO 2017;;1
00401;CALCA CLASSIC;SEMANA;;VERÃO 2017;;3
00402;BLUSA CLASSIC;SEMANA;;VERÃO 2017;;1
00403;BLUSA CLASSIC;SEMANA;;VERÃO 2017;;1
00404;CAMISA MARMORIZADA;SEMANA;;VERÃO 2017;;1
00405;BATA BOHO;SEMANA;;VERÃO 2017;;1
00406;BATA PESPONTO;SEMANA;;VERÃO 2017;;1
00407;VESTIDO PARTY;SEMANA;;VERÃO 2017;;1
00408;BLUSA MICANGA;SEMANA;;VERÃO 2017;;1
00409;BLUSA GOLINHA;SEMANA;;VERÃO 2017;;1
00410;BLUSA ML LACO;SEMANA;;VERÃO 2017;;1
00411;BATA GUIPIR;SEMANA;;VERÃO 2017;;1
00412;BLUSA COLD BEER;SEMANA;;VERÃO 2017;;1
00413;VESTIDO CANELADO;SEMANA;;VERÃO 2017;;3
00414;REGATA LIBERTY ABACAXI;SEMANA;;VERÃO 2017;;1
00415;CROPPED ABACAXI;SEMANA;;VERÃO 2017;;1
00416;PANTALONA HINDU;SEMANA;;VERÃO 2017;;1
00417;REGATA LIBERTY HINDU;SEMANA;;VERÃO 2017;;1
00418;REGATA LIBERTY HINDU;SEMANA;;VERÃO 2017;;1
00420;VESTIDO LONGO CASTICAL;SEMANA;;VERÃO 2017;;1
00421;VESTIDO LONGO CASTICAL;SEMANA;;VERÃO 2017;;1
00422;NECESSAIRE;SEMANA;;VERÃO 2017;;1
00423;BODY CANELADO;SEMANA;;OFF;;31
00424;VESTIDO LONGO WHITE;SEMANA;;VERÃO 2017;;1
00425;VESTIDO WHITE;SEMANA;;VERÃO 2017;;1
00426;VESTIDO TUBINHO DUO;SEMANA;;VERÃO 2017;;1
00427;BODY/MAIO;SEMANA;;VERÃO 2017;;2
00428;PANTALONA FLOWER;SEMANA;;VERÃO 2017;;1
00429;VESTIDO FLORAL;SEMANA;;VERÃO 2017;;1
00430;BLUSA SILK;SEMANA;;PRIMAVERA/VERÃO 2016;;3
00431;VESTIDO BASICO LISTRAS;SEMANA;;VERÃO 2017;;1
00432;VESTIDO BASICO FLORAL;SEMANA;;VERÃO 2017;;1
00433;VESTIDO BASICO ROSA FLOR;SEMANA;;VERÃO 2017;;1
00434;VESTIDO MENDHI FLORAL;SEMANA;;VERÃO 2017;;1
00435;REGATA DEBRUM;SEMANA;;OFF;;32
00436;VESTIDO CURTO PIRAMIDE ROSE QUARTZ;SEMANA;;PRIMAVERA/VERÃO 2016;;1
00437;VESTIDO LONGO PIRAMIDE ROSE QUARTZ;SEMANA;;PRIMAVERA/VERÃO 2016;;1
00438;VESTIDO LONGO FOLHAGEM ROSE QUARTZ;SEMANA;;PRIMAVERA/VERÃO 2016;;1
00439;VESTIDO FOLHAS;SEMANA;;VERÃO 2017;;1
00440;VESTIDO BEIJA FLOR;SEMANA;;VERÃO 2017;;1
00441;VESTIDO BEIJA FLOR;SEMANA;;VERÃO 2017;;1
00442;BLUSA BEIJA FLOR;SEMANA;;VERÃO 2017;;1
00443;VESTIDO ABACAXI;SEMANA;;VERÃO 2017;;1
00444;VESTIDO LONGO FOLHAGEM;SEMANA;;VERÃO 2017;;1
00445;MACAQUINHO PASSAROS;SEMANA;;VERÃO 2017;;1
00446;VESTIDO PASSAROS;SEMANA;;VERÃO 2017;;1
00447;BODY ML;SEMANA;;VERÃO 2017;;1
00448;MACACAO LONGO CASHMERE;SEMANA;;VERÃO 2017;;1
00449;SAIA ENVELOPE CASHMERE;SEMANA;;VERÃO 2017;;1
00450;MACACAO ENTREMEIO CASHMERE;SEMANA;;VERÃO 2017;;1
00451;VESTIDO CURTO CASHMERE;SEMANA;;VERÃO 2017;;1
00452;SAIA ENVELOPE;SEMANA;;VERÃO 2017;;1
00453;SHORT LACO;SEMANA;;OFF;;7
00454;MACACAO MIDI QUADRANTE;SEMANA;;VERÃO 2017;;1
00455;VESTIDO MIDI QUADRANTE;SEMANA;;VERÃO 2017;;1
00456;BLUSA 2/4 QUADRANTE;SEMANA;;VERÃO 2017;;1
00458;CROPPED TRANSPASSADO;SEMANA;;OFF;;5
00459;VESTIDO RECORTES GOLD;SEMANA;;VERÃO 2017;;1
00460;REGATA RECORTES GOLD;SEMANA;;VERÃO 2017;;1
00461;CROPPED ANJO FLORAL VERDE;SEMANA;;VERÃO 2017;;1
00462;VESTIDO FLORAL;SEMANA;;VERÃO 2017;;1
00463;VESTIDO BASICO GARDENIA;SEMANA;;VERÃO 2017;;1
00464;VESTIDO MIDI GARDENIA;SEMANA;;VERÃO 2017;;1
00465;MACACAO MIDI GARDENIA;SEMANA;;VERÃO 2017;;1
00466;BLUSA BABADO GARDENIA;SEMANA;;VERÃO 2017;;1
00467;VESTIDO GARDENIA;SEMANA;;VERÃO 2017;;1
00468;VESTIDO ROMA GARDENIA;SEMANA;;VERÃO 2017;;1
00469;CROPPED TRANSPASSADO COQUEIRAL;SEMANA;;VERÃO 2017;;1
00470;PANTACOURT FREE COQUEIRAL;SEMANA;;VERÃO 2017;;1
00471;SAIA TRANSPASSADA COQUEIRAL;SEMANA;;VERÃO 2017;;1
00473;VESTIDO LONGO ROMA;SEMANA;;VERÃO 2017;;1
00474;MACAQUINHO ROMA;SEMANA;;VERÃO 2017;;1
00475;BLUSA 1/4 BOTOES LEQUE;SEMANA;;VERÃO 2017;;1
00476;SAIA TRANSPASSADA MIDI LEQUE;SEMANA;;VERÃO 2017;;2
00477;VESTIDO GEOMETRICO LEQUE;SEMANA;;VERÃO 2017;;1
00478;REGATA LIBERTY;SEMANA;;OFF;;8
00479;REGATA LIBERTY LEQUE;SEMANA;;VERÃO 2017;;1
00480;MACACAO MIDI TRANCADO;SEMANA;;VERÃO 2017;;3
00481;REGATA DEBRUM;SEMANA;;VERÃO 2017;;1
00482;REGATA DEBRUM;SEMANA;;OFF;;3
00483;REGATA DEBRUM MARINHO/OFF;SEMANA;;VERÃO 2017;;1
00484;REGATA DEBRUM BEGE/PRETA;SEMANA;;VERÃO 2017;;1
00485;REGATA DEBRUM MINIMAL;SEMANA;;VERÃO 2017;;1
00486;VESTIDO LIBERTY MINIMAL;SEMANA;;VERÃO 2017;;1
00487;PANTACOURT MINIMAL;SEMANA;;VERÃO 2017;;1
00488;VESTIDO MINIMAL;SEMANA;;VERÃO 2017;;1
00489;MACACAO MIDI TRANCADO;SEMANA;;VERÃO 2017;;1
00490;REGATA LIBERTY FLORAL;SEMANA;;VERÃO 2017;;1
00491;VESTIDO PASSAROS NEGROS;SEMANA;;VERÃO 2017;;1
00492;REGATA PASSAROS NEGROS;SEMANA;;VERÃO 2017;;1
00493;BLUSA 2/4 PASSAROS NEGROS;SEMANA;;VERÃO 2017;;1
00494;CHEMISE LISTRAS;SEMANA;;OUTONO/INVERNO 2017;;1
00495;CALCA LACO LISTRAS;SEMANA;;OUTONO/INVERNO 2017;;1
00496;CIGANINHA LISTRAS;SEMANA;;OUTONO/INVERNO 2017;;1
00497;REGATA DEBRUM AMORA;SEMANA;;OUTONO/INVERNO 2017;;1
00498;VESTIDO MIDI AMORA;SEMANA;;OUTONO/INVERNO 2017;;1
00499;PANTACOURT AMORA;SEMANA;;OUTONO/INVERNO 2017;;1
00500;PANTACOURT FREE;SEMANA;;OUTONO/INVERNO 2017;;2
00501;PANTACOURT FREE;SEMANA;;OUTONO/INVERNO 2017;;2
00502;REGATA FRANZIDA;SEMANA;;OUTONO/INVERNO 2017;;3
00503;REGATA BANANEIRA;SEMANA;;OUTONO/INVERNO 2017;;1
00504;MAXI CARDIGAN;SEMANA;;OUTONO/INVERNO 2017;;2
00505;PANTACOURT BANANEIRA;SEMANA;;OUTONO/INVERNO 2017;;1
00506;PANTACOURT LACO LISTRAS LINHO;SEMANA;;OUTONO/INVERNO 2017;;1
00507;VESTIDO TUBINHO LISTRAS LINHO;SEMANA;;OUTONO/INVERNO 2017;;1
00508;REGATA BANANEIRA;SEMANA;;OUTONO/INVERNO 2017;;1
00509;PANTACOURT BANANEIRA;SEMANA;;OUTONO/INVERNO 2017;;1
00510;VESTIDO MIDI BANANEIRA;SEMANA;;OUTONO/INVERNO 2017;;1
00511;VESTIDO MIDI LISTRAS LINHO;SEMANA;;OUTONO/INVERNO 2017;;1
00512;BLUSA 2/4 LISTRAS LINHO;SEMANA;;OUTONO/INVERNO 2017;;1
00513;VESTIDO PENAS;SEMANA;;OUTONO/INVERNO 2017;;1
00514;BLUSA 2/4 PENAS;SEMANA;;OUTONO/INVERNO 2017;;1
00515;MACACAO MIDI CRUZADO PENAS;SEMANA;;OUTONO/INVERNO 2017;;1
00517;PANTACOURT LACO;SEMANA;;OFF;;2
00518;VESTIDO MIDI FENDA FRONTAL;SEMANA;;OUTONO/INVERNO 2017;;4
00519;VESTIDO LONGO TULIPA;SEMANA;;OUTONO/INVERNO 2017;;1
00520;MACAQUINHO MIDI TULIPA;SEMANA;;OUTONO/INVERNO 2017;;1
00521;REGATA TULIPA;SEMANA;;OUTONO/INVERNO 2017;;1
00522;BLUSA BABADO PONTILHISMO;SEMANA;;OUTONO/INVERNO 2017;;1
00523;VESTIDO GOLA PONTILHISMO;SEMANA;;OUTONO/INVERNO 2017;;1
00524;CHEMISE PONTILHISMO;SEMANA;;OUTONO/INVERNO 2017;;1
00525;CHEMISE QUADRICULADA;SEMANA;;OUTONO/INVERNO 2017;;1
00526;CIGANINHA QUADRICULADA;SEMANA;;OUTONO/INVERNO 2017;;1
00527;VESTIDO EVASE LISTRAS;SEMANA;;OUTONO/INVERNO 2017;;1
00528;VESTIDO KIMONO QUADRICULADO;SEMANA;;OUTONO/INVERNO 2017;;1
00529;BLUSA JATIADA;SEMANA;;OUTONO/INVERNO 2017;;1
00530;BLUSA GLITTER;SEMANA;;OUTONO/INVERNO 2017;;1
00531;SAIA TULE;SEMANA;;OUTONO/INVERNO 2017;;1
00532;SAIA PLISSADA;SEMANA;;OUTONO/INVERNO 2017;;1
00533;SAIA PLISSADA;SEMANA;;OUTONO/INVERNO 2017;;1
00534;VESTIDO VELUDO;SEMANA;;OUTONO/INVERNO 2017;;1
00535;TSHIRT BASICA;SEMANA;;OFF;;1
00536;REGATA QUADRICULADA;SEMANA;;OUTONO/INVERNO 2017;;1
00537;VESTIDO MIDI QUADRICULADO;SEMANA;;OUTONO/INVERNO 2017;;1
00538;PANTACOURT QUADRICULADA;SEMANA;;OUTONO/INVERNO 2017;;1
00539;BLUSA 1/4 BOTOES QUADRICULADA;SEMANA;;OUTONO/INVERNO 2017;;1
00540;SAIA MIDI GIRASSOL;SEMANA;;OUTONO/INVERNO 2017;;1
00541;TUNICA GIRASSOL;SEMANA;;OUTONO/INVERNO 2016;;1
00542;CAMISA MANGA 3/4 GIRASSOL;SEMANA;;OUTONO/INVERNO 2017;;1
00543;REGATA GIRASSOL;SEMANA;;OUTONO/INVERNO 2017;;1
00544;CALCA FLARE;SEMANA;;OFF;;2
00545;REGATA PHYTON;SEMANA;;OUTONO/INVERNO 2017;;1
00546;BLUSA BASICA LISTRADA;SEMANA;;OUTONO/INVERNO 2017;;1
00547;MAXI BLUSA TULI PRETO;SEMANA;;OUTONO/INVERNO 2017;;1
00548;VESTIDO LONGO AQUARELA;SEMANA;;OUTONO/INVERNO 2017;;1
00549;CIGANINHA AQUARELA;SEMANA;;OUTONO/INVERNO 2017;;1
00550;VESTIDO TUBINHO;SEMANA;;OUTONO/INVERNO 2017;;2
00551;BLUSA 2/4;SEMANA;;OFF;;2
00552;BLUSA 2/4;SEMANA;;OFF;;4
00553;PANTACOURT POA;SEMANA;;OUTONO/INVERNO 2017;;1
00554;BLUSA BABADO POA;SEMANA;;OUTONO/INVERNO 2017;;1
00555;BLUSA BABADO POA;SEMANA;;OUTONO/INVERNO 2017;;1
00556;VESTIDO LIBERTY POA;SEMANA;;OUTONO/INVERNO 2017;;2
00557;SAIA MIDI POA;SEMANA;;OUTONO/INVERNO 2017;;1
00558;PARKA;SEMANA;;OUTONO/INVERNO 2017;;1
00559;SAIA ENVELOPE;SEMANA;;OUTONO/INVERNO 2017;;2
00560;CAMISA ORIGAMI;SEMANA;;OUTONO/INVERNO 2017;;1
00561;VESTIDO TUBINHO ORIGAMI;SEMANA;;OUTONO/INVERNO 2017;;1
00562;PANTACOURT ORIGAMI;SEMANA;;OUTONO/INVERNO 2017;;1
00563;BLUSA 2/4 ORIGAMI;SEMANA;;OUTONO/INVERNO 2017;;1
00564;PANTALONA TRIBALISTA;SEMANA;;OUTONO/INVERNO 2017;;1
00565;REGATA TRIBALISTA;SEMANA;;OUTONO/INVERNO 2017;;1
00567;REGATA TRACOS;SEMANA;;OUTONO/INVERNO 2017;;1
00568;MACACAO MIDI TRACOS;SEMANA;;OUTONO/INVERNO 2017;;1
00569;VESTIDO CURTO TRACOS;SEMANA;;OUTONO/INVERNO 2017;;1
00570;BLUSA MENDHI TRACO;SEMANA;;OUTONO/INVERNO 2017;;1
00571;CROPPED TRANSPASSADO POA;SEMANA;;OUTONO/INVERNO 2017;;1
00572;PANTACOURT POA;SEMANA;;OUTONO/INVERNO 2017;;1
00573;PANTALONA PARDAL;SEMANA;;OUTONO/INVERNO 2017;;1
00574;BLUSA 2/4 PARDAL;SEMANA;;OUTONO/INVERNO 2017;;1
00575;VESTIDO LONGO PARDAL;SEMANA;;OUTONO/INVERNO 2017;;1
00576;BLUSA BABADO MANGA BARRADA;SEMANA;;OUTONO/INVERNO 2017;;1
00577;PANTALONA BARRADA;SEMANA;;OUTONO/INVERNO 2017;;1
00578;VESTIDO LONGO BARRADA;SEMANA;;OUTONO/INVERNO 2017;;1
00579;REGATA BARRADA;SEMANA;;OUTONO/INVERNO 2017;;1
00580;MACACAO MIDI DEBRUM;SEMANA;;OUTONO/INVERNO 2017;;1
00581;TSHIRT BOLSO;SEMANA;;OUTONO/INVERNO 2017;;1
00582;BLUSA TROPICAL;SEMANA;;OUTONO/INVERNO 2017;;1
00583;KIMONO TROPICAL;SEMANA;;OUTONO/INVERNO 2017;;1
00584;PANTACOURT BOTAO;SEMANA;;OUTONO/INVERNO 2017;;1
00586;VESTIDO LONGO BOTOES;SEMANA;;OUTONO/INVERNO 2017;;1
00587;VESTIDO LONGO BOTOES TROPICAL;SEMANA;;OUTONO/INVERNO 2017;;1
00588;REGATA DEBRUM TROPICAL;SEMANA;;OUTONO/INVERNO 2017;;1
00589;CROPPED TRANSP FLORAL MINI;SEMANA;;OUTONO/INVERNO 2017;;1
00590;VESTIDO LONGO FLORAL MINI;SEMANA;;OUTONO/INVERNO 2017;;1
00591;PANTACOURT LACO TROPICAL;SEMANA;;OUTONO/INVERNO 2017;;1
00592;VESTIDO CURTO TROPICAL;SEMANA;;OUTONO/INVERNO 2017;;1
00593;SAIA TRANSPASSADA TROPICAL;SEMANA;;OUTONO/INVERNO 2017;;2
00594;VESTIDO CURTO FLORAL MINI;SEMANA;;OFF;;1
00595;REGATA FLORAL MINI;SEMANA;;OUTONO/INVERNO 2017;;1
00599;BODY GOLA ML;SEMANA;;OFF;;3
00600;REGATA POA;SEMANA;;OUTONO/INVERNO 2017;;1
00601;VESTIDO POA;SEMANA;;OUTONO/INVERNO 2017;;1
00602;BLUSA MANGA POA;SEMANA;;OUTONO/INVERNO 2017;;1
00603;REGATA TROPICAL;SEMANA;;OUTONO/INVERNO 2017;;1
00604;REGATA PENAS;SEMANA;;OUTONO/INVERNO 2017;;1
00605;REGATA TRACOS;SEMANA;;OUTONO/INVERNO 2017;;1
00606;REGATA PB;SEMANA;;OUTONO/INVERNO 2017;;1
00607;REGATA AMORA;SEMANA;;OUTONO/INVERNO 2017;;1
00608;CROPPED BOTOES;SEMANA;;OFF;;3
00609;CROPPED BOTOES;SEMANA;;OUTONO/INVERNO 2017;;1
00610;VESTIDO LINHO CLEAN;SEMANA;;OUTONO/INVERNO 2017;;1
00611;MACACAO LINHO CLEAN;SEMANA;;OUTONO/INVERNO 2017;;1
00612;BLUSA MINI GEOMETRICO;SEMANA;;OUTONO/INVERNO 2017;;1
00613;REGATA DEBRUM PIRAMIDE;SEMANA;;OUTONO/INVERNO 2017;;1
00614;BLAZER ALONGADO;SEMANA;;OUTONO/INVERNO 2017;;3
00615;REGATA BOTOES;SEMANA;;OFF;;2
00616;REGATA BOTOES GEO MINI;SEMANA;;OUTONO/INVERNO 2017;;1
00617;CALCA SKINNY CINTURA ALTA;SEMANA;;OUTONO/INVERNO 2017;;1
00618;CALCA SKINNY CINTURA ALTA;SEMANA;;OUTONO/INVERNO 2017;;1
00619;MACACAO PRETO FAIXAS;SEMANA;;OUTONO/INVERNO 2017;;1
00620;BLUSA 2/4 LUREX;SEMANA;;OUTONO/INVERNO 2016;;1
00621;SAIA TRANSP LINHA;SEMANA;;OUTONO/INVERNO 2017;;1
00622;PANTACOURT LISTRAS PB;SEMANA;;OUTONO/INVERNO 2017;;1
00623;REGATA TRAPEZIO LINHA;SEMANA;;OUTONO/INVERNO 2017;;1
00624;MACACAO LISTRAS PB;SEMANA;;OUTONO/INVERNO 2017;;1
00625;VESTIDO LISTRAS PB;SEMANA;;OUTONO/INVERNO 2017;;1
00626;PANTACOURT TRANCA;SEMANA;;OUTONO/INVERNO 2017;;4
00627;PANTACOURT TRANCA LINHA;SEMANA;;OUTONO/INVERNO 2017;;1
00628;BLUSA MANGA SEDA PETROLEO;SEMANA;;OUTONO/INVERNO 2017;;1
00629;REGATA SEDA PETROLEO;SEMANA;;OUTONO/INVERNO 2017;;1
00630;VESTIDO SEDA PETROLEO;SEMANA;;OUTONO/INVERNO 2017;;1
00631;CROPPED VALENCIA;SEMANA;;OUTONO/INVERNO 2017;;1
00632;BLUSA 2/4 VALENCIA;SEMANA;;OUTONO/INVERNO 2017;;1
00634;MACACAO MIDI VALENCIA;SEMANA;;OUTONO/INVERNO 2017;;1
00635;CROPPED LINHO GALHOS;SEMANA;;OUTONO/INVERNO 2017;;1
00636;PANTALONA LINHO GALHOS;SEMANA;;OUTONO/INVERNO 2017;;1
00637;CHEMISE LISTRAS COTTON;SEMANA;;OUTONO/INVERNO 2017;;1
00638;MACACAO LISTRAS COTTON;SEMANA;;OUTONO/INVERNO 2017;;1
00639;REGATA SEDA PINCEL;SEMANA;;OUTONO/INVERNO 2017;;1
00665;SAIA LONGA FLORAL MINI;SEMANA;;OUTONO/INVERNO 2017;;1
00666;SAIA LONGA;SEMANA;;OUTONO/INVERNO 2017;;1
00667;REGATA LISTRA COLOR;SEMANA;;OUTONO/INVERNO 2016;;1
00668;PANTACOURT LISTRA COLOR;SEMANA;;OUTONO/INVERNO 2017;;1
00669;CROPPED LISTRA COLOR;SEMANA;;OUTONO/INVERNO 2017;;1
00670;CALCA LISTRA MARINHO;SEMANA;;OUTONO/INVERNO 2017;;1
00671;MACACAO MIDI LISTRA MARINHO;SEMANA;;OUTONO/INVERNO 2017;;1
00672;BLUSA SEDA PINCEL;SEMANA;;OUTONO/INVERNO 2017;;1
00673;VESTIDO LISTRAS BANDEIRA;SEMANA;;OUTONO/INVERNO 2017;;2
00674;MACACAO LISTRA BANDEIRA;SEMANA;;OUTONO/INVERNO 2017;;1
00675;REGATA SEDA PINCEL;SEMANA;;OUTONO/INVERNO 2017;;1
00676;SAIA TRANSP SEDA PINCEL;SEMANA;;OUTONO/INVERNO 2017;;1
00677;BLUSA SEDA PINCEL;SEMANA;;OUTONO/INVERNO 2017;;1
00678;CALCA BOY LISTRA MARINHO;SEMANA;;OUTONO/INVERNO 2017;;1
00679;MACACAO MIDI LISTRA MARINHO;SEMANA;;OUTONO/INVERNO 2017;;1
00680;RINCONPRINT L17639DGZ1;SEMANA;;OUTONO/INVERNO 2017;;1
00681;LONDONPRINT L17170 DGZ1;SEMANA;;OUTONO/INVERNO 2017;;1
00682;RINCONPRINT 7168 DGTS1;SEMANA;;OUTONO/INVERNO 2017;;1
00683;MACACAO LIBERTY;SEMANA;;OUTONO/INVERNO 2017;;3
00684;VESTIDO FLY;SEMANA;;OUTONO/INVERNO 2017;;3
00685;REGATA TRAPEZIO COLOR;SEMANA;;OUTONO/INVERNO 2017;;2
00686;CIGANINHA COLOR;SEMANA;;OUTONO/INVERNO 2017;;1
00687;CALCA LACO LISTRA COLOR;SEMANA;;OUTONO/INVERNO 2017;;1
00688;REGATA COLOR MARINHO;SEMANA;;OFF;;1
00689;MACACAO MIDI COLOR;SEMANA;;OUTONO/INVERNO 2017;;1
00690;PANTACOURT LIRIO;SEMANA;;OUTONO/INVERNO 2017;;1
00691;REGATA MAORI;SEMANA;;VERÃO 2018;;1
00692;PANTALONA MAORI;SEMANA;;VERÃO 2018;;1
00693;REGATA LIRIO;SEMANA;;VERÃO 2018;;1
00694;MACACAO LIBERTY COLOR;SEMANA;;VERÃO 2018;;2
00695;VESTIDO COLOR;SEMANA;;VERÃO 2018;;1
00696;MACACAO ALCAS COLOR;SEMANA;;VERÃO 2018;;1
00697;SHORT DETONADO;SEMANA;;VERÃO 2018;;1
00699;REGATA CODE;SEMANA;;VERÃO 2018;;1
00702;REGATA FOG;SEMANA;;VERÃO 2018;;1
00703;VESTIDO FOG;SEMANA;;VERÃO 2018;;1
00704;CAMISA BOTOES BABADO;SEMANA;;VERÃO 2018;;3
00705;CALCA BASICA FLARE;SEMANA;;VERÃO 2018;;1
00706;VESTIDO LABIRINTO;SEMANA;;VERÃO 2018;LABIRINTO;1
00707;REGATA LABIRINTO;SEMANA 20;;VERÃO 2018;LABIRINTO;1
00708;REGATA LIBERTY VICHY;SEMANA;;VERÃO 2018;;1
00709;SHORT LABIRINTO;SEMANA 20;;VERÃO 2018;LABIRINTO;1
00710;PANTALONA LACO VICHY;SEMANA;;VERÃO 2018;;1
00713;CALCA SKINNY DESFIADA;SEMANA;;OFF;;2
00714;MACACAO MIDI DEBRUM;SEMANA;;VERÃO 2018;;2
00715;REGATA LIMA;SEMANA;;VERÃO 2018;;1
00719;PANTALONA BARRA OFF;SEMANA;;VERÃO 2018;;1
00720;BLUSA SATURDAY;SEMANA;;VERÃO 2018;;1
00721;BLUSA BEHIND;SEMANA;;OFF;;1
00722;REGATA LACO VERDE;SEMANA;;VERÃO 2018;;1
00723;CAMISA LISTRAS AZUL;SEMANA;;VERÃO 2018;;1
00724;PANTALONA FENDAS SEMENTE;SEMANA;;VERÃO 2018;;1
00725;VESTIDO SEMENTE;SEMANA;;VERÃO 2018;;1
00738;BLUSA GOLA CREPE;SEMANA;;OFF;;1
00739;VESTIDO LIMA;SEMANA;;VERÃO 2018;;1
00744;PANTALONA COS TRANCA;SEMANA;;VERÃO 2018;;1
00745;SHORT VERAO18;SEMANA;;VERÃO 2018;;1
00746;VESTIDO ANO NOVO;SEMANA;;VERÃO 2018;;1
00747;REGATA CREPE BABADO;SEMANA;;OFF;;1
00753;PANTALONA CALIFORNIA;SEMANA;;VERÃO 2018;;1
00754;VESTIDO FLY ORIENTAL;SEMANA;;VERÃO 2018;;1
00756;REGATA ORIENTAL;SEMANA;;VERÃO 2018;;1
00757;BLUSA LACO TROPICAL;SEMANA;;VERÃO 2018;;1
00758;CAMISA SINO TROPICAL;SEMANA;;VERÃO 2018;;1
00759;CALCA LINHO LISTRAS;SEMANA;;VERÃO 2018;;2
00760;BLUSA BEAUTIFUL;SEMANA;;VERÃO 2018;;1
00761;BLUSA SALUT;SEMANA;;VERÃO 2018;;1
00762;BLUSA YELLOW;SEMANA;;VERÃO 2018;;1
00763;CALCA BARRA ITALIANA;SEMANA;;VERÃO 2018;;2
00764;REGATA OFF CLEAN;SEMANA;;VERÃO 2018;;1
00765;MACACAO MIDI CODE;SEMANA;;VERÃO 2018;;1
00766;PANTALONA LACO CRU;SEMANA;;VERÃO 2018;;2
00767;SAIA MIDI LINHO;SEMANA;;VERÃO 2018;;1
00768;VESTIDO LACO LINHO;SEMANA;;VERÃO 2018;;2
00769;MACACAO EMPIRE;SEMANA;;VERÃO 2018;;3
00770;CALCA PINCELADA;SEMANA;;VERÃO 2018;;1
00771;SAIA LINHO ABACAXI;SEMANA;;VERÃO 2018;;3
00772;CROPPED LINHO;SEMANA;;VERÃO 2018;;3
00773;SAIA TRANSP ORIENTAL;SEMANA;;VERÃO 2018;;1
00774;CAMISARIA BORDADA OFF;SEMANA;;VERÃO 2018;;1
00775;SAIA LONGA PENAS;SEMANA;;VERÃO 2018;;1
00776;CAMISA LISTRA FINA;SEMANA;;VERÃO 2018;;1
00777;REGATA ENTREMEIO;SEMANA;;VERÃO 2018;;1
00778;BLUSA TAXAS;SEMANA;;VERÃO 2018;;2
00779;PANTACOURT LACO LINHO;SEMANA;;VERÃO 2018;;6
00780;SAIA MIDI BOTOES FENDA;SEMANA;;VERÃO 2018;;1
00781;PANTACOURT ELASTICO;SEMANA;;VERÃO 2018;;6
00782;PANTALONA ELASTICO;SEMANA;;VERÃO 2018;;2
00783;REGATA BORDADA;SEMANA;;VERÃO 2018;;1
00784;PANTACOURT TERRACOTA;SEMANA;;VERÃO 2018;;1
00785;CROPPED GRAY;SEMANA;;OFF;;1
00786;REGATA TRICOLOR;SEMANA;;VERÃO 2018;;3
00787;VESTIDO TRICOLOR;SEMANA;;VERÃO 2018;;3
00788;PANTACOURT XADREZ;SEMANA;;VERÃO 2018;;1
00789;SHORT (18);SEMANA;;VERÃO 2018;;1
00790;SHORT XADREZ;SEMANA;;VERÃO 2018;;1
00791;BODY SIMPLE;SEMANA;;VERÃO 2018;;1
00792;SHORT LINHO FAIXA;SEMANA;;VERÃO 2018;;1
00793;VESTIDO LINHO CORDA;SEMANA;;VERÃO 2018;;1
00794;REGATA LINHO LISTRAS;SEMANA;;VERÃO 2018;;2
00795;BODY COMPLEX;SEMANA;;VERÃO 2018;;1
00796;BLAZER NEOPRENE;SEMANA;;VERÃO 2018;;1
00797;MACACAO MIDI NIGHT;SEMANA;;VERÃO 2018;;1
00798;BLUSA SAFIRA BORDADA;SEMANA;;VERÃO 2018;;1
00799;BLUSA SAFIRA;SEMANA;;VERÃO 2018;;1
00800;REGATA LAZULI;SEMANA;;VERÃO 2018;;5
00801;CAMISA BABADO FRENTE;SEMANA;;VERÃO 2018;;1
00802;VESTIDO BASIC POSITIVO;SEMANA;;VERÃO 2018;;1
00803;VESTIDO BASIC TERRACOTA;SEMANA;;VERÃO 2018;;1
00804;VESTIDO BASIC FOLHAGEM;SEMANA;;VERÃO 2018;;1
00805;VESTIDO BASIC NIGHT;SEMANA;;VERÃO 2018;;1
00806;VESTIDO BASIC CALIFORNIA;SEMANA;;VERÃO 2018;;1
00807;PANTACOURT LACO LAZULI;SEMANA;;VERÃO 2018;;1
00808;MACACAO MIDI LAZULI;SEMANA;;VERÃO 2018;;1
00809;MACACAO MIDI;SEMANA;;VERÃO 2018;;2
00810;MACACAO MIDI DEBRUM;SEMANA;;VERÃO 2018;;2
00811;MACACAO MIDI DEBRUM;SEMANA;;VERÃO 2018;;2
00812;MACACAO BANDEIRA MENTA;SEMANA;;VERÃO 2018;;1
00813;MACACAO BANDEIRA LISO;SEMANA;;VERÃO 2018;;2
00814;MACACAO BANDEIRA POSITIVO;SEMANA;;VERÃO 2018;;1
00815;VESTIDO MIDI FENDA ZODIACO;SEMANA;;VERÃO 2018;;1
00822;VESTIDO MIDI OFF CLEAN;SEMANA;;VERÃO 2018;;1
00823;MACACAO LIBERTY DUBAI;SEMANA;;VERÃO 2018;;1
00824;VESTIDO ROMA FOLHAGEM;SEMANA;;VERÃO 2018;;1
00825;VESTIDO 2/4 FRESH OFF;SEMANA;;VERÃO 2018;;1
00826;REGATA SANTORINI;SEMANA;;VERÃO 2018;;1
00827;REGATA ROMANTIC;SEMANA;;VERÃO 2018;;1
00828;REGATA FRESH MARINHO;SEMANA;;VERÃO 2018;;1
00829;REGATA SAFIRA BORDADA;SEMANA;;VERÃO 2018;;1
00830;MACACAO MIDI NEW TURQUESA;SEMANA;;VERÃO 2018;;2
00831;MACAQUINHO LINHO;SEMANA;;VERÃO 2017;;4
00832;SHORT CLOCHARD LINHO;SEMANA;;VERÃO 2018;;5
00833;VESTIDO MIDI LINHO;SEMANA;;VERÃO 2018;;3
00834;VESTIDO COLOR LIBERTY;SEMANA;;VERÃO 2018;;1
00835;VESTIDO LIBERTY FOG;SEMANA;;VERÃO 2018;;1
00836;VESTIDO LIBERTY NAVY;SEMANA;;VERÃO 2018;;1
00837;VESTIDO LIBERTY POA MINI;SEMANA;;VERÃO 2018;;1
00838;VESTIDO LIBERTY FRESH;SEMANA;;VERÃO 2018;;1
00839;VESTIDO FLY TURQUESA;SEMANA;;VERÃO 2018;;1
00840;VESTIDO FLY LIRIO NUDE;SEMANA;;VERÃO 2018;;1
00841;VESTIDO FLY ROMANTIC;SEMANA;;VERÃO 2018;;1
00842;MACACAO MIDI CLOCHARD LINHO;SEMANA;;VERÃO 2018;;6
00843;SHORT ZIPER;SEMANA;;VERÃO 2018;;2
00844;BODY COSTAS CAVADA;SEMANA;;VERÃO 2018;;1
00845;VESTIDO TRICOLOR 2;SEMANA;;VERÃO 2018;;2
00846;BLUSA PURPURINA;SEMANA;;VERÃO 2018;;1
00848;SHORT LACO FREE;SEMANA;;VERÃO 2018;;3
00849;MACAQUINHO BABADO;SEMANA;;VERÃO 2018;;1
00850;MACACAO FOLHAGEM;SEMANA;;VERÃO 2018;;1
00851;BODY COSTAS QUADRADA;SEMANA;;VERÃO 2018;;1
00852;BLUSA 2/4 FOG;SEMANA;;VERÃO 2018;;1
00853;BLUSA 2/4 POA MINI;SEMANA;;VERÃO 2018;;2
00854;BLUSA 2/4 CRU;SEMANA;;OFF;;1
00855;BODY;SEMANA;;VERÃO 2018;;1
00856;PANTALONA BASIC DUBAI;SEMANA;;VERÃO 2018;;1
00857;PANTALONA BASIC FRESH MARINHO;SEMANA;;VERÃO 2018;;1
00858;PANTALONA BASIC SANTORINI;SEMANA;;VERÃO 2018;;1
00859;SHORT LACO POA MINI;SEMANA;;VERÃO 2018;;2
00860;VESTIDO ENVELOPE;SEMANA;;VERÃO 2018;;2
00861;VESTIDO ENVELOPE UNIVERSO;SEMANA;;VERÃO 2018;;1
00862;REGATA LIRIO NUDE;SEMANA;;VERÃO 2018;;1
00863;REGATA MENTA;SEMANA;;VERÃO 2018;;1
00864;CROPPED SUMMER TERRACOTA;SEMANA;;VERÃO 2018;;1
00865;CROPPED SUMMER;SEMANA;;VERÃO 2018;;3
00866;BLUSA FRESH OFF;SEMANA;;VERÃO 2018;;1
00867;BLUSA ROMANTIC;SEMANA;;VERÃO 2018;;1
00868;SAIA ENVELOPE POA MINI;SEMANA;;VERÃO 2018;;1
00869;REGATA CITRINE;SEMANA;;VERÃO 2018;;1
00870;CALCA BOY CITRINE;SEMANA;;VERÃO 2018;;1
00871;VESTIDO LONGO CITRINE;SEMANA;;VERÃO 2018;;1
00872;MACACAO FRESH CRU;SEMANA;;VERÃO 2018;;1
00873;MACACAO FRESH POA MINI;SEMANA;;VERÃO 2018;;1
00874;CROPPED BERLIM;SEMANA;;VERÃO 2018;;1
00875;PANTALONA BERLIM;SEMANA;;VERÃO 2018;;1
00876;REGATA CALIFORNIA;SEMANA;;VERÃO 2018;;1
00877;REGATA ZODIACO;SEMANA;;VERÃO 2018;;1
00878;REGATA FRESH;SEMANA;;VERÃO 2018;;1
00879;CROPPED UNIVERSO;SEMANA;;OFF;UNIVERSO;1
00880;CROPPED MANGAS BOTOES;SEMANA;;OFF;;1
00881;REGATA VENEZA;SEMANA;;VERÃO 2018;;1
00882;MACACAO MIDI UNIVERSO;SEMANA;;OFF;UNIVERSO;1
00883;VESTIDO VENEZA;SEMANA;;VERÃO 2018;;1
00884;VESTIDO FOLIA;SEMANA;;VERÃO 2018;;1
00886;MACACAO MIDI BERLIM;SEMANA;;VERÃO 2018;;1
00887;REGATA FOLIA;SEMANA;;VERÃO 2018;;1
00891;CAMISARIA NAVY;SEMANA;;VERÃO 2018;;1
00892;VESTIDO MIDI SANTORINI;SEMANA;;VERÃO 2018;;1
00893;VESTIDO CURTO SANTORINI;SEMANA;;OFF;;1
00894;MACACAO MIDI SOFT POA MINI;SEMANA;;VERÃO 2018;;2
00895;MACACAO BABADO VENEZA;SEMANA;;VERÃO 2018;;1
00897;BODY LADY;SEMANA;;VERÃO 2018;;2
00898;PANTACOURT UNIVERSO;SEMANA;;VERÃO 2018;;1
00899;REGATA TERRACOTA;SEMANA;;VERÃO 2018;;1
00900;CAMISARIA AJOUR;SEMANA;;VERÃO 2018;;1
00901;VESTIDO ENVELOPE AJOUR;SEMANA;;VERÃO 2018;;1
00902;VESTIDO LONGO AJOUR;SEMANA;;VERÃO 2018;;1
00910;CONJUNTO LILLY;SEMANA;;VERÃO 2018;;2
00911;PONTO DE LUZ;SEMANA;;VERÃO 2018;;1
00912;MACACAO MIDI POA PALMEIRA;SEMANA;;VERÃO 2018;;1
00913;REGATA POA VERDE;SEMANA;;VERÃO 2018;;1
00914;PANTALONA POA VERDE;SEMANA;;VERÃO 2018;;1
00915;VESTIDO COOL POA VERDE;SEMANA;;VERÃO 2018;;2
00916;MACACAO MIDI VENEZA;SEMANA;;VERÃO 2018;;1
00917;VESTIDO LONGO POA PALMEIRA;SEMANA;;VERÃO 2018;;1
00918;REGATA BRUMA;SEMANA;;VERÃO 2018;;1
00919;REGATA RETRO;SEMANA;;VERÃO 2018;;1
00920;CALCA SKINNY;SEMANA;;OFF;;2
00921;MACACAO MIDI POA VERDE;SEMANA;;VERÃO 2018;;1
00922;BLUSA POA VERDE;SEMANA;;VERÃO 2018;;1
00923;SHORT FOLHAGEM;SEMANA;;VERÃO 2018;;1
00924;CALCA CLOCHARD RETRO NUDE;SEMANA;;VERÃO 2018;;1
00925;CALCA CLOCHARD RETRO;SEMANA;;VERÃO 2018;;1
00926;VESTIDO RETRO;SEMANA;;VERÃO 2018;;1
00927;BLUSA POA PLAMEIRA;SEMANA;;VERÃO 2018;;1
00928;VESTIDO LUNAR;SEMANA;;VERÃO 2018;;1
00929;CIGANINHA POA PALMEIRA;SEMANA;;VERÃO 2018;;1
00930;REGATA POA PALMEIRA;SEMANA;;VERÃO 2018;;1
00931;MACACAO MIDI SOFT LISBOA;SEMANA;;VERÃO 2018;;1
00934;MACACAO MIDI FREE LISBOA;SEMANA;;VERÃO 2018;;1
00935;MACACAO MIDI FREE AMSTERDA;SEMANA;;VERÃO 2018;;1
00936;SAIA LUNAR;SEMANA;;VERÃO 2018;;1
00937;BLUSA GOTA AMSTERDA;SEMANA;;VERÃO 2018;CACTO;1
00938;BLUSA GOTA;SEMANA;;OFF;;1
00940;CALCA BOY LUNAR;SEMANA;;VERÃO 2018;;1
00941;PANTACOURT LUNAR;SEMANA;;VERÃO 2018;;1
00942;CROP TRANSP LUNAR;SEMANA;;VERÃO 2018;;1
00943;REGATA AMSTERDA;SEMANA;;OFF;;1
00944;BLUSA GOTA;SEMANA;;OFF;;2
00949;VESTIDO LISBOA PRETO;SEMANA;;INVERNO 2018;;1
00950;MACACAO GEO MINI;SEMANA;;VERÃO 2018;;1
00951;MACACAO MIDI LISTRA MOSTARDA;SEMANA;;INVERNO 2018;;1
00952;BLUSA BAINHA DUO;SEMANA;;OFF;;2
00953;CROPPED BASIC;SEMANA;;OFF;;4
00957;CROPPED LISTRA MOSTARDA;SEMANA;;INVERNO 2018;;1
00958;REGATA LISBOA;SEMANA;;INVERNO 2018;;1
00959;CAMISARIA GARDEN;SEMANA;;INVERNO 2018;;2
00960;CROPPED GARDEN;SEMANA;;INVERNO 2018;;1
00961;BLUSA GARDEN;SEMANA;;INVERNO 2018;;1
00964;PANTALONA SPORT GARDEN;SEMANA;;INVERNO 2018;;1
00965;CIGANINHA LACO;SEMANA;;OFF;;1
00968;VESTIDO MIDI GARDEN;SEMANA;;INVERNO 2018;;1
00969;SAIA ENVELOPE NEW;SEMANA;;INVERNO 2018;;2
00970;SAIA TRANSP PARDAL;SEMANA;;INVERNO 2018;;1
00972;REGATA DECOTE DUO;SEMANA;;OFF;;6
00973;REGATA GARDEN;SEMANA;;INVERNO 2018;;1
00974;CIGANINHA GARDEN;SEMANA;;INVERNO 2018;;1
00975;SAIA MIDI BOTOES;SEMANA;;INVERNO 2018;;3
00976;REGATA VIVO BICOLOR;SEMANA;;INVERNO 2018;;4
00977;PANTACOURT BICOLOR;SEMANA;;OFF;;1
00978;MACACAO MIDI NICE DETALHE;SEMANA;;INVERNO 2018;NICE;1
00980;VESTIDO MIDI MILITAR;SEMANA;;INVERNO 2018;;1
00982;VESTIDO ENVELOPE DETALHE;SEMANA;;INVERNO 2018;;2
00983;VESTIDO MIDI DETALHE;SEMANA;;INVERNO 2018;;1
00984;MACACAO MIDI MILITAR;SEMANA;;INVERNO 2018;;2
00985;MACACAO PRINCIPE DE GALES;SEMANA;;INVERNO 2018;;1
00986;PANTALONA PRINCIPE DE GALES;SEMANA;;INVERNO 2018;;1
00987;CAMISA DETALHE;SEMANA;;INVERNO 2018;;2
00988;MACACAO MIDI NEW DETALHE;SEMANA;;INVERNO 2018;;3
00989;CAMISA BOHO;SEMANA;;OFF;;2
00996;REGATA BOHO;SEMANA;;OFF;;2
01003;MACACAO HIBISCO;SEMANA;;INVERNO 2018;;1
01006;MAXI CARDIGAN LISTRADO;SEMANA;;INVERNO 2018;;1
01008;VESTIDO HIBISCO;SEMANA;;INVERNO 2018;;1
01009;VESTIDO HIBISCO LISO;SEMANA;;INVERNO 2018;;1
01010;TSHIRT CANELADA;SEMANA;;INVERNO 2018;;1
01013;MAXI CARDIGAN;SEMANA;;INVERNO 2018;;4
01014;BLUSA 3/4 BICOLOR;SEMANA;;INVERNO 2018;;3
01017;BLUSA SINO MOSCOU;SEMANA;;INVERNO 2018;;1
01020;MACACAO MIDI MOSCOU;SEMANA;;INVERNO 2018;;1
01023;CROPPED MOSCOU;SEMANA;;INVERNO 2018;;1
01024;VESTIDO MIDI ECLIPSE;SEMANA;;INVERNO 2018;;1
01025;CROPPED TRANSP ML;SEMANA;;OFF;;2
01026;CROPPED POA MADRI;SEMANA;;OFF;;1
01027;PANTALONA VIVO MOSCOU;SEMANA;;INVERNO 2018;;1
01029;MACACAO MIDI SOFT MOSCOU;SEMANA;;INVERNO 2018;;1
01030;BLUSA 2/4;SEMANA;;OFF;;4
01031;BLUSA 2/4 MOSCOU;SEMANA;;INVERNO 2018;;1
01033;KIMONO;SEMANA;;INVERNO 2018;;1
01034;JAQUETA INV18;SEMANA;;INVERNO 2018;;1
01036;PANTALONA POA MADRI;SEMANA;;INVERNO 2018;;1
01037;PANTALONA INV18;SEMANA;;OFF;;3
01038;BODY VIES;SEMANA;;INVERNO 2018;;3
01039;REGATA POA MADRI;SEMANA;;INVERNO 2018;;1
01040;VESTIDO RISCA DE GIZ;SEMANA;;INVERNO 2018;;1
01041;CALCA CASUAL RISCA DE GIZ;SEMANA;;INVERNO 2018;;1
01042;CROPPED NEW;SEMANA;;INVERNO 2018;;1
01043;PANTACOURT SUCRE;SEMANA;;INVERNO 2018;;1
01045;PANTALONA ELASTICO NEW;SEMANA;;INVERNO 2018;;4
01046;CALCA CASUAL PIED POULE;SEMANA;;OFF;;1
01047;SAIA MIDI TRICOT;SEMANA;;INVERNO 2018;;1
01048;REGATA PIED POULE;SEMANA;;INVERNO 2018;;1
01049;MINI BUCKET BAG;SEMANA;;INVERNO 2018;;1
01051;PANTACOURT TRANSPASSADA;SEMANA;;INVERNO 2018;;1
01053;REGATA ECLIPSE;SEMANA;;INVERNO 2018;;1
01054;REGATA CAVA AMERICANA;SEMANA;;OFF;;2
01055;VESTIDO LONGO BUQUE;SEMANA;;INVERNO 2018;;1
01056;MACACAO LONGO NEW DETALHE;SEMANA;;INVERNO 2018;;1
01057;PANTACOURT SAVANA;SEMANA;;INVERNO 2018;;1
01058;MACACAO LONGO SUCRE;SEMANA;;INVERNO 2018;;1
01059;VESTIDO CANELADO GOLA;SEMANA;;INVERNO 2018;;1
01062;REGATA SAVANA;SEMANA;;INVERNO 2018;;1
01063;CAMISARIA INV18;SEMANA;;INVERNO 2018;;3
01064;MACACAO MIDI INDIANA;SEMANA;;INVERNO 2018;;1
01065;MACACAO LONGO ADAO;SEMANA;;INVERNO 2018;;1
01066;REGATA CHEVRON;SEMANA;;OFF;;1
01068;CROPPED LISTRAS TRICOT;SEMANA;;INVERNO 2018;;1
01069;MACACAO LONGO CHEVRON;SEMANA;;OFF;;1
01070;PANTALONA BAMBU;SEMANA;;INVERNO 2018;;1
01072;MAXI CARDIGAN PLISSADO;SEMANA;;INVERNO 2018;;2
01076;MACACAO MIDI BAMBU;SEMANA;;INVERNO 2018;;1
01077;PANTACOURT FIVELA;SEMANA;;INVERNO 2018;;1
01078;BLUSA MAXI TRICOT;SEMANA;;INVERNO 2018;;2
01079;BLUSA TRICOT MANGA SINO;SEMANA;;INVERNO 2018;;1
01080;CAMISARIA POA BAMBU;SEMANA;;INVERNO 2018;;1
01081;MACACAO LIBERTY POA BAMBU;SEMANA;;INVERNO 2018;;1
01083;PANTACOURT DETALHE VIVO;SEMANA;;INVERNO 2018;;1
01087;PANTALONA POA BAMBU;SEMANA;;INVERNO 2018;;1
01088;BLAZER PONTO ROMA;SEMANA;;INVERNO 2018;;2
01089;REGATA POA BAMBU;SEMANA;;INVERNO 2018;;1
01091;BLAZER PONTAS;SEMANA;;INVERNO 2018;;1
01093;VESTIDO TUBINHO PB;SEMANA;;INVERNO 2018;;1
01096;BLUSA ML BASICA;SEMANA;;OFF;;3
01098;CALCA BOY LACO;SEMANA;;OFF;;1
01099;BLUSA BAINHA DUPLA;SEMANA;;OFF;;6
01103;BLUSA COOL;SEMANA;;OFF;;5
01104;REGATA CHEVRON LINHO;SEMANA;;VERÃO 2019;;1
01105;CAMISA GOLA PE;SEMANA;;VERÃO 2019;;1
01107;PANTACOURT POLI;SEMANA;;VERÃO 2019;;1
01108;CALCA BOY POLI;SEMANA;;VERÃO 2019;;1
01112;MACACAO LISTRAS POLI;SEMANA;;VERÃO 2019;;1
01113;REGATA LISTRAS POLI;SEMANA;;OFF;;2
01114;PANTACOURT LACO NEW;SEMANA;;VERÃO 2019;;1
01115;CALCA BOY ELASTICO;SEMANA;;VERÃO 2019;;1
01116;PANTALONA GRAY STRIPE;SEMANA;;VERÃO 2019;;1
01117;MACACAO MIDI NEW LINHO;SEMANA;;VERÃO 2019;;1
01118;CROPPED ZIPER LINHO;SEMANA;;VERÃO 2019;;1
01120;BLUSA 2/4 POLI;SEMANA;;VERÃO 2019;;1
01121;BLUSA MARITIMA;SEMANA;;VERÃO 2019;;1
01122;MACACAO MARITIMA;SEMANA;;VERÃO 2019;;1
01123;CAMISA BOLSO LINHO;SEMANA;;VERÃO 2019;;5
01124;REGATA MISTIC;SEMANA;;VERÃO 2019;;1
01125;CROPPED MISTIC;SEMANA;;OFF;;1
01126;PANTALONA MISTIC;SEMANA;;VERÃO 2019;;1
01128;CALCA FLARE BANDAGEM;SEMANA;;VERÃO 2019;;1
01129;CALCA PANTACOURT CLOCHARD;SEMANA;;VERÃO 2019;;2
01130;CALCA CASUAL;SEMANA;;OFF;;2
01131;CROPPED NEW;SEMANA;;VERÃO 2019;;3
01132;CALCA FLARE BOTOES;SEMANA;;OFF;;1
01133;CROPPED SOLAR;SEMANA;;VERÃO 2019;;1
01134;PANTACOURT SOLAR;SEMANA;;VERÃO 2019;;1
01135;REGATA CHEVRON NEW;SEMANA;;VERÃO 2019;;2
01136;CALCA  BOY PB;SEMANA;;VERÃO 2019;;1
01144;CAMISA BOLSO SATIN;SEMANA;;VERÃO 2019;;4
01145;BLUSA 2/4 SATIN;SEMANA;;OFF;;4
01146;REGATA COOL SATIN;SEMANA;;OFF;;4
01148;CROPPED NO;SEMANA;;OFF;;6
01149;CALCA PANTACOURT CLOCHARD;SEMANA;;VERÃO 2019;;1
01150;CALCA PANTACOURT CLOCHARD;SEMANA;;VERÃO 2019;;3
01151;CIGANINHA;SEMANA;;OFF;;4
01157;REGATA COOL;SEMANA;;OFF;;8
01158;CALCA LACO;SEMANA;;VERÃO 2019;;1
01159;MACACAO MIDI LITORAL;SEMANA;;VERÃO 2019;;1
01160;VESTIDO ROMA FLORAL;SEMANA;;VERÃO 2019;;1
01161;VESTIDO ROMA;SEMANA;;VERÃO 2019;;1
01162;VESTIDO LITORAL;SEMANA;;VERÃO 2019;;1
01165;BODY COOL;SEMANA;;OFF;;2
01166;SAIA ENVELOPE;SEMANA;;VERÃO 2019;;3
01167;CALCA FLARE NEW;SEMANA;;OFF;;2
01168;CALCA SKINNY NEW;SEMANA;;OFF;;2
01169;MACAQUINHO LITORAL;SEMANA;;VERÃO 2019;;1
01170;BLUSA TSHIRT POESIA;SEMANA;;OFF;;6
01172;CALCA BASICA DETALHE;SEMANA;;VERÃO 2019;;2
01173;PANTALONA RESORT;SEMANA;;VERÃO 2019;;2
01174;VESTIDO NO FRONTAL;SEMANA;;VERÃO 2019;;1
01175;MACACAO ATLANTA;SEMANA;;OFF;;3
01177;VESTIDO LIBERTY MIDI;SEMANA;;VERÃO 2019;;1
01178;VESTIDO LIBERTY BOTOES;SEMANA;;VERÃO 2019;;1
01179;MACACAO ATLANTA MIDI;SEMANA;;VERÃO 2019;;1
01180;VESTIDO BABADO;SEMANA;;VERÃO 2019;;4
01183;PANTALONA LITORAL;SEMANA;;VERÃO 2019;;1
01184;CROPPED LITORAL;SEMANA;;VERÃO 2019;;1
01185;CROPPED BRISA;SEMANA;;VERÃO 2019;;1
01186;PANTALONA BRISA;SEMANA;;VERÃO 2019;;1
01187;MACACAO NO;SEMANA;;VERÃO 2019;;3
01189;KIMONO MAXI POA;SEMANA;;VERÃO 2019;;2
01190;KIMONO;SEMANA;;VERÃO 2019;;1
01191;PANTALONA BOTANICA;SEMANA;;VERÃO 2019;;1
01192;MACACAO MIDI MAXI POA;SEMANA;;VERÃO 2019;;1
01194;PANTACOURT MAXI POA;SEMANA;;VERÃO 2019;;1
01195;CROPPED MAXI POA;SEMANA;;VERÃO 2019;;1
01196;VESTIDO LONGO FRESH;SEMANA;;VERÃO 2019;;1
01197;REGATA MAXI POA;SEMANA;;VERÃO 2019;;2
01198;VESTIDO BASIC BOTANICA;SEMANA;;VERÃO 2019;;1
01199;VESTIDO BOTANICA;SEMANA;;VERÃO 2019;;1
01200;VESTIDO LONGO BOTANICA;SEMANA;;VERÃO 2019;;1
01204;SAIA MIDI BOTOES;SEMANA;;OFF;;2
01205;VESTIDO MIDI BRISA;SEMANA;;VERÃO 2019;;1
01206;MACAQUINHO FREEDON;SEMANA;;VERÃO 2019;;2
01207;MACAQUINHO NO BOTANICA;SEMANA;;VERÃO 2019;;1
01208;MACAQUINHO NO;SEMANA;;OFF;;4
01210;REGATA LIBERTY;SEMANA;;OFF;;10
01212;TSHIRT NO;SEMANA;;OFF;;9
01214;REGATA BOTANICA;SEMANA;;VERÃO 2019;;3
01215;REGATA BRISA;SEMANA;;VERÃO 2019;;1
01216;REGATA ATLANTA;SEMANA;;VERÃO 2019;;1
01227;PANTACOURT BOTANICA;SEMANA;;VERÃO 2019;;1
01229;PANTACOURT BOTANICA;SEMANA;;VERÃO 2019;;1
01230;PANTACOURT BOTANICA;SEMANA;;VERÃO 2019;;1
01237;MACACAO POMPOM;SEMANA;;VERÃO 2019;;3
01238;MACACAO TOQUIO;SEMANA;;OFF;;4
01239;BLUSA POMPOM;SEMANA;;VERÃO 2019;;4
01240;MACACAO DECOTE V;SEMANA;;VERÃO 2019;;3
01241;CROPPED CIGANINHA;SEMANA;;OFF;;3
01242;CROPPED CIGANINHA;SEMANA;;OFF;;5
01243;REGATA GLAM;SEMANA;;VERÃO 2019;;2
01244;VESTIDO VERAO;SEMANA;;VERÃO 2019;;1
01245;VESTIDO VERAO;SEMANA;;VERÃO 2019;;1
01246;REGATA FRESH LINHO;SEMANA;;VERÃO 2019;;2
01247;MACACAO VERAO GUIPIR;SEMANA;;VERÃO 2019;;5
01248;CROPPED LINHO PREGA;SEMANA;;VERÃO 2019;;4
01249;BLUSA NO;SEMANA;;VERÃO 2019;;2
01250;BLUSA LINHO TRIBAL;SEMANA;;VERÃO 2019;;2
01251;SHORT LINHO TRIBAL;SEMANA;;VERÃO 2019;;3
01252;VESTIDO MIDI LINHO FREE;SEMANA;;VERÃO 2019;;4
01253;CALCA PALA;SEMANA;;VERÃO 2018;;2
01254;SHORT (18);SEMANA;;VERÃO 2019;;5
01255;SHORT (18);SEMANA;;VERÃO 2019;;2
01256;VESTIDO MIDI BOTOES LATERAIS;SEMANA;;VERÃO 2019;;3
01257;SHORT LINHO NEW;SEMANA;;VERÃO 2019;;3
01258;SHORT LINHO NEW;SEMANA;;VERÃO 2019;;3
01259;SHORT LINHO TRI;SEMANA;;VERÃO 2019;;3
01260;MACAQUINHO LINHO TRI;SEMANA;;VERÃO 2019;;2
01261;MACAQUINHO LINHO TRI;SEMANA;;VERÃO 2019;;2
01262;TSHIRT WHITE BASIC;SEMANA;;VERÃO 2019;;3
01263;JARDINEIRA LINHO;SEMANA;;VERÃO 2019;;1
01264;MACACAO BALI;SEMANA;;VERÃO 2019;;3
01265;MACACAO BALI;SEMANA;;VERÃO 2019;;1
01266;MACACAO MIDI BRISA;SEMANA;;VERÃO 2019;;2
01267;BLUSA CHOCKER NEW;SEMANA;;OFF;;3
01268;BLUSA CHOCKER NEW;SEMANA;;VERÃO 2019;;1
01269;REGATA FLOWER;SEMANA;;VERÃO 2019;;1
01270;REGATA FLOWER;SEMANA;;VERÃO 2019;;2
01272;MACACAO MIDI TERRARIO;SEMANA;;VERÃO 2019;;4
01273;MACAQUINHO COOL;SEMANA;;VERÃO 2019;;2
01275;PANTALONA TERRARIO;SEMANA;;VERÃO 2019;;1
01276;REGATA TERRARIO;SEMANA;;OFF;;3
01277;REGATA SIDERAL;SEMANA;;VERÃO 2019;;2
01278;CROPPED FLOWER;SEMANA;;VERÃO 2019;;1
01279;CROPPED FLOWER;SEMANA;;VERÃO 2019;;1
01280;CROPPED FLOWER;SEMANA;;OFF;;3
01281;SHORT PESPONTO;SEMANA;;VERÃO 2019;;1
01283;SHORT PESPONTO;CANCELADO;;VERÃO 2019;;2
01284;REGATA LIBERTY ORIENTE;SEMANA;;VERÃO 2019;;1
01285;SHORT ORIENTE;SEMANA;;VERÃO 2019;;1
01286;BODY HAVAIANA;SEMANA;;OFF;;1
01287;REGATA TRAPEZIO ORIENTE;SEMANA;;VERÃO 2019;;1
01288;REGATA TRAPEZIO ORIENTE;SEMANA;;VERÃO 2019;;1
01289;CROPPED MANGA ORIENTE;SEMANA;;VERÃO 2019;;2
01290;BODY COLOMBINA;SEMANA;;VERÃO 2019;;1
01291;BODY COLOMBINA;SEMANA;;VERÃO 2019;;2
01292;CROPPED SEREIA;SEMANA;;VERÃO 2019;;2
01293;CROPPED SEREIA;SEMANA;;VERÃO 2019;;2
01294;SAIA BAILARINA;SEMANA;;VERÃO 2019;;1
01295;SAIA BAILARINA;SEMANA;;VERÃO 2019;;1
01296;TIARA GREGA;SEMANA;;VERÃO 2019;;1
01297;BODY FADA;SEMANA;;VERÃO 2019;;3
01298;MACACAO MIRANTE;SEMANA;;OFF;;2
01301;MACACAO LONGO LIBERTY;SEMANA;;VERÃO 2019;;1
01303;MACACAO LONGO LIBERTY;SEMANA;;VERÃO 2019;;3
01304;MACAQUINHO MIRANTE;SEMANA;;VERÃO 2019;;1
01305;CROPPED MIRANTE;SEMANA;;VERÃO 2019;;1
01306;CROPPED MIRANTE;SEMANA;;VERÃO 2019;;1
01307;REGATA DROP;SEMANA;;OFF;;7
01308;REGATA DROP;SEMANA;;OFF;;1
01309;REGATA DROP;SEMANA;;VERÃO 2019;;1
01321;PANTALONA GRECIA;SEMANA;;VERÃO 2019;;3
01322;PANTALONA GRECIA;SEMANA;;VERÃO 2019;;2
01323;PANTALONA PALMEIRA;SEMANA;;VERÃO 2019;;1
01324;CROPPED PALMEIRA;SEMANA;;VERÃO 2019;;1
01325;CROPPED LINHO BALTICO;SEMANA;;OFF;;3
01326;PANTALONA LINHO BALTICO;SEMANA;;VERÃO 2019;;2
01329;PANTALONA LINHO BALTICO;SEMANA;;VERÃO 2019;;2
01330;TSHIRT INFANTIL;SEMANA;;VERÃO 2019;;1
01331;PANTALONA LINHO BALTICO;SEMANA;;OFF;;6
01332;PANTALONA LINHO BALTICO;SEMANA;;VERÃO 2019;;1
01333;MACACAO MIDI LINHO BALTICO;SEMANA;;VERÃO 2019;;1
01334;MACACAO MIDI LINHO BALTICO;SEMANA;;VERÃO 2019;;3
01337;VESTIDO MIDI BALTICO;SEMANA;;VERÃO 2019;;1
01338;REGATA CHEVRON BALTICO;SEMANA;;VERÃO 2019;;1
01339;REGATA CHEVRON BALTICO;SEMANA;;VERÃO 2019;;1
01341;CAMISA CROP CAJU;SEMANA;;VERÃO 2019;;1
01342;CAMISA CROP CAJU;SEMANA;;VERÃO 2019;;1
01343;PANTALONA CAJU;SEMANA;;VERÃO 2019;;1
01344;MACAQUINHO CAJU;SEMANA;;VERÃO 2019;;1
01345;CROPPED NO CAJU;SEMANA;;VERÃO 2019;;1
01346;VESTIDO LONGO CAJU;SEMANA;;VERÃO 2019;;1
01347;REGATA BOTOES CAJU;SEMANA;;VERÃO 2019;;1
01348;VESTIDO CURTO CAJU;SEMANA;;VERÃO 2019;;1
01349;VESTIDO CURTO CAJU;SEMANA;;VERÃO 2019;;1
01351;MACACAO MIDI POA;SEMANA;;OFF;;1
01352;MACACAO MIDI POA;SEMANA;;VERÃO 2019;;1
01353;TOP LISTRAS;SEMANA;;OFF;;2
01354;TOP LISTRAS;SEMANA;;VERÃO 2019;;1
01355;VESTIDO TUBINHO LISTRAS;SEMANA;;VERÃO 2019;;1
01356;PANTALONA LISTRAS;SEMANA;;VERÃO 2019;;1
01358;PANTALONA LISTRAS;SEMANA;;VERÃO 2019;;1
01359;SHORT LAPELA BOLSO;SEMANA;;OFF;;7
01360;SHORT LAPELA BOLSO;SEMANA;;OFF;;2
01361;SHORT LAPELA BOLSO;SEMANA;;OFF;;2
01362;BLUSA COOL POA;SEMANA;;OFF;;2
01363;PANTALONA ALETA;SEMANA;;OFF;;3
01364;REGATA DUO AMENDOAS;SEMANA;;OFF;;1
01365;MACACAO DUO AMENDOA;SEMANA;;VERÃO 2019;;2
01367;BODY COBRA;SEMANA;;VERÃO 2019;;1
01372;TSHIRT GOLA V;SEMANA;;OFF;;5
01373;BLUSA CIGANINHA;SEMANA;;OFF;;4
01383;KIMONO ETNICO;SEMANA;;INVERNO 2019;;2
01384;MACACAO ETNICO;SEMANA;;INVERNO 2019;;2
01385;REGATA CHEVRON ETNICO;SEMANA;;INVERNO 2019;;1
01386;PANTACOURT ETNICO;SEMANA;;VERÃO 2019;;1
01387;CROPPED  ETNICO;SEMANA;;INVERNO 2019;;1
01389;TOP BABADO;SEMANA;;OFF;;3
01391;TOP TQC;SEMANA;;OFF;;2
01393;VESTIDO CURTO MANGA LONGA;SEMANA;;OFF;;2
01394;MACACAO MIDI ETNICO;SEMANA;;VERÃO 2019;;1
01395;BLAZER PUNHO POA;SEMANA;;OFF;;1
01397;MACACAO LONDON;SEMANA;;INVERNO 2019;;3
01400;SAIA MIDI BOTOES;SEMANA;;INVERNO 2019;;3
01401;CROPPED LASTEX;SEMANA;;OFF;;5
01404;REGATA LIBERTY BOTOES;SEMANA;;OFF;;7
01405;PANTALONA BOTOES;SEMANA;;INVERNO 2019;;4
01406;BODY CANELADO;SEMANA;;INVERNO 2019;;1
01407;CALCA FLARE;SEMANA;;OFF;;2
01408;SHORT SAIA;SEMANA;;OFF;;3
01409;CROPPED TRICOT LISTRAS PB;SEMANA;;INVERNO 2019;;1
01410;CROPPED TRICOT;SEMANA;;OFF;;1
01411;CALCA FLARE RAJADO OURO;SEMANA;;INVERNO 2019;;1
01412;MACACAO FLORAL OURO;SEMANA;;INVERNO 2019;;1
01413;BLUSA COOL RAJADO OURO;SEMANA;;INVERNO 2019;;1
01414;MACAQUINHO RAJADO OURO;SEMANA;;INVERNO 2019;;1
01415;SAIA MIDI BABADOS;SEMANA;;INVERNO 2019;;1
01416;CROPPED TRANSPASSADO;SEMANA;;OFF;;1
01417;REGATA JERSEY PB;SEMANA;;INVERNO 2019;;1
01418;REGATA COOL;SEMANA;;OFF;;7
01423;REGATA CHEVRON FLORAL OURO;SEMANA;;OFF;;1
01424;VESTIDO MIDI FLORAL OURO;SEMANA;;INVERNO 2019;;1
01426;MACACAO TRESSE;SEMANA;;OFF;;5
01427;VESTIDO PENINHAS;SEMANA;;INVERNO 2019;;1
01428;REGATA DROP PENINHAS;SEMANA;;INVERNO 2019;;1
01429;CALCA PENINHAS;SEMANA;;INVERNO 2019;;1
01430;MACACAO LONDON PENINHAS;SEMANA;;INVERNO 2019;;1
01431;MAXI CARDIGAN;SEMANA;;INVERNO 2019;;4
01446;PARKA WINDY;SEMANA;;INVERNO 2019;;3
01447;TSHIRT NO;SEMANA;;OFF;;6
01448;REGATA PB;SEMANA;;OFF;;1
01449;SHORT PB;SEMANA;;OFF;;1
01450;MACACAO CHEVRON PB;SEMANA;;INVERNO 2019;;1
01451;KIMONO DUO PB;SEMANA;;INVERNO 2019;;1
01452;VESTIDO MIDI BALI;SEMANA;;INVERNO 2019;;1
01453;CALCA BALI;SEMANA;;INVERNO 2019;;1
01454;CROPPED BOTOES BALI;SEMANA;;INVERNO 2019;;1
01455;VESTIDO MIDI BOTOES;SEMANA;;INVERNO 2019;;3
01456;SAIA COTELE BOTOES;SEMANA;;INVERNO 2019;;1
01458;CROPPED REGATA NO;SEMANA;;OFF;;7
01459;BLUSA COOL LOSANGO;SEMANA;;INVERNO 2019;;1
01460;VESTIDO MIDI LOSANGO;SEMANA;;INVERNO 2019;;1
01461;CALCA LOSANGO;SEMANA;;INVERNO 2019;;1
01462;MACACAO MIDI GABI;SEMANA;;INVERNO 2019;;1
01465;PANTACOURT CREPE;SEMANA;;INVERNO 2019;;1
01466;CALCA TRES CORES;SEMANA;;INVERNO 2019;;2
01468;JAQUETA RIDER;SEMANA;;INVERNO 2019;;1
01470;CALCINHA RENDA;SEMANA;;INVERNO 2019;;1
01471;SUTIA RENDA;SEMANA;;INVERNO 2019;;1
01472;BODY LINGERIE;SEMANA;;OFF;;1
01473;VESTIDO TUBINHO LOSANGO;SEMANA;;INVERNO 2019;;1
01474;JAQUETA BOMBER;SEMANA;;INVERNO 2019;;1
01475;REGATA DUO PB;SEMANA;;OFF;;1
01476;REGATA NEW DEBRUM;SEMANA;;OFF;;1
01477;MACACAO DUO PB;SEMANA;;OFF;;1
01478;REGATA TRES CORES;SEMANA;;INVERNO 2019;;2
01479;JAQUETA BOMBER FLORAL PB;SEMANA;;INVERNO 2019;;1
01480;VESTIDO CURTO FLORAL PB;SEMANA;;INVERNO 2019;;1
01481;CALCA FLORAL PB;SEMANA;;INVERNO 2019;;1
01482;TSHIRT FLORAL PB;SEMANA;;INVERNO 2019;;1
01483;MACACAO MIDI FLORAL MUSGO;SEMANA;;INVERNO 2019;;1
01484;VESTIDO FLORAL MUSGO;SEMANA;;INVERNO 2019;;1
01485;TSHIRT FLORAL MUSGO;SEMANA;;INVERNO 2019;;1
01486;SHORT FLORAL PB;SEMANA;;INVERNO 2019;;1
01505;PULL MANGA AMPLA;SEMANA;;INVERNO 2019;;3
01506;MAXI SUETER;SEMANA;;INVERNO 2019;;2
01510;MAXI CARDIGAN TRICOT;SEMANA;;INVERNO 2019;;2
01511;PANTALONA ANIMAL PRINT;SEMANA;;INVERNO 2019;;1
01512;SAIA  BOTOES ANIMAL TRINT;SEMANA;;INVERNO 2019;;1
01513;MACAQUINHO MANGA LONGA;SEMANA;;INVERNO 2019;;2
01514;CAMISA DUO PB;SEMANA;;INVERNO 2019;;1
01516;MACACAO MIX TERROSO;SEMANA;;INVERNO 2019;;2
01517;MAXI CARDIGAN LISTRAS;SEMANA;;INVERNO 2019;;1
01518;VESTIDO MIDI ANIMAL PRINT;SEMANA;;INVERNO 2019;;1
01519;REGATA ANIMAL PRINT;SEMANA;;INVERNO 2019;;1
01520;BLUSA GRID;SEMANA;;INVERNO 2019;;1
01521;VESTIDO CURTO GRID;SEMANA;;INVERNO 2019;;1
01522;CALCA FLARE GRID;SEMANA;;INVERNO 2019;;1
01523;MACACAO SUCRE;SEMANA;;INVERNO 2019;;1
01524;REGATA RECORTES;SEMANA;;OFF;;3
01525;MAXI CAMISA BASIC;SEMANA;;OFF;;1
01531;BLUSA DUO;SEMANA;;OFF;;2
01532;TOP BASICO;SEMANA;;OFF;;2
01533;CROPPED MEIA MANGA;SEMANA;;OFF;;1
01534;MACACAO DUO;SEMANA;;INVERNO 2019;;2
01535;CALCA BOTOES PB;SEMANA;;INVERNO 2019;;1
01537;PANTALONA ORANGE;SEMANA;;INVERNO 2019;;1
01538;PANTALONA ENSEADA;SEMANA;;OFF;;4
01539;VESTIDO TUBINHO TRICOT;SEMANA;;INVERNO 2019;;1
01540;CALCA MOVIMENTO;SEMANA;;VERÃO 2020;;1
01541;PANTACOURT LINHO;SEMANA;;OFF;;4
01542;SUETER LISTRAS PB;SEMANA;;INVERNO 2019;;1
01544;SAIA MIDI BABADO;SEMANA;;INVERNO 2019;;1
01545;CALCA FLARE TRICOT;SEMANA;;INVERNO 2019;;1
01549;CHEMISE MIDI;SEMANA;;OFF;;2
01550;VESTIDO MIDI BASIC;SEMANA;;INVERNO 2019;;2
01551;CALCA SKINNY BOTOES;SEMANA;;OFF;;1
01552;CALCA SKINNY MINIMAL;SEMANA;;INVERNO 2019;;1
01553;CALCA FLARE MINIMAL;SEMANA;;OFF;;1
01554;MACAQUINHO SHORT SAIA;SEMANA;;INVERNO 2019;;1
01556;BLAZER BASIC;SEMANA;;OFF;;3
01557;CROPPED MOVIMENTO;SEMANA;;INVERNO 2019;;1
01558;PANTACOURT MOVIMENTO;SEMANA;;INVERNO 2019;;1
01559;VESTIDO CURTO MOVIMENTO;SEMANA;;INVERNO 2019;;1
01560;VESTIDO MIDI MOVIMENTO;SEMANA;;INVERNO 2019;;1
01561;REGATA AMELIE;SEMANA;;INVERNO 2019;;1
01562;PANTACOURT ONCA POA;SEMANA;;INVERNO 2019;;1
01563;SHORT ONCA POA;SEMANA;;INVERNO 2019;;1
01564;VESTIDO MIDI ONCA POA;SEMANA;;INVERNO 2019;;1
01565;REGATA ONCA POA;SEMANA;;INVERNO 2019;;1
01566;SAIA MIDI ONCA POA;SEMANA;;INVERNO 2019;;1
01567;VESTIDO CURTO POA AQUARELA;SEMANA;;INVERNO 2019;;1
01568;VESTIDO MIDI POA AQUARELA;SEMANA;;INVERNO 2019;;1
01569;PANTACOURT POA AQUARELA;SEMANA;;INVERNO 2019;;1
01570;MACAQUINHO POA AQUARELA;SEMANA;;INVERNO 2019;;1
01587;REGATA LISTRA MUSGO;SEMANA;;INVERNO 2019;;1
01588;CALCA LISTRA MUSGO;SEMANA;;INVERNO 2019;;2
01589;VESTIDO LISTRA MUSGO;SEMANA;;INVERNO 2019;;1
01590;REGATA LISTRA MUSGO;SEMANA;;INVERNO 2019;;1
01591;REGATA MOVIMENTO;SEMANA;;INVERNO 2019;;1
01592;BLUSA COOL CREPE;SEMANA;;OFF;;9
01593;MACACAO AFETO;SEMANA;;PRIMAVERA 2019;;1
01596;CROPPED AFETO;SEMANA;;VERÃO 2020;;1
01597;CALCA AFETO;SEMANA;;VERÃO 2020;;1
01598;VESTIDO AFETO;SEMANA;;VERÃO 2020;;1
01599;REGATA POA AQUARELA;SEMANA;;VERÃO 2020;;1
01600;TOP CONSTELACAO;SEMANA;;OFF;;1
01601;CALCA CONSTELACAO;SEMANA;;VERÃO 2020;;1
01602;CROPPED FESTIVAL;SEMANA;;VERÃO 2020;;5
01603;PANTACOURT LACO;SEMANA;;OFF;;8
01604;VESTIDO CURTO TRAPEZIO;SEMANA;;VERÃO 2020;;3
01605;PANTALONA FESTIVAL;SEMANA;;OFF;;1
01606;KIMONO CONSTELACAO;SEMANA;;VERÃO 2020;;1
01607;VESTIDO CONSTELACAO;SEMANA;;VERÃO 2020;;1
01608;REGATA CONSTELACAO;SEMANA;;VERÃO 2020;;1
01609;MACAQUINHO CONSTELACAO;SEMANA;;VERÃO 2020;;1
01610;REGATA TRANSPASSADA;SEMANA;;OFF;;6
01612;MACAQUINHO TERRARIO PB;SEMANA;;VERÃO 2020;;1
01616;CAMISA CROP TERRARIO PB;SEMANA;;VERÃO 2020;;1
01617;TOP TERRARIO PB;SEMANA;;OFF;TERRARIO PB;1
01618;TSHIRT GOING TO;SEMANA;;VERÃO 2020;;2
01619;VESTIDO GOLA ORIENTE;SEMANA;;VERÃO 2019;;1
01620;KIMONO CONSTELACAO;SEMANA;;PRIMAVERA 2019;;1
01621;CROPPED TERRARIO PB;SEMANA;;OFF;TERRARIO PB;1
01622;SHORT TERRARIO PB;SEMANA;;VERÃO 2020;;1
01628;CROPPED BANDAGEM;SEMANA;;OFF;;3
01631;REGATA TERRARIO PB;SEMANA;;VERÃO 2020;;1
01633;CROPPED REGATA NO;SEMANA;;OFF;;5
01634;REGATA COOL;SEMANA;;OFF;;9
01635;T-SHORT BASICA REDONDA;SEMANA;;VERÃO 2020;;7
01636;REGATA PALMEIRA PB;SEMANA;;VERÃO 2020;;1
01637;VESTIDO CURTO PALMEIRA PB;SEMANA;;VERÃO 2020;;1
01638;KIMONO PALMEIRA PB;SEMANA;;OFF;;1
01639;PANTACOURT PALMEIRA PB;SEMANA;;INVERNO 2020;;1
01641;CALCA FLARE LA BELLE;SEMANA;;VERÃO 2020;;1
01642;MACACAO MIDI LA BELLE;SEMANA;;VERÃO 2020;;1
01643;SHORT LA BELLE;SEMANA;;VERÃO 2020;;1
01644;VESTIDO MIDI PALMEIRA PB;SEMANA;;VERÃO 2020;;1
01646;PANTACOURT RECORTES JEANS;SEMANA;;INVERNO 2020;;1
01647;MACACAO PALMEIRA PB;SEMANA;;VERÃO 2020;;1
01648;CROPPED COOL;SEMANA;;OFF;;2
01649;VESTIDO MIDI LA BELLE;SEMANA;;VERÃO 2020;;1
01650;VESTIDO CURTO LA BELLE;SEMANA;;VERÃO 2020;;1
01651;PANTACOURT LA BELLE;SEMANA;;INVERNO 2020;;1
01652;CROPPED LA BELLE;SEMANA;;VERÃO 2020;;1
01653;REGATA LA BELLE;SEMANA;;VERÃO 2020;;1
01655;SAIA ENVELOPE;SEMANA;;OFF;;2
01656;CROPPED TRANSPASSADO;SEMANA;;OFF;;6
01657;VESTIDO MIDI FENDA FRONTAL;SEMANA;;VERÃO 2020;;4
01658;CALCA COOL;SEMANA;;OFF;;6
01659;MACAQUINHO JARDIM PB;SEMANA;;VERÃO 2020;;1
01660;BLUSA JARDIM PB;SEMANA;;VERÃO 2020;;1
01661;MACACAO MIDI JARDIM PB;SEMANA;;VERÃO 2020;;1
01664;CAMISA FOLHAGEM NUDE;SEMANA;;VERÃO 2020;;1
01665;PANTALONA JARDIM PB;SEMANA;;VERÃO 2020;;1
01666;CROPPED JARDIM PB;SEMANA;;VERÃO 2020;;1
01668;PANTALONA LISTRA NEON;SEMANA;;OFF;;1
01669;CROPPED LISTRA NEON;SEMANA;;VERÃO 2020;;1
01670;PANTACOURT LINHO;SEMANA;;OFF;;7
01671;PANTALONA LINHO;SEMANA;;OFF;;6
01672;VESTIDO LONGO BOTOES;SEMANA;;OFF;;5
01676;VESTIDO MIDI FOLHAGEM NUDE;SEMANA;;VERÃO 2020;;1
01677;MACAQUINHO FOLHAGEM NUDE;SEMANA;;VERÃO 2020;;1
01682;PANTALONA FOLHAGEM NUDE;SEMANA;;OFF;;1
01683;TOP FOLHAGEM NUDE;SEMANA;;VERÃO 2020;;1
01684;SAIA JARDIM SOLAR;SEMANA;;VERÃO 2020;;1
01685;PANTALONA POA ARTE;SEMANA;;VERÃO 2020;;1
01686;VESTIDO MIDI JARDIM PB;SEMANA;;VERÃO 2020;;1
01687;SHORT POA ARTE;SEMANA;;VERÃO 2020;;2
01688;MACACAO MIDI POA ARTE;SEMANA;;VERÃO 2020;;1
01689;VESTIDO MIDI POA ARTE;SEMANA;;VERÃO 2020;;1
01690;VESTIDO VIVO POA ARTE;SEMANA;;VERÃO 2020;;1
01691;CROPPED POA ARTE;SEMANA;;VERÃO 2020;;1
01692;PANTALONA VELEIRO;SEMANA;;VERÃO 2020;;1
01693;CROPPED VELEIRO;SEMANA;;OFF;;1
01694;REGATA BOTOES POA ARTE;SEMANA;;VERÃO 2020;;1
01695;VESTIDO CURTO POA ARTE;SEMANA;;VERÃO 2020;;1
01696;REGATA VIVO POA ARTE;SEMANA;;VERÃO 2020;;1
01697;BLUSA PETALAS;SEMANA;;VERÃO 2020;;1
01698;CROPPED PETALAS;SEMANA;;VERÃO 2020;;1
01699;CROPPED TAITI;SEMANA;;VERÃO 2020;;1
01700;MACAQUINHO PETALAS;SEMANA;;VERÃO 2020;;1
01701;PANTACOURT TAITI;SEMANA;;INVERNO 2020;;1
01702;VESTIDO LONGO TAITI;SEMANA;;VERÃO 2020;;1
01703;VESTIDO MIDI TROPICALIA;SEMANA;;VERÃO 2020;;1
01704;CROPPED TROPICALIA;SEMANA;;VERÃO 2020;;1
01705;REGATA TAITI;SEMANA;;VERÃO 2020;;1
01706;PANTALONA PETALAS;SEMANA;;VERÃO 2020;;1
01707;VESTIDO CURTO PETALAS;SEMANA;;VERÃO 2020;;1
01710;TSHIRT BORDADA FLORESCER;SEMANA;;OFF;;2
01712;CROPPED JARDIM SOLAR;SEMANA;;VERÃO 2020;;1
01713;REGATA JARDIM SOLAR;SEMANA;;VERÃO 2020;;1
01714;VESTIDO MIDI JARDIM SOLAR;SEMANA;;VERÃO 2020;;1
01715;REGATA TROPICALIA;SEMANA;;VERÃO 2020;;1
01716;MACACAO MIDI TROPICALIA;SEMANA;;VERÃO 2020;;1
01717;MACACAO MIDI JARDIM SOLAR;SEMANA;;VERÃO 2020;;1
01726;PANTALONA ILHABELA;SEMANA;;OFF;ILHABELA;1
01727;MACAQUINHO ILHABELA;SEMANA;;OFF;ILHABELA;1
01728;VESTIDO MIDI ILHABELA;SEMANA;;VERÃO 2020;;1
01729;CROPPED ILHABELA;SEMANA;;OFF;ILHABELA;1
01740;CROPPED LISBOA;SEMANA;;OFF;;2
01741;SUTIA VELUDO;SEMANA;;OFF;;1
01748;MACACAO MIDI LISBOA;SEMANA;;VERÃO 2020;;4
01749;REGATA GOTA;SEMANA;;OFF;;2
01750;REGATA ILHABELA;SEMANA;;OFF;ILHABELA;1
01751;SUTIA BASIC RENDA;SEMANA;;OFF;;2
01752;REGATA NEW LIBERTY;SEMANA;;OFF;;9
01753;MACACAO ILHABELA;SEMANA;;VERÃO 2020;;1
01754;VESTIDO LONGO BOLSO;SEMANA;;VERÃO 2020;;2
01756;PANTALONA TRACOS;SEMANA;;VERÃO 2020;;1
01757;VESTIDO MIDI TRACOS;SEMANA;;VERÃO 2020;;1
01758;REGATA TRACOS;SEMANA;;VERÃO 2020;;1
01759;MACAQUINHO TRACOS;SEMANA;;OFF;;1
01760;MACACAO TRACOS;SEMANA;;OFF;;1
01762;MACACAO MIDI ETNIAS;SEMANA;;VERÃO 2020;;1
01763;VESTIDO CURTO ETNIAS;SEMANA;;VERÃO 2020;;1
01764;CROPPED ETNIAS;SEMANA;;VERÃO 2020;;1
01765;CROPPED TRACOS;SEMANA;;VERÃO 2020;;1
01766;VESTIDO MIDI ENVELOPE;SEMANA;;VERÃO 2020;;5
01767;CROPPED NO COOL;SEMANA;;OFF;;5
01768;CALCA FLARE LISBOA;SEMANA;;OFF;;1
01769;PANTALONA ETNIAS;SEMANA;;VERÃO 2020;;1
01770;VESTIDO CURTO TRACOS;SEMANA;;VERÃO 2020;;1
01772;MACACAO NEW ATLANTA;SEMANA;;OFF;;4
01773;MACAQUINHO AQUARELA NEW;SEMANA;;OFF;;4
01774;CROPPED SATURNO;SEMANA;;OFF;;8
01775;SHORT FREE;SEMANA;;OFF;;4
01776;BLAZER LINHO;SEMANA;;VERÃO 2020;;5
01777;SHORT LINHO;SEMANA;;OFF;;5
01778;VESTIDO MIDI TIE DYE;SEMANA;;VERÃO 2020;;1
01779;PANTALONA TIE DYE;SEMANA;;VERÃO 2020;;1
01780;CROPPED TIE DYE;SEMANA;;VERÃO 2020;;1
01781;VESTIDO MIDI TRANCAS;SEMANA;;OFF;;2
01782;PANTALONA LAPELA;SEMANA;;OFF;;5
01783;BLUSA BABADO MANGA NEW;SEMANA;;OFF;;9
01784;PANTACOURT BOTOES;SEMANA;;INVERNO 2020;;4
01791;PANTALONA FOLHA POA;SEMANA;;VERÃO 2020;;1
01792;VESTIDO LONGO FOLHA POA;SEMANA;;VERÃO 2020;;1
01793;REGATA FOLHA POA;SEMANA;;VERÃO 2020;;1
01794;CROPPED LASTEX LINHO;SEMANA;;OFF;;7
01795;VESTIDO NO FRONTAL;SEMANA;;OFF;;4
01797;PANTALONA TRACOS OFF;SEMANA;;INVERNO 2020;;1
01798;VESTIDO TRACOS;SEMANA;;VERÃO 2020;;1
01799;KIMONO TAITI;SEMANA;;VERÃO 2020;;1
01800;KIMONO PETALAS;SEMANA;;VERÃO 2020;;1
01801;KIMONO FLORAL;SEMANA;;VERÃO 2020;;1
01802;KIMONO POA ARTE OFF;SEMANA;;VERÃO 2020;;1
01803;CALCA COOL;SEMANA;;OFF;;4
01804;CALCA COOL;SEMANA;;OFF;;5
01805;CROPPED LUREX;SEMANA;;OFF;;6
01806;PANTALONA PESPONTO;SEMANA;;VERÃO 2020;;2
01807;REGATA PESPONTA;SEMANA;;OFF;;2
01808;SHORT PESPONTO NEW;SEMANA;;OFF;;2
01809;VESTIDO PESPONTO;SEMANA;;VERÃO 2020;;1
01811;VESTIDO MIDI ENTREMEIO;SEMANA;;OFF;;6
01812;TSHIRT ENTREMEIO;SEMANA;;INVERNO 2022;;5
01813;REGATA ENTREMEIO;SEMANA;;VERÃO 2020;;4
01814;CROPPED ENTREMEIO;SEMANA;;OFF;;3
01815;MACAQUINHO ENTREMEIO;SEMANA;;VERÃO 2020;;3
01816;MACAQUINHO DUO;SEMANA;;VERÃO 2020;;1
01817;SHORT COOL;SEMANA;;OFF;;4
01818;REGATA CHEVRON DUO;SEMANA;;OFF;;2
01819;VESTIDO CURTO CHEVRON;SEMANA;;OFF;;1
01820;PANTACOURT NATURALE;SEMANA;;INVERNO 2020;;1
01821;VESTIDO MIDI NATURALE;SEMANA;;VERÃO 2020;;1
01822;CROPPED NATURALE;SEMANA;;OFF;;1
01823;VESTIDO MIDI PONTILHISMO;SEMANA;;VERÃO 2020;;1
01824;PANTALONA PONTILHISMO;SEMANA;;VERÃO 2020;;1
01825;TOP PONTILHISMO;SEMANA;;OFF;;1
01826;MACACAO MIDI PONTILHISMO;SEMANA;;VERÃO 2020;;1
01827;CROPPED PONTILHISMO;SEMANA;;VERÃO 2020;;1
01828;CROPPED MINI POA;SEMANA;;VERÃO 2020;;1
01829;MACAQUINHO MINI POA;SEMANA;;VERÃO 2020;;1
01830;REGATA MINI POA;SEMANA;;VERÃO 2020;;1
01831;VESTIDO MIDI MINI POA;SEMANA;;VERÃO 2020;;1
01832;PANTALONA MINI POA;SEMANA;;VERÃO 2020;;1
01833;TOP POA ARTE;SEMANA;;OFF;;2
01834;COLETE COOL;SEMANA;;VERÃO 2020;;4
01835;TOP FAIXA COOL;SEMANA;;OFF;;4
01836;VESTIDO MIDI BOTOES;SEMANA;;VERÃO 2020;;2
01837;PANTACOURT BOTOES;SEMANA;;OFF;;2
01838;CROPPED VERANEIO;SEMANA;;OFF;;6
01839;SHORT BOTOES;SEMANA;;OFF;;2
01840;REGATA GLAM;SEMANA;;VERÃO 2020;;1
01841;KIMONO GLAM;SEMANA;;VERÃO 2020;;1
01842;MACACAO BOTOES;SEMANA;;OFF;;2
01843;VESTIDO CURTO GLAM;SEMANA;;VERÃO 2020;;1
01844;CROPPED CALMARIA;SEMANA;;OFF;;4
01845;BODY GLAM;SEMANA;;VERÃO 2020;;1
01846;TOP GLAM;SEMANA;;OFF;;1
01847;HOT PANTS VENEZA;SEMANA;;OFF;;3
01848;BODY VENEZA;SEMANA;;OFF;;3
01849;TOP VENEZA;SEMANA;;OFF;;2
01850;SAIA MIDI PLIE;SEMANA;;OFF;;3
01851;SHORT NATURALE;SEMANA;;VERÃO 2020;;1
01852;MAXI TSHIRT EUFORIA;SEMANA;;OFF;;2
01853;REGATA COOL;SEMANA;;OFF;;8
01854;REGATA LIBERTY;SEMANA;;OFF;;16
01855;REGATA GOTA;SEMANA;;OFF;;15
01856;BLUSA COOL;SEMANA;;OFF;;7
01857;REGATA TRANSPASSE;SEMANA;;OFF;;9
01862;CROPPED MINIMAL;SEMANA;;OFF;;3
01863;CROPPED DUO;SEMANA;;OFF;;3
01864;REGATA BOTOES;SEMANA;;OFF;;3
01867;CHEMISE LINHO RUSTIC;SEMANA;;OFF;;5
01868;PANTALONA LINHO RUSTIC;SEMANA;;OFF;;4
01869;PANTACOURT LINHO RUSTIC;SEMANA;;OFF;;3
01870;MANGA PLIE;SEMANA;;OFF;;3
01871;SHORT LINHO RUSTIC;SEMANA;;OFF;;4
01872;SAIA TRANSPASSADA RUSTIC;SEMANA;;OFF;;4
01874;VESTIDO MIDI MOLETOM;SEMANA;;INVERNO 2020;;1
01880;BLUSA TRICOT GOLA;SEMANA;;OFF;;3
01881;CROPPED TRIPLE;SEMANA;;VERÃO 2020;;2
01900;CONJUNTO POA;SEMANA;;OFF;;2
01912;CONJUNTO PEROLAR;SEMANA;;OFF;;2
01914;PANTALONA SPORT PB;SEMANA;;OFF;;1
01915;BLUSA COOL MOLETINHO;SEMANA;;OFF;;3
01920;CROPPED LINHO RUSTIC;SEMANA;;OFF;;2
01921;PARKA SAFARI;SEMANA;;INVERNO 2020;;2
01922;REGATA MOLDURA;SEMANA;;OFF;;1
01923;PANTALONA MOLDURA;SEMANA;;INVERNO 2020;;1
01924;VESTIDO CURTO MOLDURA;SEMANA;;INVERNO 2020;;1
01925;CROPPED BOTOES MOLDURA;SEMANA;;OFF;;1
01926;PULL PB TRICOT;SEMANA;;VERÃO 2020;;1
01928;MACACAO MIDI MOLDURA;SEMANA;;INVERNO 2020;;2
01929;MACACAO MIDI PB MOLETOM;SEMANA;;INVERNO 2020;;1
01933;CALCA FLARE SAFARI;SEMANA;;OFF;;2
01934;SAIA LAPELA ALFAIATARIA;SEMANA;;OFF;;2
01935;CALCA ALFAIATARIA;SEMANA;;OFF;;5
01937;CARDIGAN LAPELA;SEMANA;;OFF;;5
01941;CROPPED TRICOT TRANSP;SEMANA;;INVERNO 2020;;5
01942;BLUSA TRICOT GOLA;SEMANA;;INVERNO 2020;;7
01943;CROPPED TRICOT CIGANINHA;SEMANA;;INVERNO 2020;;5
01944;PANTALONA ALFAIATARIA;SEMANA;;OFF;;5
01945;REGATA LIBERTY ALFAITARIA;SEMANA;;OFF;;3
01946;REGATA LISTRA INDIGO;SEMANA;;OFF;LISTRA INDIGO;1
01947;CALCA FLARE LISTRA INDIGO;SEMANA;;OFF;LISTRA INDIGO;1
01948;MACACAO LISTRA INDIGO;SEMANA;;INVERNO 2020;;1
01949;VESTIDO MIDI LISTRA INDIGO;SEMANA;;INVERNO 2020;;1
01950;CROPPED ALFAIATARIA;SEMANA;;OFF;;5
01951;BLAZER ALFAIATARIA;SEMANA;;OFF;;5
01952;CHEMISE CITY LINHO;SEMANA;;OFF;;2
01953;CROPPED CITY LINHO;SEMANA;;OFF;;1
01954;PANTACOURT CITY LINHO;SEMANA;;VERÃO 2020;;1
01955;CALCA CENOURA LAVANDA;SEMANA;;OFF;;3
01956;PANTACOURT LAVANDA;SEMANA;;OFF;;2
01957;CAMISA LAVANDA;SEMANA;;OFF;;3
01958;CROPPED LAVANDA;SEMANA;;OFF;;3
01959;BLUSA ML GOLA SAN;SEMANA;;OFF;;6
01960;CHEMISE SAN;SEMANA;;INVERNO 2020;;7
01961;BLUSA COOL SAN;SEMANA;;OFF;;6
01962;REGATA GOLA SAN;SEMANA;;OFF;;5
01963;REGATA LIBERTY SAN;SEMANA;;OFF;;6
01964;CROPPED LINHO SANTORINI;SEMANA;;OFF;;5
01965;COLETE LINHO SANTORINI;SEMANA;;OFF;;2
01966;VESTIDO MIDI POA ZEN;SEMANA;;INVERNO 2020;;1
01967;CROPPED LINHO SANTORINI;SEMANA;;OFF;;1
01968;CALCA CENOURA LINHO SANTORINI;SEMANA;;OFF;;6
01969;VESTIDO TRANSPASSADO;SEMANA;;INVERNO 2020;;3
01970;VESTIDO MIDI LOVE;SEMANA;;OFF;;4
01971;VESTIDO FOLK;SEMANA;;INVERNO 2020;;3
01972;MACACAO FOLK;SEMANA;;OFF;;3
01973;PANTACOURT FOLK;SEMANA;;OFF;;4
01974;PANTALONA FOLK;SEMANA;;OFF;;2
01975;BLUSA COOL FOLK;SEMANA;;OFF;;11
01976;REGATA TRIM;SEMANA;;OFF;;16
01977;VESTIDO MIDI BORDADO;SEMANA;;INVERNO 2020;;1
01978;PANTACOURT BORDADO;SEMANA;;VERÃO 2020;;1
01979;REGATA BORDADO;SEMANA;;INVERNO 2020;;1
01980;REGATA BORDADO;SEMANA;;OFF;;3
01981;VESTIDO TASSEL;SEMANA;;OFF;;4
01982;CAMISA TRIM;SEMANA;;OFF;;8
01983;MACAQUINHO TRIM;SEMANA;;OFF;;5
01984;BLUSA MOLDURA TRIM;SEMANA;;OFF;;10
01985;CROPPED POA ZEN;SEMANA;;INVERNO 2020;;1
01986;TOP FAIXA LINEN;SEMANA;;OFF;;5
01987;BLUSA MULLET LINEN;SEMANA;;OFF;;5
01988;BLUSA BOLSO LINEN;SEMANA;;OFF;;4
01989;COLETE LINEN;SEMANA;;INVERNO 2020;;5
01990;CALCA COOL LINEN;SEMANA;;OFF;;5
01991;PANTALONA LINEN;SEMANA;;OFF;;6
01998;CHEMISE PIJAMA;SEMANA;;OFF;;1
01999;CONJUNTO PIJAMA;SEMANA;;VERÃO 2020;;1
02000;CONJUNTO PIJAMA;SEMANA;;OFF;;1
02002;CALCA SKINNY SAN;SEMANA;;OFF;;1
02008;TSHIRT LISTRAS;SEMANA;;INVERNO 2020;;2
02009;BLUSA TRICOT LAVANDA;SEMANA;;VERÃO 2020;;3
02010;VESTIDO MIDI ML ESCAMA;SEMANA;;OFF;;1
02011;BLUSA UM OMBRO SO;SEMANA;;OFF;;6
02012;REGATA DANDY;SEMANA;;OFF;;7
02013;CROPPED CLEAN;SEMANA;;OFF;;6
02014;REGATA CLEAN;SEMANA;;OFF;;8
02015;PANTALONA LINEAR;SEMANA;;INVERNO 2020;;1
02026;TOP FAIXA LINEN;SEMANA;;OFF;;9
02027;VESTIDO MIDI CLASSIC;SEMANA;;VERÃO 2021;;1
02028;MACACAO CLASSIC;SEMANA;;VERÃO 2021;;1
02029;TOP FAIXA CLASSIC;SEMANA;;OFF;;1
02030;BODY VIES;SEMANA;;OFF;;2
02031;BLUSA BABADO ESCAMAS;SEMANA;;INVERNO 2020;;1
02032;BLUSA ML ESCAMAS;SEMANA;;INVERNO 2020;;1
02033;LIBERTY ESCAMAS;SEMANA;;INVERNO 2020;;1
02034;SHORT ESCAMAS;SEMANA;;INVERNO 2020;;1
02035;PANTALONA ESCAMAS;SEMANA;;OFF;;1
02036;VESTIDO TRANSP ESCAMAS;SEMANA;;INVERNO 2020;;1
02037;VESTIDO UM OMBRO SAN;SEMANA;;OFF;;4
02038;REGATA COOL SAN;SEMANA;;OFF;;6
02040;BODY RENDA TEXTURE;SEMANA;;OFF;;2
02041;MAXI PULL;SEMANA;;VERÃO 2020;;2
02042;SHORT VINTAGE;SEMANA;;OFF;;2
02044;TOP RENDA ART;SEMANA;;OFF;;2
02045;TOP RENDA TEXTURE;SEMANA;;OFF;;2
02046;SAIA CRETA;SEMANA;;OFF;;3
02047;PANTALONA CRETA;SEMANA;;VERÃO 2021;;4
02048;MACACAO CRETA;SEMANA;;OFF;;4
02050;REGATA LINEAR;SEMANA;;OFF;;1
02051;TOP VELUDO;SEMANA;;OFF;;2
02054;BODY RENDA CHIQUE;SEMANA;;VERÃO 2021;;2
02055;TOP FAIXA RENDA;SEMANA;;OFF;;2
02056;CROPPED RENDA CHIQUE;SEMANA;;OFF;;2
02057;CROPPED FLOWER;SEMANA;;OFF;;2
02058;BODY FLOWER;SEMANA;;OFF;;2
02059;REGATA CLASSIC;SEMANA;;INVERNO 2020;;4
02060;BLUSA CRETA;SEMANA;;OFF;;7
02061;PANTALONA LITORANEA;SEMANA;;OFF;;6
02062;REGATA CROPPED NO;SEMANA;;OFF;;6
02063;SAIA MIDI LITORANEA;SEMANA;;OFF;;5
02064;REGATA FREE;SEMANA;;OFF;;5
02065;BLUSA POA CHIFFON;SEMANA;;VERÃO 2021;;1
02066;SAIA POA CHIFFON;SEMANA;;VERÃO 2021;;1
02067;CROPPED POA CHIFFON;SEMANA;;OFF;;1
02068;VESTIDO ENTREMEIO;SEMANA;;VERÃO 2021;;3
02069;SAIA CLEAN;SEMANA;;OFF;;4
02070;SHORT PESPONTO;SEMANA;;OFF;;2
02071;TOP FAIXA TRIM;SEMANA;;OFF;;10
02072;MACACAO LITORANEA;SEMANA;;OFF;;3
02073;BLUSA COOL;SEMANA;;OFF;;15
02074;BLUSA BABADO MANGA;SEMANA;;OFF;;7
02075;PANTALONA ATENAS;SEMANA;;VERÃO 2021;;5
02076;SHORT LEGAL;SEMANA;;VERÃO 2021;;3
02078;CALCA FLARE SNOW;SEMANA;;OFF;;1
02079;CROPPED ATENAS;SEMANA;;OFF;;6
02080;SHORT ATENAS;SEMANA;;OFF;;9
02081;PANTALONA CRIATIV;SEMANA;;INVERNO 2020;;1
02082;CALCA ATENAS;SEMANA;;OFF;;8
02084;TSHIRT LISTRA BOLSO;SEMANA;;OFF;;2
02086;SHORT SOPHISTIC;SEMANA;;VERÃO 2021;;3
02087;BLAZER SOPHISTIC;SEMANA;;VERÃO 2021;;3
02088;CALCA MAXI PANTACOURT;SEMANA;;INVERNO 2021;;1
02089;CAMISA CROPPED;SEMANA;;OFF;;2
02090;CAMISA SOPHISTIC;SEMANA;;VERÃO 2021;;3
02091;SAIA MAXI BABADOS;SEMANA;;VERÃO 2021;;4
02092;CROPPED CHIFFON;SEMANA;;VERÃO 2021;;3
02093;CROPPED CHIFFON;SEMANA;;VERÃO 2021;;3
02096;PANTALONA TEXTURE;SEMANA;;VERÃO 2021;;3
02097;CROPPED TEXTURE;SEMANA;;OFF;;5
02098;BLAZER ATENAS;SEMANA;;OFF;;3
02099;BLAZER ATENAS;SEMANA;;VERÃO 2021;;5
02100;VESTIDO MIDI FLUID;SEMANA;;OFF;;5
02101;VESTIDO MIDI SAN;SEMANA;;OFF;;4
02106;VESTIDO MOLET GOLA;SEMANA;;OFF;;1
02107;MACACAO BICOLOR;SEMANA;;INVERNO 2020;;2
02108;VESTIDO MARIAS;SEMANA;;OFF;;1
02109;VESTIDO BICOLOR;SEMANA;;INVERNO 2020;;1
02111;REGATA MOLETINHO;SEMANA;;OFF;;4
02112;CAMISA LINEAR;SEMANA;;OFF;;1
02113;MACACAO ATENAS;SEMANA;;OFF;;6
02114;PANTACOURT ATENAS;SEMANA;;OFF;;4
02115;SAIA MIDI ATENAS;SEMANA;;OFF;;3
02116;CROPPED BOTOES ATENAS;SEMANA;;OFF;;8
02117;CROPPED NO ATENAS;SEMANA;;VERÃO 2021;;7
02118;MACACAO CLEAN;SEMANA;;OFF;;6
02119;SAIA EST SANTORINI;SEMANA;;VERÃO 2021;;1
02120;PANTALONA EST SANTORINI;SEMANA;;VERÃO 2021;;1
02121;CROPP EST SANTORINI;SEMANA;;VERÃO 2021;;1
02122;VESTIDO MIDI SAN;SEMANA;;VERÃO 2021;;4
02123;REGATA EST SANTORINI;SEMANA;;VERÃO 2021;;1
02126;TOP FAIXA EST SANTORINI;SEMANA;;OFF;;1
02128;CROPP EST SANTORINI;SEMANA;;VERÃO 2021;;1
02129;SAIA MIDI ILHA;SEMANA;;VERÃO 2021;;1
02130;CROPPED ILHA;SEMANA;;OFF;;1
02131;MACACAO TULIPA VERMELHO;SEMANA;;VERÃO 2021;;1
02132;TOP TULIPA VERMELHO;SEMANA;;OFF;TULIPA VERMELHO;1
02133;VESTIDO MIDI TULIPA VERMELHO;SEMANA;;VERÃO 2021;;1
02134;SAIA LONGA TULIPA VERMELHO;SEMANA;;VERÃO 2021;;1
02135;VESTIDO CURTO TULIPA;SEMANA;;VERÃO 2021;;1
02136;REGATA GOTA TULIPA VERMELHO;SEMANA;;OFF;TULIPA VERMELHO;1
02137;TOP TULIPA PB;SEMANA;;OFF;TULIPA PB;1
02138;SAIA LONGA TULIPA PB;SEMANA;;VERÃO 2021;;1
02139;KIMONO TULIPA PB;SEMANA;;VERÃO 2021;;1
02140;BLUSA TULIPA;SEMANA;;OFF;;1
02141;MACAQUINHO TULIPA PB;SEMANA;;VERÃO 2021;;1
02142;CROPPED TULIPA PB;SEMANA;;OFF;TULIPA PB;1
02143;PANTALONA TULIPA PB;SEMANA;;VERÃO 2021;;1
02144;VESTIDO MIDI MILOS;SEMANA;;VERÃO 2021;;1
02145;VESTIDO CURTO MILOS;SEMANA;;VERÃO 2021;;1
02146;REGATA MILOS;SEMANA;;OFF;MILOS;1
02147;VESTIDO CIG MILOS;SEMANA;;VERÃO 2021;;1
02148;VESTIDO MIDI TULIPA PB;SEMANA;;VERÃO 2021;;1
02149;CROPPED MILOS;SEMANA;;OFF;MILOS;1
02150;CALCA MILOS;SEMANA;;VERÃO 2021;;1
02151;PANTALONA GRECIA;SEMANA;;VERÃO 2021;;1
02152;CROPPED GRECIA;SEMANA;;VERÃO 2021;GRECIA;1
02153;VESTIDO MIDI GRECIA;SEMANA;;VERÃO 2021;;1
02154;MACACAO GRECIA;SEMANA;;VERÃO 2021;GRECIA;1
02155;CALCA CONTEMPORANY;SEMANA;;VERÃO 2021;;1
02156;CROPPED CONTEMPORANY;SEMANA;;OFF;CONTEMPORANY;1
02157;VESTIDO CURTO CONTEMPORANY;SEMANA;;VERÃO 2021;;1
02158;CROPPED ACROPOLE;SEMANA;;VERÃO 2021;;1
02159;CALCA ACROPOLE;SEMANA;;VERÃO 2021;;1
02160;CROPPED ACROPOLE;SEMANA;;VERÃO 2021;;1
02161;MACAQUINHO ACROPOLE;SEMANA;;VERÃO 2021;;1
02162;MACACAO ACROPOLE;SEMANA;;VERÃO 2021;;1
02163;VESTIDO SOPHISTIC;SEMANA;;VERÃO 2021;;4
02164;MACACAO SOPHISTIC;SEMANA;;VERÃO 2021;;3
02165;VESTIDO MINI PALM;SEMANA;;OFF;;6
02166;VESTIDO LONGO PREMIUM;SEMANA;;OFF;;6
02167;VESTIDO LG ANDROS;SEMANA;;OFF;;4
02168;CHEMISE ANDROS;SEMANA;;OFF;;5
02169;BLUSA PALM;SEMANA;;OFF;;6
02170;VESTIDO CLEAN;SEMANA;;OFF;;7
02171;CALCA PREMIUM;SEMANA;;VERÃO 2021;;1
02172;REGATA GRECIA;SEMANA;;OFF;GRECIA;1
02173;VESTIDO MIDI BORD VIBE;SEMANA;;OFF;;3
02174;REGATA BORD VIBE;SEMANA;;VERÃO 2021;;4
02181;PANTACOURT LITORANEA;SEMANA;;OFF;;6
02182;VESTIDO MIDI LITORANEA;SEMANA;;INVERNO 2021;;1
02184;VESTIDO MIDI LITORANEA;SEMANA;;INVERNO 2021;;1
02185;VESTIDO MIDI LITORANEA;SEMANA;;VERÃO 2021;;1
02198;CROPPED BOTOES ABSTRACT;SEMANA;;OFF;ABSTRACT;1
02199;PANTACOURT ABSTRACT;SEMANA;;INVERNO 2021;;1
02201;SAIA TRICOT PLISSADA;SEMANA;;VERÃO 2021;;2
02202;VESTIDO MIDI BRISA;SEMANA;;VERÃO 2021;;1
02203;BLUSA BRISA;SEMANA;;VERÃO 2021;;1
02204;CROPPED LACO BRISA;SEMANA;;OFF;;4
02205;REGATA BRISA;SEMANA;;OFF;;1
02206;CALCA BRISA PB;SEMANA;;VERÃO 2021;;1
02207;VESTIDO  BRISA  PB;SEMANA;;VERÃO 2021;;1
02210;SAIA VERANEIO;SEMANA;;VERÃO 2021;;4
02211;CALCA VERANEIO;SEMANA;;OFF;;6
02212;SHORT VERANEIO;SEMANA;;VERÃO 2021;;3
02223;CROPPED ESPIRAL MINT;SEMANA;;OFF;;1
02224;CALCA ESPIRAL MINT;SEMANA;;OFF;;1
02225;SHORT ESPIRAL MINT;SEMANA;;OFF;;1
02226;TOP FAIXA ESPIRAL;SEMANA;;OFF;;2
02227;VESTIDO;SEMANA;;VERÃO 2021;;1
02228;PANTALONA  EST COLORS;SEMANA;;VERÃO 2021;;1
02229;VESTIDO EST COLORS;SEMANA;;VERÃO 2021;;1
02230;CROPPED EST COLORS;SEMANA;;VERÃO 2021;;1
02231;BLAZER VERANEIO;SEMANA;;VERÃO 2021;;1
02232;CHEMISE VERANEIO;SEMANA;;VERÃO 2021;;1
02233;CHEMISE VERANEIO;SEMANA;;OFF;;4
02234;CALCA IRIS;SEMANA;;VERÃO 2021;;1
02235;CROPPED ISIS;SEMANA;;OFF;;1
02236;CAMISA IRIS;SEMANA;;VERÃO 2021;;1
02237;CALCA ANDROS;SEMANA;;OFF;;5
02238;COLETE ANDROS;SEMANA;;VERÃO 2021;;4
02239;BLUSA ANDROS;SEMANA;;OFF;;6
02240;PANTALONA ATEMPORAL;SEMANA;;OFF;;5
02241;SAIA ATEMPORAL;SEMANA;;OFF;;5
02242;BLAZER ATEMPORAL;SEMANA;;VERÃO 2021;;4
02243;CALCA ATEMPORAL;SEMANA;;OFF;;5
02244;CROPPED ATEMPORAL;SEMANA;;OFF;;6
02245;CROPPED MG VERANEIO;SEMANA;;OFF;;6
02246;VESTIDO ANDROS;SEMANA;;OFF;;6
02247;BLUSA CONCEPT;SEMANA;;OFF;;7
02248;BODY TULE;SEMANA;;VERÃO 2021;;1
02249;BODY TULE;SEMANA;;VERÃO 2021;;1
02250;BLUSA BOSSA;SEMANA;;VERÃO 2021;;4
02251;REGATA BOSSA;SEMANA;;OFF;;7
02252;VESTIDO LG BOSSA;SEMANA;;VERÃO 2021;;4
02253;PANTACOURT BOSSA;SEMANA;;OFF;;5
02254;CALCA CONCEPT;SEMANA;;VERÃO 2021;;1
02255;TOP CONCEPT;SEMANA;;VERÃO 2021;;1
02256;MACACAO MIDI CONCEPT;SEMANA;;VERÃO 2021;;1
02257;MACACAO CONCEPT;SEMANA;;VERÃO 2021;;1
02258;BLAZER CONCEPT;SEMANA;;VERÃO 2021;;1
02259;VESTIDO LIRIO;SEMANA;;VERÃO 2021;;1
02260;REGATA LIRIO;SEMANA;;OFF;;1
02261;VESTIDO FLORECER;SEMANA;;VERÃO 2021;;1
02262;TOP RAIZ;SEMANA;;OFF;;2
02263;CAMISA FLORECER;SEMANA;;VERÃO 2021;;1
02264;PANTALONA MOMENTO;SEMANA;;VERÃO 2021;;5
02265;SHORT MOMENTO;SEMANA;;OFF;;6
02266;CALCA TROPICAL;SEMANA;;VERÃO 2021;;1
02267;CROPPED MOMENTO;SEMANA;;OFF;;6
02268;BLAZER TROPICAL;SEMANA;;VERÃO 2021;;5
02273;MAIO  SUN;SEMANA;;INVERNO 2021;;4
02277;VESTIDO BORDADO CHIC;SEMANA;;VERÃO 2021;;2
02278;CAMISA NEON;SEMANA;;OFF;;6
02279;TOP COLORS;SEMANA;;OFF;COLORS;1
02283;CROPPED NO ATENAS;SEMANA;;OFF;;7
02284;CAMISA ATEMPORAL;SEMANA;;VERÃO 2021;;3
02285;MACACAO INSTANTE;SEMANA;;INVERNO 2021;;1
02286;REGATA INSTANTE;SEMANA;;OFF;;1
02287;VESTIDO LG INSTANTE;SEMANA;;INVERNO 2021;;1
02288;VESTIDO INSTANTE;SEMANA;;INVERNO 2021;;2
02289;BLUSA INSTANTE;SEMANA;;OFF;;2
02291;VESTIDO TRICOT DUO;SEMANA;;VERÃO 2021;;2
02294;SACO BIJU;SEMANA;;INVERNO 2021;;1
02302;BLUSA RAIZ;SEMANA;;OFF;;3
02303;CAMISA SENSE;SEMANA;;INVERNO 2021;;2
02304;CROPPED SENSE;SEMANA;;OFF;;1
02305;KIMONO SENSE;SEMANA;;INVERNO 2021;;1
02306;VESTIDO RAIZ;SEMANA;;INVERNO 2021;;1
02307;BLUSA ESSENCIA;SEMANA;;INVERNO 2021;;1
02308;CHEMISE ESSENCIA;SEMANA;;OFF;;5
02309;VESTIDO ESSENCIA;SEMANA;;OFF;;5
02310;CROPPED ORGANIC;SEMANA;;OFF;;6
02311;REGATA ESSENCIA;SEMANA;;OFF;;6
02312;VESTIDO MIDI CIRCULOS;SEMANA;;INVERNO 2021;;1
02313;SAIA CIRCULOS;SEMANA;;OFF;;1
02314;MACACAO CIRCULOS;SEMANA;;INVERNO 2021;;1
02315;BLUSA CIRCULOS;SEMANA;;INVERNO 2021;;1
02316;CROPPED CIRCULOS;SEMANA;;INVERNO 2021;;1
02317;BLUSA ML ALFA;SEMANA;;OFF;;5
02318;REGATA ZEN;SEMANA;;INVERNO 2021;;1
02319;VESTIDO ZEN;SEMANA;;INVERNO 2021;;1
02320;CROPPED ZEM;SEMANA;;INVERNO 2021;;5
02321;BATA ZEN;SEMANA;;INVERNO 2021;;1
02322;CROPPED ML ALFA;SEMANA;;OFF;;5
02323;REGATA TEE ALFA;SEMANA;;OFF;;5
02324;MAX VESTIDO ZEN;SEMANA;;OFF;;4
02325;SAIA ZEN;SEMANA;;INVERNO 2021;;1
02326;PANTACOURT SENSE;SEMANA;;OFF;;5
02327;BLAZER SENSE;SEMANA;;OFF;;5
02328;CROPPED SENSE;SEMANA;;OFF;;5
02329;BLUSA SENSE;SEMANA;;INVERNO 2021;;1
02330;TOP SENSE;SEMANA;;INVERNO 2021;;5
02331;CALCA SENSE;SEMANA;;OFF;;5
02332;CALCA ORIGEM;SEMANA;;INVERNO 2021;;1
02333;VESTIDO MD ORIGEM;SEMANA;;OFF;;1
02334;REGATA ORIGEM;SEMANA;;INVERNO 2021;;1
02335;CIGANINHA ORIGEM;SEMANA;;OFF;ORIGEM;1
02336;MACACAO MD ORIGEM;SEMANA;;INVERNO 2021;;1
02337;VESTIDO CREATIVE;SEMANA;;INVERNO 2021;;1
02338;CHEMISE CREATIVE;SEMANA;;INVERNO 2021;;1
02339;CROPPED CREATIVE;SEMANA;;INVERNO 2021;;1
02340;PANTALONA CREATIVE;SEMANA;;INVERNO 2021;;1
02341;BLUSA CREATIVE;SEMANA;;OFF;;1
02342;MACACAO MD ESSENCIA;SEMANA;;INVERNO 2021;;1
02343;CROPPED ESSENCIA;SEMANA;;INVERNO 2021;;1
02344;REGATA ESSENCIA;SEMANA;;INVERNO 2021;;1
02345;CROPPED ESSENCIA;SEMANA;;INVERNO 2021;;1
02346;BLUSA ESSENCIA;SEMANA;;INVERNO 2021;;1
02347;MACACAO LG ESSENCIA;SEMANA;;INVERNO 2021;;1
02348;VESTIDO DUAL;SEMANA;;INVERNO 2021;;2
02349;REGATA DUAL;SEMANA;;INVERNO 2021;;1
02350;VESTIDO LG DUAL;SEMANA;;INVERNO 2021;;1
02351;PANTALONA DUAL;SEMANA;;INVERNO 2021;;1
02352;BLUSA TEE;SEMANA;;OFF;;8
02353;BODY NATURAL;SEMANA;;INVERNO 2021;;1
02355;SAIA TULIPA VERM;SEMANA;;VERÃO 2021;;1
02356;SAIA BOSSA;SEMANA;;OFF;;6
02359;VESTIDO TRANSPASSE SENSE;SEMANA;;INVERNO 2021;;2
02360;TOP ESPIRAL MINT;SEMANA;;OFF;;1
02361;CAMISA ELO;SEMANA;;INVERNO 2021;;1
02362;REGATA TEXTURE;SEMANA;;OFF;TEXTURE;1
02363;SHORT TEXTURE;SEMANA;;OFF;TEXTURE;1
02364;VESTIDO  TEXTURE;SEMANA;;INVERNO 2021;;1
02365;CAMISA TEXTURE;SEMANA;;INVERNO 2021;;1
02366;CALCA TEXTURE;SEMANA;;OFF;TEXTURE;1
02367;CROPPED TEXTURE;SEMANA;;OFF;TEXTURE;1
02368;SAIA INFINITO;SEMANA;;INVERNO 2021;;1
02369;PANTALONA INFINITO;SEMANA;;INVERNO 2021;;1
02370;VESTIDO INFINITO;SEMANA;;INVERNO 2021;;1
02371;CROPPED INFINITO;SEMANA;;INVERNO 2021;;1
02372;MACACAO GRACE;SEMANA;;INVERNO 2021;;1
02373;BLAZER GRACE;SEMANA;;INVERNO 2021;;1
02374;CROPPED GRACE;SEMANA;;INVERNO 2021;;1
02375;MAX COLETE GRACE;SEMANA;;INVERNO 2021;;1
02376;CALCA GRACE;SEMANA;;INVERNO 2021;;4
02377;SHORT GRACE;SEMANA;;INVERNO 2021;;1
02378;REGATA GRACE;SEMANA;;INVERNO 2021;;1
02379;REGATA ZEBRA;SEMANA;;OFF;ZEBRA;1
02380;VESTIDO ZEBRA;SEMANA;;OFF;;1
02381;CROPPED ZEBRA;SEMANA;;INVERNO 2021;;1
02382;CROPPED ML ZEBRA;SEMANA;;OFF;ZEBRA;1
02383;REGATA ZEBRA;SEMANA;;INVERNO 2021;;1
02384;PANTACOURT ZEBRA;SEMANA;;OFF;;1
02385;VESTIDO MIDI WAY;SEMANA;;INVERNO 2021;;4
02386;CAMISA WAY;SEMANA;;OFF;;4
02387;BLUSA WAY;SEMANA;;INVERNO 2021;;1
02388;SAIA WAY;SEMANA;;INVERNO 2021;;1
02389;MACACAO ESFERA;SEMANA;;OFF;ESFERA;1
02390;VESTIDO ESFERA;SEMANA;;INVERNO 2021;;1
02391;MACAQUINHO ESFERA;SEMANA;;OFF;ESFERA;1
02392;REGATA TEE FLUIR;SEMANA;;INVERNO 2021;;1
02393;CROPPED ESFERA;SEMANA;;OFF;ESFERA;1
02394;MACACAO SIMPLE;SEMANA;;OFF;;1
02395;VESTIDO SIMPLE;SEMANA;;INVERNO 2021;;1
02396;CIGANINHA SIMPLE;SEMANA;;OFF;;5
02397;CAMISA SIMPLE;SEMANA;;INVERNO 2021;;1
02398;SAIA SIMPLE;SEMANA;;INVERNO 2021;;1
02399;CALCA FLARE FLOW;SEMANA;;INVERNO 2021;;1
02400;SAIA FLOW;SEMANA;;INVERNO 2021;;1
02401;CROPPED FLOW;SEMANA;;INVERNO 2021;;1
02402;REGATA FLOW;SEMANA;;OFF;FLOW;1
02403;VESTIDO FLOW;SEMANA;;INVERNO 2021;;1
02404;REGATA LIBERTY MILOS;SEMANA;;OFF;MILOS;1
02405;REGATA ESSENCIA;SEMANA;;INVERNO 2021;;1
02406;VESTIDO MD ESSENCIA;SEMANA;;INVERNO 2021;;1
02407;PANTALONA ESSENCIA;SEMANA;;INVERNO 2021;;1
02409;CROPPED BOSSA;SEMANA;;OFF;;7
02411;TOP BOSSA;SEMANA;;OFF;;5
02413;VESTIDO TRICOT FRESH;SEMANA;;VERÃO 2021;;1
02414;TSHIRT CLEAN;SEMANA;;OFF;;3
02417;Mala Lizie;SEMANA;;INVERNO 2021;;1
02418;TOP FAIXA CLEAN;SEMANA;;OFF;;6
02419;CROPPED CASUAL;SEMANA;;OFF;;4
02421;SHORT ALFAITE;SEMANA;;OFF;;3
02422;TSHIRT STRIPES;SEMANA;;INVERNO 2021;;3
02424;BLUSA FRESH;SEMANA;;VERÃO 2021;;1
02425;REGATA ANDROS;SEMANA;;OFF;;3
02426;CROPPED ANDROS;SEMANA;;OFF;;3
02428;TSHIRT BORD;SEMANA;;VERÃO 2021;;1
02429;REGATA TRICOT IRIS;SEMANA;;VERÃO 2021;;1
02430;SHORT LINHO SUTIL;SEMANA;;VERÃO 2021;;1
02431;CALCA LINHO SUTIL;SEMANA;;OFF;;2
02432;BLUSA FAVORITE;SEMANA;;INVERNO 2021;;1
02433;TSHIRT DELICATE;SEMANA;;INVERNO 2021;;1
02434;TSHIRT MINIMAL;SEMANA;;INVERNO 2021;;1
02435;BODY PREMIUM;SEMANA;;INVERNO 2021;;1
02436;VESTIDO ART;SEMANA;;VERÃO 2021;;1
02437;TSHIRT DRESS ART;SEMANA;;VERÃO 2021;;1
02438;SAIA ART;SEMANA;;VERÃO 2021;;1
02439;TSHIRT ART;SEMANA;;VERÃO 2021;;1
02444;TSHIRT KIDS INTENSE;SEMANA;;OFF;;1
02448;COLETE ATEMPORAL;SEMANA;;INVERNO 2021;;1
02450;BLUSA CONTEMPORANY;SEMANA;;INVERNO 2021;;5
02451;SHORT VERANEIO;SEMANA;;OFF;;6
02452;VESTIDO KIDS INSTANTE;SEMANA;;OFF;;1
02453;VESTIDO CURTO WAY;SEMANA;;INVERNO 2021;;2
02454;CAMISA INSTANTE;SEMANA;;INVERNO 2021;;1
02455;MACACAO FLOW;SEMANA;;INVERNO 2021;;1
02456;SAIA ORIGEM;SEMANA;;OFF;ORIGEM;1
02457;TOP FAIXA CONTEMPORANY;SEMANA;;OFF;CONTEMPORANY;1
02458;TOP FAIXA ABSTRACT;SEMANA;;OFF;ABSTRACT;1
02459;TOP FAIXA COLORS;SEMANA;;OFF;COLORS;1
02462;VESTIDO CURTO LEQUE;SEMANA;;INVERNO 2021;LEQUE;1
02463;CROPPED LEQUE;SEMANA;;INVERNO 2021;LEQUE;1
02464;MACAQUINHO LEQUE;SEMANA;;INVERNO 2021;;1
02465;VESTIDO LEQUE;SEMANA;;INVERNO 2021;;1
02466;MACAQUINHO ZEBRA;SEMANA;;OFF;;1
02467;MACAQUINHO ELO;SEMANA;;INVERNO 2021;;1
02468;BLUSA GOLA ELO;SEMANA;;INVERNO 2021;;1
02469;MACAQUINHO  SENSE;SEMANA;;INVERNO 2021;;1
02470;PANTALONA SENSE;SEMANA;;INVERNO 2021;;1
02471;VESTIDO CURTO ORIGEM;SEMANA;;INVERNO 2021;ORIGEM;1
02472;MACACAO LG SHAPE;SEMANA;;OFF;;2
02473;SHORT PESPONTO;SEMANA;;OFF;;9
02474;CROPPED BRISA DIVERSOS;BAZAR;;BAZAR 2022;;2
02475;TOP FAIXA AMARRACAO;SEMANA;;OFF;;1
02476;CROPPED BOTOES DIVERSOS;SEMANA;;OFF;;2
02477;CALCA WAY;SEMANA;;INVERNO 2021;;1
02478;SHORT GODE WAY;SEMANA;;INVERNO 2021;;1
02479;CROPPED WAY;SEMANA;;INVERNO 2021;;1
02480;SHORT CREATIVE;SEMANA;;INVERNO 2021;;1
02481;REGATA SIMPLE;SEMANA;;INVERNO 2021;;1
02482;MACAQUINHO SIMPLE;SEMANA;;INVERNO 2021;;1
02484;TOP FAIXA ANDROS;SEMANA;;OFF;;11
02488;CALCA PERFECTO;SEMANA;;VERÃO 2021;;1
02490;SHORT PERFECTO;SEMANA;;VERÃO 2021;;1
02496;SAIA COTELE;SEMANA;;INVERNO 2022;;2
02497;JAQUETA COTELE;SEMANA;;INVERNO 2022;;2
02498;CALCA FLARE SHAPE;SEMANA;;INVERNO 2021;;1
02499;VESTIDO MOMENTO;SEMANA;;OFF;;4
02500;TOP MOMENTO;SEMANA;;INVERNO 2021;;1
02503;VESTIDO MIDI LEQUE;SEMANA;;INVERNO 2021;;1
02504;REGATA TRICOT ORIGEM;SEMANA;;INVERNO 2021;;2
02506;MINI SAIA SIMPLE;SEMANA;;INVERNO 2021;;1
02510;TOP LEQUE;SEMANA;;OFF;LEQUE;1
02511;MACACAO MD WAY;SEMANA;;OFF;;2
02512;PANTALONA WAY;SEMANA;;INVERNO 2021;;9
02513;CROPPED IRIS;SEMANA;;INVERNO 2021;;1
02514;TOP MOMENTO;SEMANA;;OFF;;5
02517;MACACAO ALFA;SEMANA;;INVERNO 2021;;1
02518;CALCA FLARE PERFECTO;SEMANA;;INVERNO 2021;;1
02519;CAMISA ESFERA;SEMANA;;INVERNO 2021;;1
02520;SHORT NATURE;SEMANA;;OFF;;7
02521;CALCA NATURE;SEMANA;;OFF;;6
02524;MACACAO INSTANTE;SEMANA;;INVERNO 2021;;1
02526;PARKA SOFT;SEMANA;;OFF;;2
02527;MINI TOP IRIS;SEMANA;;OFF;;1
02528;VESTIDO INSTANTE;SEMANA;;INVERNO 2021;;1
02529;MACACAO MD SOFT;SEMANA;;OFF;;4
02530;CALCA SOFT;SEMANA;;INVERNO 2021;;3
02531;JAQUETA MATCH;SEMANA;;INVERNO 2021;;1
02532;COLETE GRACE;SEMANA;;INVERNO 2021;;2
02533;VESTIDO MIDI SOFT;SEMANA;;OFF;;6
02534;REGATA ART;SEMANA;;OFF;ART;1
02535;MACACAO ART;SEMANA;;INVERNO 2021;;1
02536;SHORT ART;SEMANA;;OFF;;1
02538;VESTIDO ART;SEMANA;;INVERNO 2021;;1
02539;VESTIDO CURTO POA NUDE;SEMANA;;OFF;;1
02540;VESTIDO POA NUDE;SEMANA;;INVERNO 2021;;1
02541;CROPPED  POA NUDE;SEMANA;;INVERNO 2021;;1
02543;BLUSA ML INSTANTE;SEMANA;;INVERNO 2021;;1
02544;TOP FLOW;SEMANA;;OFF;FLOW;1
02545;BOMBER SOFT;SEMANA;;INVERNO 2021;;2
02546;VESTIDO CURTO MINIMALISTA;SEMANA;;INVERNO 2021;;1
02547;REGATA MINIMALISTA;SEMANA;;OFF;;1
02548;VESTIDO CURTO SIMPLE;SEMANA;;INVERNO 2021;;5
02549;VESTIDO MIDI SIMPLE;SEMANA;;INVERNO 2021;;4
02550;PARKA WINDY;SEMANA;;INVERNO 2021;;4
02551;VESTIDO MG MINIMALISTA;SEMANA;;OFF;;3
02552;CROPPED SOFT;SEMANA;;OFF;;8
02553;CALCA SOFT;SEMANA;;INVERNO 2021;;4
02554;SHORT SOFT;SEMANA;;OFF;;7
02555;VESTIDO MD SIMPLE;SEMANA;;OFF;;4
02556;REGATA DEGAGE ONIX;SEMANA;;OFF;;1
02557;VESTIDO MD ONIX;SEMANA;;INVERNO 2021;;1
02558;MACACAO LG EQUILIBRIO;SEMANA;;INVERNO 2021;;3
02559;PANTALONA ONIX;SEMANA;;INVERNO 2021;;1
02560;PANTALONA MINIMALISTA;SEMANA;;OFF;;1
02561;REGATA GOTA DIVERSAS;SEMANA;;OFF;;1
02562;REGATA LIBERTY DIVERSOS;SEMANA;;OFF;;1
02577;CROPPED SHAPE;SEMANA;;OFF;;1
02580;VESTIDO BORD LOVELY;SEMANA;;INVERNO 2021;;7
02581;BATA LOVELY;SEMANA;;OFF;;3
02582;MACACAO LG HAPPY;SEMANA;;OFF;;7
02583;CHEMISE SOLARES;SEMANA;;VERÃO 2022;;1
02584;MACACAO MARINA;SEMANA;;VERÃO 2022;;1
02585;CROPPED SUTIL;SEMANA;;OFF;;3
02586;MACACAO SUTIL;SEMANA;;OFF;;4
02587;MACACAO MINIMALISTA;SEMANA;;INVERNO 2021;;1
02588;REGATA WAY;SEMANA;;OFF;;5
02589;CROPPED ART;SEMANA;;INVERNO 2021;ART;1
02590;JAQUETA STREET BLACK;SEMANA;;INVERNO 2021;;1
02593;MACACAO MD NATURE;SEMANA;;INVERNO 2021;;1
02594;VESTIDO MD LEVE;SEMANA;;OFF;;7
02595;VESTIDO MD OCEANO;SEMANA;;INVERNO 2021;;4
02596;VESTIDO MD EQUILIBRIO;SEMANA;;OFF;;5
02597;REGATA OCEANO;SEMANA;;OFF;;6
02598;VESTIDO LG NICE;SEMANA;;VERÃO 2022;NICE;1
02599;CROPPED PERFECTO;SEMANA;;VERÃO 2022;;1
02603;CROPPED EQUILIBRIO;SEMANA;;OFF;;5
02604;CROPPED NICE;SEMANA;;OFF;NICE;1
02605;REGATA SERENA;SEMANA;;VERÃO 2022;;1
02606;SAIA MD EQUILIBRIO;SEMANA;;OFF;;5
02607;CROPPED SOFIE;SEMANA;;OFF;;6
02608;SOBREPOSICAO;SEMANA;;OFF;;4
02609;KIMONO DIVERSOS;SEMANA;;OFF;;1
02614;MACACAO LG NICE;SEMANA;;OFF;NICE;1
02617;TOP OCEANO;SEMANA;;VERÃO 2022;;1
02618;VESTIDO MD SUAVE;SEMANA;;VERÃO 2022;;1
02619;MACACAO LG SUAVE;SEMANA;;VERÃO 2022;;1
02620;BLUSA SUAVE;SEMANA;;VERÃO 2022;;1
02621;SHORT SUAVE;SEMANA;;VERÃO 2022;;1
02622;SHORT GODE;SEMANA;;OFF;;6
02624;VESTIDO CURTO NICE;SEMANA;EST NICE BASE NATHALY;OFF;NICE;1
02625;SHORT EQUILIBRIO;SEMANA;;OFF;;5
02626;MACAQUINHO OCEANO;SEMANA;;OFF;;5
02627;BLUSA OCEANO;SEMANA;;OFF;;8
02628;PANTALONA EQUILIBRIO;SEMANA;;VERÃO 2022;;5
02629;CALCA EQUILIBRIO;SEMANA;;INVERNO 2022;;5
02630;VESTIDO CURTO FLUIR;SEMANA;;VERÃO 2022;;1
02631;VESTIDO MIDI FLUIR;SEMANA;;OFF;FLUIR;1
02632;PANTALONA FLUIR;SEMANA;;VERÃO 2022;;1
02633;SHORT FLUIR;SEMANA;;VERÃO 2022;FLUIR;1
02634;PANTALONA FLUIR;SEMANA;;VERÃO 2022;;1
02635;MACACAO LIVE;SEMANA;;VERÃO 2022;;1
02636;VESTIDO CURTO LIVE;SEMANA;;VERÃO 2022;;1
02637;SHORT LIVE;SEMANA;;VERÃO 2022;;1
02638;PANTALONA LEVE;SEMANA;;OFF;;4
02639;CROPPED LIVE;SEMANA;;VERÃO 2022;;1
02640;VESTIDO MD DELICADO;SEMANA;;VERÃO 2022;;1
02641;CROPPED DELICADO;SEMANA;;VERÃO 2022;;1
02642;PANTALONA  DELICADO;SEMANA;;VERÃO 2022;;1
02643;TOP DELICADO;SEMANA;;VERÃO 2022;;1
02644;MACAQUINHO DELICADO;SEMANA;;VERÃO 2022;;1
02645;VESTIDO LG ALMA;SEMANA;;VERÃO 2022;;1
02646;REGATA TEE ALMA;SEMANA;;OFF;;5
02647;BLUSA PREGAS ALMA;SEMANA;;OFF;;5
02648;BLUSA ALMA;SEMANA;;VERÃO 2022;;1
02649;SAIA ALMA;SEMANA;;VERÃO 2022;;1
02650;TOP ORIGEM;SEMANA;;OFF;;1
02651;BODY TRICOT MINIMALISTA;SEMANA;;INVERNO 2021;;1
02653;MACACAO  OCEANO;SEMANA;;OFF;;7
02654;TOP EQUILIBRIO;SEMANA;;OFF;;5
02656;CALCA FLARE ORIGEM;SEMANA;;VERÃO 2022;;1
02658;VESTIDO URBAN;SEMANA;;VERÃO 2022;;3
02661;REGATA DELICADO;SEMANA;;VERÃO 2022;;1
02662;BLAZER NEUTRO;SEMANA;;INVERNO 2022;;5
02663;VESTIDO CURTO OCEANO;SEMANA;;OFF;;4
02664;CALCA CANDY;SEMANA;BOLONHA ALFAIATARIA HAVY CREPE;VERÃO 2022;CANDY;5
02665;CALCA BASIC;SEMANA;;OFF;;4
02666;CROPPED BASIC;SEMANA;;OFF;;4
02668;CROPPED SWEETY;SEMANA;;VERÃO 2022;SWEETY;1
02669;REGATA SWEETY;SEMANA;;VERÃO 2022;SWEETY;1
02670;VESTIDO MD SWEETY;SEMANA;;VERÃO 2022;SWEETY;1
02671;MACACAO LG SWEETY;SEMANA;;VERÃO 2022;SWEETY;1
02672;MACAQUINHO SWEETY;SEMANA;;OFF;SWEETY;1
02679;VESTIDO MD CHARM;SEMANA;;INVERNO 2022;;9
02680;BLUSA CHARM;SEMANA;;INVERNO 2022;;13
02681;REGATA LOVELY;SEMANA 45;;OFF;LOVELY;1
02686;VESTIDO MD CANDY;SEMANA;;OFF;;4
02687;MACACAO LG CANDY;SEMANA;;VERÃO 2022;;6
02688;CROPPED CANDY;SEMANA;;OFF;;7
02689;VESTIDO MD FREE;SEMANA;;OFF;FREE;1
02690;VESTIDO CURTO FREE;SEMANA;;OFF;FREE;1
02691;SHORT FREE;SEMANA;;OFF;FREE;1
02692;PANTALONA FREE;SEMANA;;OFF;FREE;1
02693;CROPPED FREE;SEMANA;;OFF;FREE;1
02694;TOP FREE;SEMANA;;VERÃO 2022;;1
02695;TOP CANDY;SEMANA;;VERÃO 2022;;1
02696;CROPPED FEELING;SEMANA;;OFF;;7
02697;TOP FEELING;SEMANA;;OFF;;6
02698;REGATA FEELING;SEMANA;;VERÃO 2022;;1
02699;CALCA FEELING;SEMANA;;OFF;;5
02700;SHORT FEELING;SEMANA;;OFF;;9
02701;SAIA LG FEELING;SEMANA;;VERÃO 2022;;1
02702;MACACAO MD FEELING;SEMANA;;OFF;;5
02703;VESTIDO MD LOVELY;SEMANA;;VERÃO 2022;;1
02704;VESTIDO CURTO LOVELY;SEMANA;;VERÃO 2022;;1
02705;MACACAO MD LOVELY;SEMANA 45;;VERÃO 2022;LOVELY;1
02706;MACAQUINHO LOVELY;SEMANA;;VERÃO 2022;;1
02707;VESTIDO MD MODERN;SEMANA;;OFF;;5
02708;BLUSA MODERN;SEMANA;;OFF;;7
02709;CROPPED MODERN;SEMANA;;OFF;;6
02710;CROPPED MODERN;SEMANA;;VERÃO 2022;;1
02711;SHORT MODERN;SEMANA;;VERÃO 2022;;1
02712;MACAQUINHO MODERN;SEMANA;;OFF;;1
02713;CROPPED ALMA;SEMANA;;OFF;;5
02714;MACAQUINHO MD LEVE;SEMANA;;OFF;;6
02715;VESTIDO CURTO URCA;SEMANA;;OFF;;5
02717;PANTALONA LUNE;SEMANA;;INVERNO 2022;;7
02721;PANTACOURT CHERIE;SEMANA;;INVERNO 2022;;1
02722;VESTIDO CURTO CHERIE;SEMANA;;VERÃO 2022;;1
02723;VESTIDO MIDI CHERIE;SEMANA;;VERÃO 2022;;1
02724;MACACAO LG CHERIE;SEMANA;;VERÃO 2022;;1
02725;CROPPED CHERIE;SEMANA;;VERÃO 2022;;1
02726;TOP CHERIE;SEMANA;;VERÃO 2022;;1
02727;SAIA LG LASIE;SEMANA;;VERÃO 2022;;3
02728;VESTIDO MD LASIE;SEMANA;;VERÃO 2022;;3
02729;CROPPED LESIE;SEMANA;;VERÃO 2022;;3
02730;REGATA LA VIE;SEMANA;;VERÃO 2022;;1
02731;SHORT LA VIE;SEMANA;;VERÃO 2022;;1
02732;VESTIDO MD LA VIE;SEMANA;;VERÃO 2022;;1
02733;MACACAO LG LA VIE;SEMANA;;VERÃO 2022;;1
02734;VESTIDO CURTO LA VIE;SEMANA;;OFF;;1
02735;REGATA JETAIME;SEMANA;;VERÃO 2022;;1
02736;VESTIDO CURTO JETAIME;SEMANA;;VERÃO 2022;;1
02737;SHORT JETAIME;SEMANA;;VERÃO 2022;;1
02738;MACACAO JETAIME;SEMANA;;VERÃO 2022;;1
02739;CALCA LUNE;SEMANA;;VERÃO 2022;;6
02763;MACACAO LUNE;SEMANA;;VERÃO 2022;;1
02764;VESTIDO CURTO MONET;SEMANA;;OFF;;5
02765;VESIDOT MD ART DECO;SEMANA 18;;INVERNO 2023;ART DECO;2
02766;MACACAO LG OCEANO;SEMANA;;VERÃO 2022;;3
02770;MACACAO RAIZ;SEMANA;;INVERNO 2021;;1
02772;TOP FREE;SEMANA;;VERÃO 2022;;1
02773;VESTIDO CURTO ORIGEM;SEMANA;;VERÃO 2022;;1
02774;CROPPED ART DECO;SEMANA;;OFF;ART DECO;2
02775;REGATA JARDIM;SEMANA;;OFF;;1
02776;CROPPED FRESCOR;SEMANA;;OFF;;5
02777;VESTIDO MD LAISE;SEMANA;;VERÃO 2022;;6
02778;CROPPED LAISE;SEMANA;;OFF;;5
02779;SAIA MD LASIE;SEMANA;;OFF;;6
02780;VESTIDO MD JARDIM;SEMANA;;VERÃO 2022;;1
02781;VESTIDO CURTO JARDIM;SEMANA;;VERÃO 2022;;1
02782;MACACAO JARDIM;SEMANA;;VERÃO 2022;;1
02783;SHORT JARDIM;SEMANA;;VERÃO 2022;;1
02784;CALCA MONET;SEMANA;;OFF;;5
02785;SHORT MONET;SEMANA;;OFF;;7
02786;SAIA MONET;SEMANA;;VERÃO 2022;;1
02787;REGATA ORGANICO;SEMANA;;OFF;;8
02788;TOP MONET;SEMANA;;VERÃO 2022;;1
02789;MACACAO AMOUR;SEMANA;;VERÃO 2022;AMOUR;1
02790;REGATA AMOUR;SEMANA;;VERÃO 2022;AMOUR;1
02791;SHORT AMOUR;SEMANA;;OFF;AMOUR;1
02792;VESTIDO MD AMOUR;SEMANA;;INVERNO 2022;AMOUR;1
02793;VESTIDO CURTO ROSE;SEMANA;;VERÃO 2022;;1
02794;BLUSA ROSE;SEMANA;;VERÃO 2022;;1
02795;CALCA ROSE;SEMANA;;VERÃO 2022;;1
02796;VESTIDO MD ROSE;SEMANA;;VERÃO 2022;;1
02797;MACACAO ROSE;SEMANA;;VERÃO 2022;;1
02798;VESTIDO MD LART;SEMANA;;OFF;LART;1
02799;KIMONO LART;SEMANA;;VERÃO 2022;;1
02800;BLUSA LART;SEMANA;;VERÃO 2022;;1
02801;MACACAO MD LART;SEMANA;;VERÃO 2022;LART;1
0280101;CALCA LISA MIX TEXTURAS;SEMANA;;VERÃO 2025;;1
0280102;CALCA CARGO ONDAS;SEMANA;;VERÃO 2025;;1
0280103;CALCA MARINE ASTRAL;SEMANA;;VERÃO 2025;;0
0280104;CALCA RETA ONDURAS;SEMANA;;VERÃO 2025;;0
0280105;CALCA RETA MIX POSTURAS;SEMANA;;VERÃO 2025;;0
02802;SHORT LART;SEMANA;;OFF;LART;1
0280206;MACACAO CORTE MIX CORES;SEMANA;;VERÃO 2025;;0
0280207;MACACAO LISO SUEX;SEMANA;;VERÃO 2025;;0
0280208;MACACAO ASTRAL IVE;SEMANA;;VERÃO 2025;;0
0280209;MACACAO CARGO LISO MIX;SEMANA;;VERÃO 2025;;0
0280210;MACACAO CARGO TUTAN;SEMANA;;VERÃO 2025;;0
02803;VESTIDO MD ASTRAL;SEMANA;;OFF;;4
02804;REGATA FRANCE;SEMANA;;VERÃO 2022;;1
02805;SHORT GODE FRANCE;SEMANA;;OFF;;6
0280521;VESTIDO LONGO MIX ONDAS;SEMANA;;VERÃO 2025;;0
0280522;VESTIDO LONGO FESTA;SEMANA;;VERÃO 2025;;0
0280523;VESTIDO LONGO NOITE;SEMANA;;VERÃO 2025;;0
0280524;VESTIDO LONGO IVE TEXTURA;SEMANA;;VERÃO 2025;;0
0280525;VESTIDO LONGO TUTI;SEMANA;;VERÃO 2025;;0
02806;MACACAO  FRANCE;SEMANA;;VERÃO 2022;;1
02807;BLUSA FRANCE;SEMANA;;VERÃO 2022;;1
02808;MACAQUINHO FRANCE;SEMANA;;OFF;;3
02810;BLAZER MONET;SEMANA;;VERÃO 2022;;3
02811;BLUSA BONJOUR;SEMANA;;OFF;BONJOUR;1
02812;SHORT BONJOUR;SEMANA;;VERÃO 2022;;2
02813;MACACAO LG BONJOUR;SEMANA;;OFF;BONJOUR;1
02814;VESTIDO LG BONJOUR;SEMANA;;OFF;BONJOUR;1
02815;CROPPED BONJOUR;SEMANA;;OFF;BONJOUR;1
02816;VESTIDO CURTO BONJOUR;SEMANA;;OFF;BONJOUR;1
02817;MACACAO JETAIME;SEMANA;;VERÃO 2022;;1
02818;BLUSA JETAIME;SEMANA;;VERÃO 2022;;1
02819;KIMONO JETAIME;SEMANA;;VERÃO 2022;;1
02820;CHEMISE JETAIME;SEMANA;;VERÃO 2022;;1
02821;VESTIDO LG LA MER;SEMANA;;VERÃO 2022;;1
02822;CAMISA LA MER;SEMANA;;VERÃO 2022;;1
02823;CROPPED LA MER;SEMANA;;VERÃO 2022;;1
02824;VESTIDO MD POA NOIR;SEMANA;;VERÃO 2022;;1
02825;VESTIDO CURTO SOLEIL;SEMANA 48;;OFF;SOLEIL;1
02826;CROPPED SOLEIL;SEMANA 48;;OFF;SOLEIL;1
02827;VESTIDO MD SOLEIL;SEMANA;;OFF;;1
02829;SHORT  ENERGIA;SEMANA;;OFF;;5
02833;SHORT DELUX;SEMANA;;OFF;;2
02840;CALCA LA VIE;SEMANA;;VERÃO 2022;;5
02841;PANTALONA LA VIE;SEMANA;;VERÃO 2022;;5
02845;KIMONO FREE;SEMANA;;VERÃO 2022;;1
02855;BODY LUNE;SEMANA;;OFF;;4
02856;BODY SOLEI;SEMANA;;OFF;;7
02857;SHORT CLOCHARD ROSE;SEMANA;;OFF;;5
02867;BLUSA LART;SEMANA;;OFF;LART;1
02868;CROPPED LUNE;SEMANA;;OFF;;6
02872;CROPPED FRANCE;SEMANA;;OFF;;4
02877;CROPPED MONET;SEMANA;;OFF;;11
02880;REGATA NATURAL;SEMANA;;INVERNO 2022;;4
02881;MACACAO LG NEUTRO;SEMANA;;VERÃO 2022;;4
02882;PANTALONA BOA VISTA;SEMANA;;ALTO VERÃO 2022;;5
02884;MACAQUINHO NATURAL;SEMANA;;INVERNO 2022;;3
02885;PANTALONA NEUTRO;SEMANA;;INVERNO 2022;;4
02886;CALCA NEUTRO;SEMANA;;INVERNO 2022;;7
02887;SHORT NEUTRO;SEMANA;;INVERNO 2022;;5
02888;VESTIDO MD ORGANICO;SEMANA;;INVERNO 2022;;6
02889;PANTALONA LAPA;SEMANA;;VERÃO 2023;;8
02890;BLUSA ORGANICO;SEMANA;;OFF;;7
02891;TOP JARDIM;SEMANA;;VERÃO 2022;;1
02896;CROPPED NEUTRO;SEMANA;;INVERNO 2022;;6
02897;SHORT GODE CITRON;SEMANA;;OFF;;1
02898;CROPPED CITRON;SEMANA;;INVERNO 2022;;3
02899;BLUSA CITRON;SEMANA;;OFF;;3
02900;CALCA CITRON;SEMANA;;INVERNO 2022;;1
02901;KIMONO HERANCA;SEMANA;;VERÃO 2022;;1
02902;VESTIDO MD HERANCA;SEMANA;;VERÃO 2022;;1
02904;CROPPED HERANCA;SEMANA;;OFF;HERANÇA;1
02905;SHORT HERANCA;SEMANA;;OFF;HERANÇA;1
02906;CALCA HERANCA;SEMANA;;OFF;HERANÇA;1
02907;CALCA ANCESTRAL;SEMANA;;OFF;ANCESTRAL;1
02908;BLUSA ANCESTRAL;SEMANA;;VERÃO 2022;;1
02909;SAIA ANCESTRAL;SEMANA;;OFF;;1
02910;VESTIDO MD ANCESTRAL;SEMANA;;VERÃO 2022;ANCESTRAL;1
02911;CROPPED ANCESTRAL;SEMANA;;VERÃO 2022;ANCESTRAL;1
02912;VESTIDO MD ORGANICO;SEMANA;;VERÃO 2022;;1
02913;CROPPED ORGANICO;SEMANA;;INVERNO 2022;;5
02914;CALCA ORGANICO;SEMANA;;VERÃO 2022;;1
02915;SHORT ORGANICO;SEMANA;;OFF;;7
02916;MACACAO LG FRESCOR;SEMANA;;INVERNO 2022;;5
02917;CHEMISE LG LAPA;SEMANA;;INVERNO 2022;;4
02918;REGATA FRESCOR;SEMANA;;VERÃO 2022;;1
02919;CALCA LAPA;SEMANA;;INVERNO 2022;;7
02920;CROPPED NATURAL;SEMANA;;VERÃO 2022;;1
02921;SHORT NATURAL;SEMANA;;VERÃO 2022;;1
02922;VESTIDO CURTO NATURAL;SEMANA;;VERÃO 2022;;1
02923;VESTIDO MD NATURAL;SEMANA;;VERÃO 2022;;1
02928;SAIA ORGANICO;SEMANA;;OFF;;4
02929;TOP HERANCA;SEMANA;;OFF;HERANÇA;1
02930;VESTIDO MD PEROLA;SEMANA;;VERÃO 2022;PEROLA;1
02931;MACACAO LG PEROLA;SEMANA;;OFF;PEROLA;1
02932;REGATA PEROLA;SEMANA;;OFF;PEROLA;1
02933;SHORT PEROLA;SEMANA;;VERÃO 2022;PEROLA;1
02934;CALCA PEROLA;SEMANA;;VERÃO 2022;PEROLA;1
02935;CROPPED PEROLA;SEMANA;;VERÃO 2022;;1
02936;KIMONO PEROLA;SEMANA;;VERÃO 2022;PEROLA;1
02937;VESTIDO CP EUFORIA;SEMANA;;INVERNO 2022;;1
02939;CAMISA ANCESTRAL;SEMANA;;ALTO VERÃO 2022;;1
02940;SHORT ASTRAL;SEMANA;;OFF;;7
02941;KIMONO LUZ;SEMANA;;OFF;;5
02942;CROPPED LUZ;SEMANA;;OFF;;7
02943;SAIA MD LUZ;SEMANA;;OFF;;7
02944;REGATA VIBRANTE;SEMANA;;OFF;VIBRANTE;1
02945;CROPPED VIBRANTE;SEMANA;;VERÃO 2022;;1
02946;SHORT VIBRANTE;SEMANA;;OFF;VIBRANTE;1
02947;VESTIDO MD VIBRANTE;SEMANA;;VERÃO 2022;;1
02948;VESTIDO CURTO VIBRANTE;SEMANA;;OFF;VIBRANTE;1
02949;VESTIDO TRICOT LUZ;SEMANA;;VERÃO 2022;;3
02950;SAIA MD ENERGIA;SEMANA;;INVERNO 2022;;6
02951;CROPPED RIO;SEMANA;;INVERNO 2022;;8
02953;TSHIRT TULIPA;SEMANA;;VERÃO 2022;;1
02954;JARDINEIRA SNOW;SEMANA;;VERÃO 2022;;1
02955;SAIA SNOW;SEMANA;;OFF;;1
02956;CROPPED RETRO TRICOT;SEMANA;;OFF;;2
02957;MACAQUINHO LUAR;SEMANA;;OFF;;3
02958;CROPPED LUAR;SEMANA;;OFF;;4
02959;TOP FAIXA PEROLA;SEMANA;;OFF;PEROLA;1
02960;COLETE URCA;SEMANA;;INVERNO 2022;;1
02962;MACACAO LG URCA;SEMANA;;INVERNO 2022;;5
02963;TOP CORDEL;SEMANA;;INVERNO 2022;;6
02964;CALCA CORDEL;SEMANA;;INVERNO 2022;;6
02965;PANTALONA ENERGIA;SEMANA;;VERÃO 2022;;1
02967;CROPPED LEME;SEMANA;;VERÃO 2022;;4
02968;SHORT ENERGIA;SEMANA;;VERÃO 2022;;1
02969;CROPPED SLIM;SEMANA;;INVERNO 2022;;6
02970;CALCA SLIM;SEMANA;;VERÃO 2023;;6
02971;CROPPED URCA;SEMANA;;INVERNO 2022;;5
02972;VESTIDO MD SINTONIA;SEMANA;;VERÃO 2022;;1
02973;MACAQUINHO SINTONIA;SEMANA;;VERÃO 2022;;1
02974;CALCA  URCA;SEMANA;;INVERNO 2022;;5
02975;BLUSA SINTONIA;SEMANA;;VERÃO 2022;;1
02976;BLAZER SINTONIA;SEMANA;;VERÃO 2022;;1
02977;MACACAO ASTRAL;SEMANA;;INVERNO 2022;;5
02979;SHORT URCA;SEMANA;;INVERNO 2022;;5
02980;CROPPED LART;SEMANA;;VERÃO 2022;;1
02981;CROPPED COLORS;SEMANA;;OFF;;12
02982;SHORT RIO;SEMANA;;INVERNO 2022;;6
02984;PANTALONA LEME;SEMANA;;VERÃO 2022;;1
02985;PANTACOURT LEME;SEMANA;;VERÃO 2022;;1
02990;MACAQUINHO ORLA;SEMANA;;INVERNO 2022;ORLA;1
02991;BLUSA ORLA;SEMANA;;INVERNO 2022;ORLA;1
02992;VESTIDO CROP ORLA;SEMANA;;INVERNO 2022;ORLA;1
02993;CALCA ORLA;SEMANA;;INVERNO 2022;ORLA;1
02994;SHORT ORLA;SEMANA;;INVERNO 2022;ORLA;1
02998;VESTIDO ACACIAS;SEMANA;;OFF;;5
02999;REGATA URCA;SEMANA;;INVERNO 2022;;6
03000;CALCA RIO;SEMANA;;INVERNO 2022;;6
03001;CROPPED SERENA;SEMANA;;INVERNO 2022;;5
03002;VESTIDO SERENA;SEMANA;;INVERNO 2022;;3
03003;SAIA SERENA;SEMANA;;INVERNO 2022;;2
03011;CALCA JOGGER;SEMANA;;INVERNO 2022;;3
03014;CALCA EUFORIA;SEMANA;;ALTO VERÃO 2022;;1
03015;KIMONO EUFORIA;SEMANA;;INVERNO 2022;AGRESTE;1
03016;CROPPED EUFORIA;SEMANA;;OFF;;1
03017;SHORT CARCARA;SEMANA;;INVERNO 2022;;9
03022;CROPPED TRICOT AMARRACAO;SEMANA;;ALTO VERÃO 2022;;5
03024;VESTIDO MD CORDEL;SEMANA;;INVERNO 2022;;7
03025;CROPPED SERTAO;SEMANA;;INVERNO 2022;;12
03026;CALCA SERTAO;SEMANA;;INVERNO 2022;;7
03029;MACACAO MD SERTAO;SEMANA;;INVERNO 2022;;4
03034;CAMISA EUFORIA;SEMANA;;INVERNO 2022;;5
03035;CAMISA CORDEL;SEMANA;;INVERNO 2022;;5
03036;REGATA CORDEL;SEMANA;;INVERNO 2022;;6
03043;VESTIDO MD ARIDO;SEMANA;;INVERNO 2022;;5
03057;CHEMISE LG CAJU;SEMANA 36;INATIVO;INVERNO 2022;;3
03058;BLUSA CAJU;SEMANA;;INVERNO 2022;;6
03059;CROPPED CIRANDA;SEMANA;;INVERNO 2022;;2
03060;SHORT CIRANDA;SEMANA;;INVERNO 2022;;2
03061;VESTIDO CIRANDA;SEMANA;;INVERNO 2022;;2
03065;VESTIDO CURTO CORDEL;SEMANA;;INVERNO 2022;;4
03066;CROPPED CORDEL;SEMANA;;INVERNO 2022;;9
03067;PANTALONA ARIDO;SEMANA;;INVERNO 2022;;5
03068;VESTIDO MD ENCANTO;SEMANA;;INVERNO 2022;ENCANTO;1
03069;BLUSA ENCANTO;SEMANA;;INVERNO 2022;ENCANTO;1
03070;CALCA ENCANTO;SEMANA;;INVERNO 2022;ENCANTO;1
03071;VESTIDO INF ENCANTO;SEMANA;;INVERNO 2022;ENCANTO;1
03072;CAMISA INF ENCANTO;SEMANA;;INVERNO 2022;ENCANTO;1
03073;CROPPED MANDACARU;SEMANA;;INVERNO 2022;MANDACARU;1
03074;CALCA MANDACARU;SEMANA;;INVERNO 2022;MANDACARU;1
03075;SHORT MANDACARU;SEMANA;;INVERNO 2022;MANDACARU;1
03076;KIMONO MANDACARU;SEMANA;;INVERNO 2022;MANDACARU;1
03078;SHORT CARCARA;SEMANA;;INVERNO 2022;;1
03080;CROPPED SPRITZ;SEMANA;;INVERNO 2022;;5
03082;VESTIDO MD FOLCLORE;SEMANA;;INVERNO 2022;;4
03083;SAIA MD FOLCLORE;SEMANA;;INVERNO 2022;;4
03084;CROPPED FOLCLORE;SEMANA;;INVERNO 2022;;4
03087;CAMISA FLOR DE SEDA;SEMANA;;INVERNO 2022;;2
03089;BLUSA;SEMANA;;INVERNO 2022;;1
03090;VESTIDO CURTO MANDACARU;SEMANA;;INVERNO 2022;MANDACARU;1
03091;BLUSA SERTAO;SEMANA;;INVERNO 2022;;5
03092;BLUSA CORDEL;SEMANA;;INVERNO 2022;;7
03101;CALCA MORENA;SEMANA;;INVERNO 2022;;8
03105;MACACAO ETNICO;SEMANA;;INVERNO 2022;;1
03115;VESTIDO MD AGRESTE;SEMANA;;INVERNO 2022;;1
03116;CALCA AGRESTE;SEMANA;;INVERNO 2022;AGRESTE;1
03117;KIMONO AGRESTE;SEMANA;;INVERNO 2022;AGRESTE;1
03118;CAMISA AGRESTE;SEMANA;;INVERNO 2022;AGRESTE;1
03119;CROPPED;SEMANA;;INVERNO 2022;;1
03120;BLUSA MORENA;SEMANA;;INVERNO 2022;;8
03121;MACACAO LG MORENA;SEMANA;;VERÃO 2023;;4
03122;CAMISA EST SOLO;SEMANA;;INVERNO 2022;SOLO;1
03123;VESTIDO MD SOLO;SEMANA;;INVERNO 2022;SOLO;1
03124;PANTACOURT EST SOLO;SEMANA;;INVERNO 2022;SOLO;1
03125;SHORT EST SOLO;SEMANA;;INVERNO 2022;SOLO;1
03126;CROPPED SOLO;SEMANA;;INVERNO 2022;SOLO;1
03127;MACACAO LG SOLO;SEMANA;;INVERNO 2022;SOLO;1
03129;SHORT SOFT;SEMANA;;INVERNO 2022;;1
03131;SHORT ETNICO;SEMANA;;INVERNO 2022;;1
03132;CROPPED MORENA;SEMANA;;INVERNO 2022;;10
03133;BLAZER MORENA;SEMANA;;INVERNO 2022;;9
03134;MACACAO MD ARIDO;SEMANA;;INVERNO 2022;;5
03135;BLUSA ARIDO;SEMANA;;INVERNO 2022;;4
03137;MACAQUINHO MORENA;SEMANA;;INVERNO 2022;;5
03138;PANTALONA MORENA;SEMANA;;INVERNO 2022;;6
03139;SHORT MORENA;SEMANA;;INVERNO 2022;;6
03142;SAIA MORENA;SEMANA;;INVERNO 2022;;6
03143;KIMONO HARMONIA;SEMANA;;VERÃO 2023;;1
03144;SHORT HARMONIA;SEMANA;;VERÃO 2023;;1
03145;MACACAO HARMONIA;SEMANA;;INVERNO 2022;;1
03146;REGATA HARMONIA;SEMANA;;INVERNO 2022;;1
03147;PANTALONA HARMONIA;SEMANA;;VERÃO 2023;;1
03148;VESTIDO CURTO HARMONIA;SEMANA;;INVERNO 2022;;1
03150;VESTIDO CURTO JUAZEIRO;SEMANA;;VERÃO 2023;;5
03156;CROPPED CACTO;SEMANA;;INVERNO 2022;CACTO;1
03157;VESTIDO MD CACTO;SEMANA;;INVERNO 2022;CACTO;1
03158;MACACAO CACTO;SEMANA;;INVERNO 2022;CACTO;1
03159;CALCA;SEMANA;;INVERNO 2022;;1
03160;VESTIDO MD;SEMANA;;INVERNO 2022;;1
03161;SHORT;SEMANA;;INVERNO 2022;;1
03162;CALCA;SEMANA;;INVERNO 2022;;1
03163;CROPPED;SEMANA;;INVERNO 2022;;1
03164;BATA JUAZEIRO;SEMANA;;INVERNO 2022;;5
03165;CROPPED NORDESTE;SEMANA;;VERÃO 2023;;9
03166;PANTALONA SERTAO;SEMANA;;VERÃO 2023;;5
03168;CALCA CARCARA;SEMANA;INATIVO;VERÃO 2023;;6
03169;CROPPED CARCARA;SEMANA;;VERÃO 2023;;6
03171;TOP RENDA FLOR;SEMANA;;INVERNO 2022;;4
03182;SHORT CAJU;SEMANA;;VERÃO 2023;;5
03183;CROPPED CAJU;SEMANA;;INVERNO 2022;;7
03184;CALCA CAJU;SEMANA;;VERÃO 2023;;5
03185;JAQUETA BOTAO FORRADO;SEMANA;;VERÃO 2023;;6
03187;CROPPED TERRA;SEMANA;;INVERNO 2022;;3
03188;SAIA LG TERRA;SEMANA;;INVERNO 2022;;3
03190;LENCO DIA DAS MAES;CONTINUO;;BRINDE;;1
03221;VESTIDO NORDESTE;SEMANA;;VERÃO 2023;;5
03222;CALCA NORDESTE;SEMANA;ENTRETELA ( CABERAF );VERÃO 2023;;7
03223;MACACAO LG NORDESTE;SEMANA;;VERÃO 2023;;5
03224;KIMONO NORDESTE;SEMANA;;VERÃO 2023;;6
03225;PANTALONA VERMON;SEMANA;;VERÃO 2023;;5
03226;CROPPED VERMON;SEMANA;;VERÃO 2023;;4
03227;VESTIDO LG JUAZEIRO;SEMANA;;INVERNO 2022;;5
03228;PANTALONA CIRANDA;SEMANA;;VERÃO 2023;;2
03229;TOP CIRANDA;SEMANA;;VERÃO 2023;;2
03230;KIMONO CIRANDA;SEMANA;;VERÃO 2023;;1
03231;PARKA TERRA;SEMANA 09;INATIVO;INVERNO 2023;;7
03232;CALCA FLARE TERRA;SEMANA 09;INATIVO;INVERNO 2023;;7
03233;TOP TERRA;SEMANA 09;INATIVO;INVERNO 2023;;7
03234;BLUSA JUAZEIRO;SEMANA;;VERÃO 2023;;7
03235;BODY TULE ML;CANCELADO;;ALTO VERÃO 2022;;1
03238;CALCA FLARE ZIPER METAL SELF;SEMANA 01;INATIVO;ALTO VERÃO 2023;;5
03239;MACACAO ALEGRIA;CANCELADO;;VERÃO 2023;;4
03241;VESTIDO BOTAO FRONTAL;SEMANA;;VERÃO 2023;;3
03242;PANTALONA ALEGRIA;CANCELADO;;VERÃO 2023;;1
03243;BLUSA ALEGRIA;CANCELADO;;VERÃO 2023;;1
03244;REGATA ALEGRIA;CANCELADO;;VERÃO 2023;;1
03245;VESTIDO LONGO ALEGRIA;CANCELADO;;VERÃO 2023;;1
03246;SHORT ENTREMEIO;SEMANA;;INVERNO 2023;;1
03247;PANTALONA ENTREMEIO;CANCELADO;;VERÃO 2023;;1
03248;VESTIDO ENTREMEIO;SEMANA;;INVERNO 2023;;1
03249;SAIA MIDI ENTREMEIO;SEMANA;;INVERNO 2023;;1
03250;BLUSA ENTREMEIO;CANCELADO;;VERÃO 2023;;1
03252;CALCA STAR;CANCELADO;;ALTO VERÃO 2023;;1
03254;VESTIDO FESTA;CANCELADO;;VERÃO 2023;;1
03255;MACACAO FESTA;SEMANA 46;;VERÃO 2023;;4
03256;TOP STAR;CANCELADO;;ALTO VERÃO 2023;;1
03257;VESTIDO CURTO ABSTRATO;SEMANA 01;EST ABSTRATA NATHALY 21677;ALTO VERÃO 2023;;1
03258;VESTIDO MIDI ABSTRATO;SEMANA 01;EST ABSTRATA NATHALY 21677;ALTO VERÃO 2023;;1
03259;CROPPED ABSTRATO;SEMANA 01;EST ABSTRATA NATHALY 21677;ALTO VERÃO 2023;;1
03260;CALCA ABSTRATO;SEMANA 01;EST ABSTRATA NATHALY 21677;ALTO VERÃO 2023;;1
03261;JAQUETA CROPPED SELF;SEMANA 04;INATIVO;ALTO VERÃO 2023;;5
03262;TOP SELF;SEMANA 04;ALFAIATARIA MARANT;VERÃO 2023;;5
03263;PANTALONA DETALHE NY;CANCELADO;;VERÃO 2023;;1
03264;REGATA FRALDADA NY;CANCELADO;;VERÃO 2023;;1
03265;BLAZER BOLSO NY;CANCELADO;;VERÃO 2023;;1
03266;CROPPED SELF;SEMANA 04;LASTEX 12X500;ALTO VERÃO 2023;;3
03267;CHEMISE LG CEU;CANCELADO;;VERÃO 2023;;1
03268;BLUSA CEU;SEMANA;LAISE MAUI;ALTO VERÃO 2023;;4
03269;VESTIDO CURTO CEU;CANCELADO;;ALTO VERÃO 2023;;1
03270;SAIA LONGA CEU;SEMANA 06;LAISE MAUI;VERÃO 2023;;2
03271;SAIA MD BATIK;SEMANA 50;EST BATIK BROMELIA 987943301 LIA LUREX;VERÃO 2023;;1
03274;CROPPED BATIK;SEMANA;EST BATIK BROMELIA 987943301 LIA LUREX;VERÃO 2023;;1
03275;BLUSA BATIK;SEMANA 50;EST BATIK BROMELIA 987943301 LIA LUREX;VERÃO 2023;;1
03277;REGATA MOSCOU;SEMANA;;VERÃO 2023;;3
03279;PANTALONA RESORT;SEMANA;;VERÃO 2023;;1
03280;CHEMISE RESORT;SEMANA;;VERÃO 2023;;1
03281;BLAZER CROP MORENA;SEMANA;ATACAMA POLY SPAN;VERÃO 2023;;8
03282;TOP SONETO;SEMANA;;INVERNO 2022;;1
03283;SAIA SONETO;SEMANA;;VERÃO 2023;SONETO;1
03284;BOMBER SONETO;SEMANA;;VERÃO 2023;SONETO;1
03285;BLUSA SONETO;SEMANA;;VERÃO 2023;SONETO;1
03288;PARKA RIOS;SEMANA;;VERÃO 2023;RIOS;1
03289;CROPPED GOTA;CANCELADO;;VERÃO 2023;;1
03290;SAIA LONGA BABADOS GLOM;CANCELADO;;VERÃO 2023;;1
03291;VESTIDO CURTO MANGA AMPLA GLOM;CANCELADO;;VERÃO 2023;;1
03292;PANTALONA PASSADOR DUPLO GLOM;CANCELADO;;VERÃO 2023;;1
03293;CROPPED BABADO GLOM;CANCELADO;;VERÃO 2023;;1
03294;VESTIDO LONGO BABADOS GLOM;CANCELADO;;VERÃO 2023;;1
03295;CALCA RIOS;SEMANA;;VERÃO 2023;RIOS;1
03296;VESTIDO RIOS;SEMANA;;VERÃO 2023;RIOS;1
03297;CROPPED RIOS;SEMANA;;VERÃO 2023;RIOS;1
03298;SHORT RIOS;SEMANA;;VERÃO 2023;RIOS;1
03300;PANTALONA SONETO;SEMANA;;VERÃO 2023;SONETO;1
03306;CAMISA POESIA;SEMANA;;VERÃO 2023;POESIA;1
03307;CROPPED POESIA;CANCELADO;;INVERNO 2022;;1
03308;SHORT POESIA;SEMANA;;VERÃO 2023;POESIA;1
03311;JAQUETA CROPPED URBAN;SEMANA 37;;VERÃO 2023;;6
03313;BLAZER CITY;SEMANA 37;;VERÃO 2023;;7
03314;CROPPED ALCA LUA;SEMANA 07;FORRO VISCOSE POPLIN;ALTO VERÃO 2023;;3
03315;CALCA BOLSO LUA;SEMANA 07;INATIVO;ALTO VERÃO 2023;;3
03317;REGATA TROPICAL;SEMANA;ELASTICO (7);VERÃO 2023;TROPICAL;1
03323;MACACAO POESIA;SEMANA;;VERÃO 2023;POESIA;1
03324;CALCA POESIA;SEMANA;;VERÃO 2023;POESIA;1
03325;VESTIDO MELODIA;SEMANA;;INVERNO 2022;;1
03326;CHEMISE MELODIA;SEMANA;;VERÃO 2023;MELODIA;1
03327;BOMBER LISA NOVA YORK;CANCELADO;;INVERNO 2022;;1
03330;CALCA MELODIA;SEMANA;BOTAO CASQUINHA MADREPEROLA (18);VERÃO 2023;MELODIA;1
03334;BLUSA MELODIA;SEMANA;;VERÃO 2023;MELODIA;1
03342;SHORT CONFORTO;SEMANA 44;EST CONFORTO BASE BROMELIA;VERÃO 2023;CONFORTO;1
03343;SHORT MARANT;CANCELADO;;VERÃO 2023;;1
03345;CALCA MARANT;CANCELADO;;VERÃO 2023;;1
03346;PANTALONA MARANT;CANCELADO;;VERÃO 2023;;1
03347;CROPPED MARANT;CANCELADO;;VERÃO 2023;;1
03348;MACACAO MARANT;CANCELADO;;VERÃO 2023;;1
03349;CALCA CONFORTO;SEMANA 44;EST CONFORTO BASE BROMELIA;VERÃO 2023;CONFORTO;1
03351;VESTIDO CANTIGA;SEMANA;;VERÃO 2023;;4
03369;BLUSA POESIA;SEMANA;;VERÃO 2023;POESIA;1
03372;CROPPED LIFE;SEMANA 25;INATIVO;INVERNO 2023;;5
03376;BLUSA HARMONIA;SEMANA;;VERÃO 2023;;6
03386;PANTALONA LIFE;SEMANA 24;;INVERNO 2023;;5
03389;CHEMISE CONFORTO;SEMANA 44;EST CONFORTO BASE BROMELIA;VERÃO 2023;CONFORTO;1
03392;CALCA CITY;SEMANA;;VERÃO 2023;;1
03393;MACACAO ASTRAL NEW;SEMANA;;VERÃO 2023;;4
03396;BLAZER LAPELA CAJUEIRO;CANCELADO;;VERÃO 2023;;1
03397;CALCA JOGGER CAJUEIRO;CANCELADO;;VERÃO 2023;;1
03398;CROPPED BABADO CAJUEIRO;CANCELADO;;VERÃO 2023;;1
03399;REGATA TRANCA SKY;CANCELADO;;VERÃO 2023;;1
03400;VESTIDO CURTO TRAPEZIO SKY;CANCELADO;;VERÃO 2023;;1
03401;CALCA PREGA SKY;SEMANA;;VERÃO 2023;;1
03402;CALCA NERVURA COOL;SEMANA;;ALTO VERÃO 2023;;1
03403;BLAZER LAPELA COOL;SEMANA;;ALTO VERÃO 2023;;1
03405;CAMISA LESIE;CANCELADO;;VERÃO 2023;;1
03406;VESTIDO FLOWER;SEMANA 42;LAISE MAUI;VERÃO 2023;;7
03407;SHORT PREGA CAJUEIRO;CANCELADO;;VERÃO 2023;;1
03408;VESTIDO TROPICAL;SEMANA;ETIQUETA INTERNA (PP);VERÃO 2023;TROPICAL;1
03409;REGATA FELINO;SEMANA;CODIGO DE BARRAS 43X75MM;VERÃO 2023;FELINO;1
03410;CHEMISE FELINO;SEMANA;CODIGO DE BARRAS 43X75MM;VERÃO 2023;FELINO;1
03411;SAIA FELINO;SEMANA;CODIGO DE BARRAS 43X75MM;VERÃO 2023;FELINO;1
03412;TOP FELINO;SEMANA;TAG PAPEL C/ ILHOES LIZIE;VERÃO 2023;FELINO;1
03413;CALCA FLARE FELINO;SEMANA;CODIGO DE BARRAS 43X75MM;VERÃO 2023;FELINO;1
03417;BLUSA BABADO CELEBRATE;CANCELADO;;VERÃO 2023;;1
03418;CAMISA FELINO;SEMANA;CODIGO DE BARRAS 43X75MM;VERÃO 2023;FELINO;1
03419;VESTIDO LIFE;SEMANA 42;INATIVO;VERÃO 2023;;5
03421;BLUSA CONFORTO;SEMANA 44;EST CONFORTO BASE BROMELIA;VERÃO 2023;CONFORTO;1
03424;CALCA CITY;SEMANA 37;ATACAMA POLY SPAN;VERÃO 2023;;7
03425;SHORT FELINO;SEMANA;CODIGO DE BARRAS 43X75MM;VERÃO 2023;FELINO;1
03426;SHORT GODE ABSTRATO;SEMANA 01;EST ABSTRATA NATHALY 21677;ALTO VERÃO 2023;;1
03428;TOP CITY;SEMANA 37;;VERÃO 2023;;5
03429;VESTIDO MD CONFORTO;SEMANA 44;EST CONFORTO BASE BROMELIA;VERÃO 2023;CONFORTO;1
03434;MACAQUINHO LEVE NEW;SEMANA;;OUTONO/INVERNO 2016;;1
03439;MACACAO DAY;SEMANA 41;;INVERNO 2023;DAY;1
03440;CROPPED DAY;SEMANA 40;LASTEX 12X500;VERÃO 2023;DAY;1
03441;SHORT DAY;SEMANA 41;;INVERNO 2023;DAY;1
03442;CAMISA DAY;SEMANA 41;;INVERNO 2023;DAY;1
03447;PANTALONA NEW;SEMANA;;INVERNO 2022;;1
03448;MACACAO CITY;SEMANA 37;;VERÃO 2023;;4
03451;VESTIDO NIGHT;SEMANA 40;ETIQUETA INTERNA (PP);VERÃO 2023;NIGHT;1
03452;KIMONO NIGHT;SEMANA 40;ETIQUETA INTERNA (PP);VERÃO 2023;NIGHT;1
03453;REGATA NIGHT;SEMANA 40;ETIQUETA INTERNA (PP);VERÃO 2023;NIGHT;1
03454;CROPPED NIGHT;SEMANA 40;ETIQUETA INTERNA (PP);VERÃO 2023;NIGHT;1
03455;CALCA NIGHT;SEMANA 40;ETIQUETA INTERNA (PP);VERÃO 2023;NIGHT;1
03459;CAMISA FLOWER;SEMANA 42;LAISE MAUI;VERÃO 2023;;7
03461;CALCA PREGAS;SEMANA 39;TAG PAPEL C/ ILHOES LIZIE;VERÃO 2023;;5
03462;CALCA RECORTE NY;SEMANA 46;INATIVO;VERÃO 2023;;5
03464;SAIA REFUGIO;SEMANA;LINHO ALGARVE;VERÃO 2023;;5
03465;CROPPED REFUGIO;SEMANA;LINHO ALGARVE;VERÃO 2023;;6
03466;PANTALONA REFUGIO;SEMANA;LINHO ALGARVE;VERÃO 2023;;4
03468;SHORT TROPICAL;SEMANA 42;ETIQUETA INTERNA (PP);VERÃO 2023;TROPICAL;1
03469;CALCA TROPICAL;SEMANA 42;ETIQUETA INTERNA (PP);VERÃO 2023;TROPICAL;1
03477;CROPPED ENERGIA;SEMANA;;INVERNO 2022;;5
03478;CROPPED TROPICAL;CANCELADO;ETIQUETA INTERNA (PP);VERÃO 2023;;1
03484;REGATA NY;CANCELADO;;VERÃO 2023;;1
03496;CAMISA FUN;SEMANA 43;EST FUN ONCA PRINT;VERÃO 2023;FUN;1
03497;BLUSA FUN;SEMANA 43;EST FUN ONCA PRINT;VERÃO 2023;FUN;1
03498;SHORT FUN;SEMANA 43;EST FUN ONCA PRINT;VERÃO 2023;FUN;1
03499;VESTIDO FUN;SEMANA 43;EST FUN ONCA PRINT;VERÃO 2023;FUN;1
03500;BLUSA OMBREIRA NY;SEMANA 46;INATIVO;VERÃO 2023;;5
03501;PANTALONA CAJUEIRO;SEMANA 49;VISCOLINHO TEMPLES;VERÃO 2023;;6
03502;CALCA STRONGER;SEMANA 13;EST STRONGER BASE BROMELIA;INVERNO 2023;STRONGER;1
03503;BLUSA STRONGER;SEMANA 13;EST STRONGER BASE BROMELIA;INVERNO 2023;STRONGER;1
03504;MACACAO GLOW;SEMANA;;ALTO VERÃO 2023;;1
03505;BLUSA GLOW;SEMANA;;ALTO VERÃO 2023;;1
03506;SHORT GLOW;CANCELADO;;ALTO VERÃO 2023;;1
03507;VESTIDO BABADO GLOW;CANCELADO;;VERÃO 2023;;1
03509;VESTIDO VOIL POA;SEMANA;;ALTO VERÃO 2023;;1
03510;CAMISA VOIL POA;SEMANA;;ALTO VERÃO 2023;;1
03511;MACAQUINHO VITRAL;SEMANA 04;EST VITRAL BASE BROMELIA;VERÃO 2023;;1
03512;PANTALONA VITRAL;SEMANA 04;EST VITRAL BASE BROMELIA;ALTO VERÃO 2023;;1
03513;SHORT VITRAL;SEMANA 04;EST VITRAL BASE BROMELIA;ALTO VERÃO 2023;;1
03515;VESTIDO MIDI VITRAL;SEMANA 04;EST VITRAL BASE BROMELIA;ALTO VERÃO 2023;;1
03520;SHORT LUA;SEMANA 07;FORRO VISCOSE POPLIN;ALTO VERÃO 2023;;3
03521;CALCA FUN;SEMANA 43;EST FUN ONCA PRINT;VERÃO 2023;FUN;1
03522;BLAZER LAPELA CAJUEIRO;SEMANA 49;VISCOLINHO TEMPLES;VERÃO 2023;;5
03523;MACAQUINHO ELEGANCE;SEMANA 46;EST ELEGANCE BASE PARISE;VERÃO 2023;;1
03524;CROPPED GOLD;CANCELADO;;ALTO VERÃO 2023;;1
03525;BLAZER PRISMA;SEMANA 11;ALFAIATARIA SOHO;INVERNO 2023;;9
03526;SHORT PRISMA;SEMANA;;INVERNO 2023;;1
03527;TOP PRISMA;SEMANA;;INVERNO 2023;;1
03529;VESTIDO MIDI STRONGER;SEMANA 13;EST STRONGER BASE BROMELIA;INVERNO 2023;STRONGER;1
03531;TOP COOL;CANCELADO;;ALTO VERÃO 2023;;1
03532;PANTALONA COOL;SEMANA;;ALTO VERÃO 2023;;1
03533;COLETE COOL;CANCELADO;;VERÃO 2023;;1
03536;BLUSA LUNAR;SEMANA;;VERÃO 2017;;1
03538;SHORT LUNAR;SEMANA 23;LINHO WASHED PLUS P11LN0026;INVERNO 2023;;2
03544;CALCA DUO;SEMANA 09;MONTE CARLO TWO WAY SPAN;VERÃO 2023;;2
03545;CROPPED DUO;SEMANA 09;MONTE CARLO TWO WAY SPAN;VERÃO 2023;;3
03556;MACACAO DUNAS;SEMANA 48;EST DUNAS - PARISE;VERÃO 2023;;1
03559;SHORT NY;SEMANA 46;INATIVO;VERÃO 2023;;5
03560;CRPPED ELEGANCE;SEMANA 46;EST ELEGANCE BASE PARISE;VERÃO 2023;;1
03561;VESTIDO LONGO RESORT;SEMANA 46;DANIELLE RAYON CREPE;VERÃO 2023;;4
03562;VESTIDO CURTO RESORT;SEMANA 46;DANIELLE RAYON CREPE;VERÃO 2023;;5
03563;BLAZER FESTA;SEMANA 52;ATACAMA POLY SPAN;VERÃO 2023;;2
03567;MACACAO AMARRACAO;SEMANA 43;BOLONHA ALFAIATARIA HAVY CREPE;VERÃO 2023;;12
03568;VESTIDO LONGO AFETO;SEMANA 50;AUSTRIA COTTON JACQUARD;VERÃO 2023;;3
03569;CAMISA CROP AFETO;SEMANA 50;AUSTRIA COTTON JACQUARD;VERÃO 2023;;3
03578;BLUSA DUNAS;SEMANA 48;EST DUNAS - PARISE;VERÃO 2023;;1
03579;SHORT DUNAS;SEMANA 48;EST DUNAS BASE PARISE;VERÃO 2023;;1
03580;VESTIDO DUNAS;SEMANA 48;EST DUNAS - PARISE;VERÃO 2023;;1
03581;VESTIDO LONGO TOWN;SEMANA 48;RAVIOLI COTTON BORDADO;VERÃO 2023;;1
03584;CALCA BLEND;SEMANA 11;EST BLEND;INVERNO 2023;BLEND;1
03585;BLUSA BLEND;SEMANA;;ALTO VERÃO 2023;BLEND;1
03586;CAMISA BLEND;SEMANA 11;EST BLEND;INVERNO 2023;BLEND;1
03587;VESTIDO CURTO SELF;SEMANA 04;FORRO VISCOSE POPLIN;ALTO VERÃO 2023;;2
03588;BLAZER SOL;CANCELADO;;ALTO VERÃO 2023;;1
03589;PANTALONA SOL;CANCELADO;;ALTO VERÃO 2023;;1
03591;MACAQUINHO NY;SEMANA 46;INATIVO;VERÃO 2023;;6
03594;SHORT GOLD;SEMANA;;ALTO VERÃO 2023;;1
03595;REGATA GOLD;SEMANA;;ALTO VERÃO 2023;;1
03596;TOP GOLD;SEMANA;;ALTO VERÃO 2023;;1
03597;VESTIDO CURTO  GOLD;SEMANA;;ALTO VERÃO 2023;;1
03598;CROPPED SUMMER;SEMANA 05;EST SUMMER;ALTO VERÃO 2023;;1
03599;VESTIDO LG SUMMER;SEMANA 02;EST SUMMER;ALTO VERÃO 2023;;1
03600;SHORT SUMMER;SEMANA 05;EST SUMMER;ALTO VERÃO 2023;;1
03601;BLAZER SUMMER;CANCELADO;;ALTO VERÃO 2023;;1
03602;CALCA SUMMER;SEMANA 05;EST SUMMER;ALTO VERÃO 2023;;1
03616;CROPPED CELEBRATE;SEMANA 51;EST CELEBRATE BASE PARISE;VERÃO 2023;;1
03617;MACAQUINHO CELEBRATE;SEMANA 51;EST CELEBRATE BASE PARISE;VERÃO 2023;;1
03618;PANTALONA CELEBRATE;SEMANA 51;EST CELEBRATE BASE PARISE;VERÃO 2023;;1
03619;VESTIDO CELEBRATE;SEMANA 51;EST CELEBRATE BASE PARISE;VERÃO 2023;;1
03620;KIMONO ELEGANCE;SEMANA 46;EST ELEGANCE BASE PARISE;VERÃO 2023;;1
03621;VESTIDO ELEGANCE;SEMANA 46;EST ELEGANCE BASE PARISE;VERÃO 2023;;1
03622;VESTIDO CURTO NY;SEMANA;ELASTICO 9MM (10);VERÃO 2023;;5
03623;CALCA DUNAS;SEMANA 48;EST DUNAS - PARISE;VERÃO 2023;;1
03628;VESTIDO CURTO BATIK;SEMANA 50;EST BATIK BROMELIA 987943301 LIA LUREX;VERÃO 2023;;1
03631;KIMONO SUMMER;SEMANA 05;EST SUMMER;ALTO VERÃO 2023;;1
03632;VESTIDO CURTO BLEND;SEMANA;;ALTO VERÃO 2023;BLEND;1
03633;MACACAO BLEND;SEMANA 11;EST BLEND;INVERNO 2023;BLEND;1
03635;BLAZER LEOPARDO;CANCELADO;;ALTO VERÃO 2023;LEOPARDO;1
03636;VESTIDO LG LEOPARDO;SEMANA 09;EST LEOPARDO;INVERNO 2023;LEOPARDO;1
03637;PANTALONA LEOPARDO;SEMANA 09;EST LEOPARDO;INVERNO 2023;LEOPARDO;1
03638;CROPPED LEOPARDO;CANCELADO;;ALTO VERÃO 2023;LEOPARDO;1
03639;VESTIDO CEU;CANCELADO;;ALTO VERÃO 2023;;1
03640;VESTIDO MD RUBI;SEMANA;;ALTO VERÃO 2023;;1
03641;MACAQUINHO SAIA RUBI;SEMANA;;ALTO VERÃO 2023;;1
03642;TOP VITRAL;SEMANA 04;EST VITRAL BASE BROMELIA;ALTO VERÃO 2023;;1
03643;PANTALONA NY;SEMANA 46;INATIVO;VERÃO 2023;;5
03651;SHORT ELEGANCE;SEMANA 46;EST ELEGANCE BASE PARISE;VERÃO 2023;;1
03655;CALCA ELEGANCE;SEMANA 46;EST ELEGANCE BASE PARISE;VERÃO 2023;;1
03659;PANTALONA GLAM;SEMANA 49;EST GLAM BASE BROMELIA - INATIVO;VERÃO 2023;;1
03661;BLUSA AFETO;SEMANA 50;AUSTRIA COTTON JACQUARD;VERÃO 2023;;3
03666;SHORT CEU;SEMANA 06;LAISE MAUI;ALTO VERÃO 2023;;2
03667;CAMISA CEU;SEMANA 06;LAISE MAUI;ALTO VERÃO 2023;;4
03668;VESTIDO LONGO DOTS;SEMANA 02;AUSTRIA COTTON JACQUARD;ALTO VERÃO 2023;;3
03671;CROPPED GLAM;SEMANA 49;EST GLAM BASE BROMELIA - INATIVO;ALTO VERÃO 2023;;1
03672;VESTIDO CURTO GLAM;SEMANA 49;EST GLAM BASE BROMELIA - INATIVO;ALTO VERÃO 2023;;1
03673;VESTIDO LONGO GLAM;SEMANA 49;EST GLAM BASE BROMELIA - INATIVO;ALTO VERÃO 2023;;1
03674;SHORT SELF;SEMANA 04;INATIVO;ALTO VERÃO 2023;;3
03675;CAMISA LEOPARDO;SEMANA 09;EST LEOPARDO;INVERNO 2023;LEOPARDO;1
03676;CAMISA FESTA;SEMANA 46;INATIVO;ALTO VERÃO 2023;;3
03677;BLUSA GLAM;SEMANA 49;EST GLAM BASE BROMELIA - INATIVO;VERÃO 2023;;1
03679;PANTALONA BATIK;SEMANA 50;EST BATIK BROMELIA 987943301 LIA LUREX;VERÃO 2023;;1
03682;REGATA BLEND;SEMANA 13;EST BLEND;INVERNO 2023;BLEND;1
03683;VESTIDO GLOW;SEMANA;;ALTO VERÃO 2023;;1
03684;CALCA GLOW;SEMANA;;ALTO VERÃO 2023;;1
03685;VESTIDO LONGO BLEND;SEMANA 11;EST BLEND;INVERNO 2023;BLEND;1
03690;CALCA AMARRACAO SELF;SEMANA 04;INATIVO;ALTO VERÃO 2023;;5
03692;SHORT PARAISO;SEMANA 09;MONTE VERNON POLY LINEN;INVERNO 2023;;4
03693;CROPPED PARAISO;SEMANA 09;MONTE VERNON POLY LINEN;INVERNO 2023;;4
03694;PANTALONA PARAISO;SEMANA 09;MONTE VERNON POLY LINEN;INVERNO 2023;;4
03695;PANTALONA BOLSO NERVURAS;SEMANA 09;ATACAMA POLY SPAN;INVERNO 2023;;3
03699;BLUSA DOTS;SEMANA 02;AUSTRIA COTTON JACQUARD;ALTO VERÃO 2023;;3
03700;SAIA PAREO MIDI;SEMANA 48;DANIELLE RAYON CREPE;ALTO VERÃO 2023;;1
03701;VESTIDO CURTO STRONGER;SEMANA 13;EST STRONGER BASE BROMELIA;INVERNO 2023;STRONGER;1
03702;SAIA PAREO VITRAL;SEMANA 04;EST VITRAL BASE BROMELIA;ALTO VERÃO 2023;;1
03707;SHORT LEOPARDO;SEMANA 09;EST LEOPARDO;INVERNO 2023;LEOPARDO;1
03716;SHORT CACAU;SEMANA 09;INATIVO;ALTO VERÃO 2023;;3
03718;CAMISA CACAU;SEMANA 09;INATIVO;ALTO VERÃO 2023;;3
03719;BLUSA NATURALLE;SEMANA;ETIQUETA INTERNA (PP);INVERNO 2023;;4
03720;PANTALONA NATURALE;SEMANA 10;INATIVO;INVERNO 2023;;6
03723;SHORT STAR;SEMANA 28;BORDEAUX CREPE AIR FLOW;ALTO VERÃO 2023;;6
03724;VESTIDO STAR;SEMANA 05;BORDEAUX CREPE AIR FLOW;ALTO VERÃO 2023;;4
03728;SHORT LILLY;SEMANA 09;ATACAMA POLY SPAN;INVERNO 2023;;4
03729;MACACAO NASCER;SEMANA 14;BORDEAUX CREPE AIR FLOW;INVERNO 2023;;3
03730;CALCA NASCER;SEMANA 14;BORDEAUX CREPE AIR FLOW;INVERNO 2023;;5
03731;VESTIDO CURTO NASCER;SEMANA 14;BORDEAUX CREPE AIR FLOW;INVERNO 2023;;4
03732;CALCA IKAT;SEMANA 15;EST IKAT BASE BROMELIA;INVERNO 2023;IKAT;1
03734;VESTIDO CURTO IKAT;SEMANA 15;EST IKAT BASE BROMELIA;INVERNO 2023;IKAT;1
03735;CAMISA IKAT;SEMANA 15;EST IKAT BASE BROMELIA;INVERNO 2023;IKAT;1
03736;VESTIDO LONGO IKAT;SEMANA 15;EST IKAT BASE BROMELIA;INVERNO 2023;IKAT;1
03737;BLUSA IKAT;SEMANA 15;EST IKAT BASE BROMELIA;INVERNO 2023;IKAT;1
03741;SHORT SAIA IKAT;SEMANA 15;EST IKAT BASE BROMELIA;INVERNO 2023;IKAT;1
03742;VESTIDO LONGO HONNEY;SEMANA 17;EST HONNEY BASE NATHALY;INVERNO 2023;HONNEY;1
03747;CAMISA TESTE;SEMANA;;INVERNO 2023;;1
03748;MACACAO HONNEY;SEMANA 17;EST HONNEY BASE NATHALY;INVERNO 2023;HONNEY;1
03749;CROPPED HONNEY;SEMANA 17;EST HONNEY BASE NATHALY;INVERNO 2023;HONNEY;1
03750;CALCA HONNEY;SEMANA 17;EST HONNEY BASE NATHALY;INVERNO 2023;HONNEY;1
03751;CAMISA HONNEY;SEMANA 17;EST HONNEY BASE NATHALY;INVERNO 2023;HONNEY;1
03752;CAMISA HONNEY INFANTIL;SEMANA 17;EST HONNEY BASE NATHALY;INVERNO 2023;HONNEY;1
03753;VESTIDO INFANTIL HONNEY;SEMANA 17;EST HONNEY BASE NATHALY;INVERNO 2023;HONNEY;1
03754;BLUSA STAR;SEMANA 28;BORDEAUX CREPE AIR FLOW;ALTO VERÃO 2023;;8
03755;VESTIDO CURTO DUO II;SEMANA 10;FIRENZE;INVERNO 2023;;4
03756;BLUSA DUO II;SEMANA 10;FIRENZE;INVERNO 2023;;6
03757;BLAZER CROPPED;SEMANA 20;ATACAMA POLY SPAN;INVERNO 2023;;4
03758;CAMISA VITRAL;SEMANA 04;EST VITRAL BASE BROMELIA;ALTO VERÃO 2023;;1
03761;MACACAO PRISMA;SEMANA 11;ALFAIATARIA SOHO;INVERNO 2023;;11
03764;BLUSA SOL;SEMANA 17;VISCOLINHO TEMPLES;INVERNO 2023;;3
03765;CALCA SOL;SEMANA 17;VISCOLINHO TEMPLES;INVERNO 2023;;3
03766;PANTALONA YANG;SEMANA 18;EST YANG BASE BROMELIA;INVERNO 2023;YANG;1
03767;VESTIDO LONGO YANG;SEMANA 18;EST YANG BASE BROMELIA;INVERNO 2023;YANG;1
03768;VESTIDO CURTO YANG;SEMANA 18;EST YANG BASE BROMELIA;INVERNO 2023;YANG;1
03769;CAMISA YANG;SEMANA 18;EST YANG BASE BROMELIA;INVERNO 2023;YANG;1
03770;SAIA ABRIGO;SEMANA 16;ALFAIATARIA MARANT;INVERNO 2023;;4
03771;CROPPED ABRIGO;SEMANA 16;ALFAIATARIA MARANT;INVERNO 2023;;4
03772;PANTALONA ABRIGO;SEMANA 16;ALFAIATARIA MARANT;INVERNO 2023;;4
03773;CALCA ABRIGO;SEMANA 16;ALFAIATARIA MARANT;INVERNO 2023;;4
03774;BLAZER ABRIGO;SEMANA 25;ALFAIATARIA MARANT;INVERNO 2023;;4
03778;CAMISA BASICA;CONTINUO;FORRO VISCOSE POPLIN;INVERNO 2024;;10
03812;PANTALONA MIND;SEMANA 18;ALFAIATARIA MARANT;INVERNO 2023;;4
03813;REGATA MIND;SEMANA 18;ALFAIATARIA MARANT;INVERNO 2023;;4
03814;BLAZER CROPPED MIND;SEMANA 18;ALFAIATARIA MARANT;INVERNO 2023;;4
03815;BLUSA LABIRINTO;SEMANA 20;EST LABIRINTO;INVERNO 2023;LABIRINTO;1
03817;PANTALONA LABIRINTO;SEMANA 20;EST LABIRINTO;INVERNO 2023;LABIRINTO;1
03818;VESTIDO LABIRINTO;SEMANA 20;EST LABIRINTO;INVERNO 2023;LABIRINTO;1
03819;MACACAO LABIRINTO;SEMANA 20;EST LABIRINTO;INVERNO 2023;LABIRINTO;1
03827;VESTIDO MIDI SOL;SEMANA 20;VISCOLINHO TEMPLES;INVERNO 2023;;3
03834;MACAQUINHO DIV 6000;BAZAR;;BAZAR 2023;;1
03835;VESTIDOS LGO / MIDI / KIMONO - 7000;BAZAR;;BAZAR 2023;;1
03836;MACACAO LGO/ MIDI - 7000;BAZAR;;BAZAR 2023;;1
03837;VESTIDO / KIMONO CURTO  - 6000;BAZAR;;BAZAR 2023;;1
03839;CROPPED GOLA ALTA DIV 4000;BAZAR;;BAZAR 2023;;1
03840;SHORT POA DIV 3000;BAZAR;;BAZAR 2023;;1
03844;CALCAS DIV 10000;BAZAR;;BAZAR 2023;;1
03845;REGATAS  DIV 4000;BAZAR;;BAZAR 2022;;1
03846;SAIA LONGA DIV 7000;BAZAR;;BAZAR 2023;;1
03847;SAIA CURTA DIV 5000;BAZAR;;BAZAR 2023;;1
03850;SHORT DIV 6000;BAZAR;;BAZAR 2023;;1
03851;BLAZER CURTO/LONGO/JAQUETA  DIV 12000;BAZAR;;BAZAR 2023;;1
03852;COLETINHO  DIV 5000;BAZAR;;BAZAR 2023;;1
03853;BLAZER/ CASACO/ JAQUETA - 12000;BAZAR;;BAZAR 2023;;1
03854;BLUSA MG CURTA TEC/TRICOT/BODY DIV 5000;BAZAR;;BAZAR 2023;;1
03855;TSHIRT DIV  INFANTIL - 2000;BAZAR;;BAZAR 2023;;1
03857;BLUSA MGA CURTA  5000;BAZAR;;BAZAR 2023;;1
03865;TSHIRT INFANTIL DIV 2000;BAZAR;;BAZAR 2023;;1
03866;VESTIDO/CAMISA - INFANTIL DIV 3000;BAZAR;;BAZAR 2023;;1
03877;PARKA TECNOLOGICA;SEMANA;;INVERNO 2023;;1
03887;BLAZER STYLE;SEMANA 25;TECIDO VERMONT CHINA RW55406-1;INVERNO 2023;;3
03888;CROPPED STYLE;SEMANA 25;TECIDO VERMONT CHINA RW55406-1;INVERNO 2023;;3
03889;PANTALONA STYLE;SEMANA 25;TECIDO VERMONT CHINA RW55406-1;INVERNO 2023;;3
03890;CALCA KITTY;SEMANA 26;EST KITTY BASE BROMELIA;INVERNO 2023;KITTY;1
03891;PANTALONA EST BLANCHE;SEMANA 32;ESTAMPA BLANCHE BASE LAS VEGAS;VERÃO 2024;BLANCHE;1
03892;BLUSA KITTY;SEMANA 26;EST KITTY BASE BROMELIA;INVERNO 2023;KITTY;1
03893;VESTIDO LG KITTY;SEMANA 26;EST KITTY BASE BROMELIA;INVERNO 2023;KITTY;1
03898;MACACAO GAIA;SEMANA 24;VISCOSE SARJADA SINERGY;INVERNO 2023;;4
03899;CAMISA OASIS;SEMANA 20;VISCOSE SARJADA SINERGY;INVERNO 2023;;2
03900;PANTALONA OASIS;SEMANA 20;VISCOSE SARJADA SINERGY;INVERNO 2023;;2
03906;BLUSA OMBREIRA ABRIGO;SEMANA 16;ALFAIATARIA MARANT;INVERNO 2023;;4
03907;BLUSA ELECTRO;SEMANA 22;EST ELECTRO BASE CHALLIS FLORENCE;INVERNO 2023;ELECTRO;1
03908;MACACAO ELECTRO;SEMANA 22;EST ELECTRO BASE CHALLIS FLORENCE;INVERNO 2023;ELECTRO;1
03909;CALCA ELECTRO;SEMANA 22;EST ELECTRO BASE CHALLIS FLORENCE;INVERNO 2023;ELECTRO;1
03910;VESTIDO MIDI ELECTRO;SEMANA 22;EST ELECTRO BASE CHALLIS FLORENCE;INVERNO 2023;ELECTRO;1
03911;BOMBER ELECTRO;SEMANA 22;EST ELECTRO BASE CHALLIS FLORENCE;INVERNO 2023;ELECTRO;1
03912;VESTIDO LONGO OASIS;SEMANA 20;VISCOSE SARJADA SINERGY;INVERNO 2023;;2
03917;CAMISA LUNAR;SEMANA 23;LINHO WASHED PLUS P11LN0026;INVERNO 2023;;3
03918;BLAZER LUNAR;CANCELADO;LINHO WASHED PLUS P11LN0026;INVERNO 2023;;3
03919;BLUSA LUNAR;SEMANA 23;LINHO WASHED PLUS P11LN0026;INVERNO 2023;;3
03920;PANTALONA LUNAR;SEMANA 23;LINHO WASHED PLUS P11LN0026;INVERNO 2023;;3
03921;PANTALONA SPACE;SEMANA 32;MINESSOTA;ALTO VERÃO 2024;SPACE;3
03922;VESTIDO NEW LONG GAIA;SEMANA 24;VISCOSE SARJADA SINERGY;INVERNO 2023;;2
03923;PANTALONA GAIA;SEMANA 24;VISCOSE SARJADA SINERGY;INVERNO 2023;;4
03924;PARKA GAIA;SEMANA 24;VISCOSE SARJADA SINERGY;INVERNO 2023;;4
03925;BLUSA GAIA;SEMANA 24;VISCOSE SARJADA SINERGY;INVERNO 2023;;3
03929;PANTALONA MOOVE;SEMANA 30;MARANT CHINA;INVERNO 2023;;4
03932;BLUSA MOOVE;SEMANA 30;MARANT CHINA;INVERNO 2023;;4
03933;PANTALONA DET VAZADO MOOVE;SEMANA 30;MARANT CHINA;INVERNO 2023;;4
03934;BLAZER MOOVE;SEMANA 42;MARANT CHINA;ALTO VERÃO 2024;;4
03943;VESTIDO RELICARIO;SEMANA 32;FIRENZE CHINA;VERÃO 2024;RELICARIO;3
03947;CROPPED TROPICO;SEMANA 32;MARANT CHINA;VERÃO 2024;TROPICO;4
03948;MACACAO TROPICO;SEMANA 32;MARANT CHINA;VERÃO 2024;TROPICO;4
03949;CALCA TROPICO;SEMANA 32;MARANT CHINA;VERÃO 2024;TROPICO;4
03950;CROPPED MOOVE;SEMANA 30;MARANT CHINA;INVERNO 2023;;4
03952;JAQUETA TROPICO;SEMANA 32;MARANT CHINA;VERÃO 2024;TROPICO;4
03954;BODY RELICARIO;SEMANA 32;FIRENZE CHINA;VERÃO 2024;RELICARIO;4
03957;CAMISA RELICARIO;SEMANA 32;FIRENZE CHINA;VERÃO 2024;RELICARIO;4
03958;BLAZER ORIGEM;SEMANA 21;LINHO ALGARVE;INVERNO 2023;;4
03959;TOP ORIGEM;SEMANA 15;LINHO ALGARVE;INVERNO 2023;;4
03960;PANTALONA ORIGEM;SEMANA 21;LINHO ALGARVE;INVERNO 2023;;4
03962;CROPPED MOON;SEMANA 30;ATACAMA POLY SPAN;INVERNO 2023;;3
03963;CALCA FLARE MOON;SEMANA 30;ATACAMA POLY SPAN;INVERNO 2023;;3
03964;MACACAO MOON;SEMANA 30;ATACAMA POLY SPAN;INVERNO 2023;;3
03965;BLAZER MOON;SEMANA 30;ATACAMA POLY SPAN;INVERNO 2023;;3
03967;BLUSA SPACE;SEMANA 32;RAYON PIQUET;VERÃO 2025;SPACE;4
03968;BOMBER GOLDEN;SEMANA 28;MALHA PAETE MAXIMUS;INVERNO 2023;;1
03969;CALCA JOGGER GOLDEN;SEMANA 28;MOSSAMBIQUE POLY SILK CREPE;INVERNO 2023;;1
03971;VESTIDO CURTO EST BLANCHE;CANCELADO;ESTAMPA BLANCHE BASE LAS VEGAS;VERÃO 2024;BLANCHE;1
03972;BLUSA EST BLANCHE;SEMANA 41;ESTAMPA BLANCHE BASE LAS VEGAS;VERÃO 2024;BLANCHE;2
03973;VESTIDO MIDI FRENTE UNICA;SEMANA 41;ESTAMPA BLANCHE BASE LAS VEGAS;VERÃO 2024;BLANCHE;2
03991;VESTIDO RELICARIO MIDI;CANCELADO;;VERÃO 2024;RELICARIO;3
03993;SAIA LONGA BABADO;CANCELADO;BORDADO VINTTAGE CHINA;VERÃO 2024;;2
03994;VESTIDO BLANCHE CURTO;CANCELADO;ESTAMPA BLANCHE BASE LAS VEGAS;VERÃO 2024;BLANCHE;1
03995;VESTIDO ALGODAO BORDADO CURTO;SEMANA 35;BORDADO VINTTAGE CHINA;VERÃO 2024;VINTAGE;2
03996;VESTIDO ALGODAO BORDADO LONGO;SEMANA 35;BORDADO VINTTAGE CHINA;VERÃO 2024;VINTAGE;2
03998;CROPPED MANGA BUFANTE;CANCELADO;BORDADO VINTTAGE CHINA;VERÃO 2024;;2
03999;CALCA DETALHE AMARRACAO EST NICE;SEMANA 21;EST NICE BASE NATHALY;INVERNO 2023;NICE;1
04000;CHEMISE CURTO MG LONGA EST NICE;SEMANA 21;EST NICE BASE NATHALY;INVERNO 2023;NICE;1
04001;BLUSA OMBREIRA EST NICE;SEMANA 21;EST NICE BASE NATHALY;INVERNO 2023;NICE;1
04002;PANTALONA PREGAS;SEMANA 30;BORDEAUX CREPE AIR FLOW;ALTO VERÃO 2024;SOLEIL;5
04003;MACACAO JOGGER SEM MG;SEMANA 32;BORDEAUX CREPE AIR FLOW;VERÃO 2024;;3
04005;VESTIDO MG BUFANTE CURTO;SEMANA 28;BORDEAUX CREPE AIR FLOW;INVERNO 2023;;3
04006;VESTIDO CURTO EST CERRADO;SEMANA 32;EST CERRADO BASE NATHALY;VERÃO 2024;CERRADO;2
04007;PANTALONA EST CERRADO;SEMANA 32;EST CERRADO BASE NATHALY;VERÃO 2024;CERRADO;2
04008;CROPPED TRANSPASSADO MG LONGA;SEMANA 32;EST CERRADO BASE NATHALY;VERÃO 2024;CERRADO;2
04009;MACACAO EST CERRADO;SEMANA 32;EST CERRADO BASE NATHALY;VERÃO 2024;CERRADO;2
04011;MACACAO EST BLANCHE;SEMANA 32;ESTAMPA BLANCHE BASE LAS VEGAS;VERÃO 2024;BLANCHE;1
04013;BLUSA CANOA EST BLANCHE;SEMANA 32;ESTAMPA BLANCHE BASE LAS VEGAS;VERÃO 2024;BLANCHE;2
04014;CROPPED FRANZIDO EST BLANCHE;SEMANA 32;ESTAMPA BLANCHE BASE LAS VEGAS;VERÃO 2024;BLANCHE;1
04015;VESTIDO MIDI EST BLANCHE;SEMANA 32;ESTAMPA BLANCHE BASE LAS VEGAS;VERÃO 2024;BLANCHE;1
04016;BLUSA SHAPE CASUAL;CANCELADO;TAG PAPEL C/ ILHOES LIZIE;VERÃO 2024;;1
04017;SHORT EST BLANCHE;SEMANA 32;ESTAMPA BLANCHE BASE LAS VEGAS;VERÃO 2024;BLANCHE;1
04018;VESTIDO CURTO EST BLANCHE;SEMANA 32;ESTAMPA BLANCHE BASE LAS VEGAS;VERÃO 2024;BLANCHE;2
04020;CROPPED CORSET LINHO;SEMANA 29;VISCOLINHO TEMPLES;INVERNO 2023;HOPE;1
04021;CALCA CENOURA LINHO;SEMANA 29;VISCOLINHO TEMPLES;INVERNO 2023;HOPE;1
04022;BLUSA CASUAL PESPONTADA;SEMANA 37;TARSILA ECOIMA;VERÃO 2024;SOLARIS;3
04023;SHORT SAIA ALFAIATARIA;SEMANA 37;TARSILA ECOIMA;VERÃO 2024;SOLARIS;3
04025;VESTIDO OMBRO SO;CANCELADO;TAG PAPEL C/ ILHOES LIZIE;VERÃO 2024;;1
04026;VESTIDO CUT OUT;CANCELADO;TAG PAPEL C/ ILHOES LIZIE;VERÃO 2024;;1
04027;VESTIDO CURTO DETALHE BUSTO;CANCELADO;TARSILA ECOIMA;VERÃO 2024;SOLARIS;2
04028;MACACAO RECORTE LATERAL;SEMANA 37;TARSILA ECOIMA;VERÃO 2024;SOLARIS;3
04030;PANTALONA DETALHE PREGAS;SEMANA 37;TARSILA ECOIMA;VERÃO 2024;SOLARIS;4
04031;COLETE CLASSICO;SEMANA 37;TARSILA ECOIMA;VERÃO 2024;SOLARIS;4
04032;VESTIDO TRICOLINE MIDI;SEMANA 32;TAG PAPEL C/ ILHOES LIZIE;VERÃO 2024;;1
04034;CALCA NASCER;SEMANA 14;BORDEAUX CREPE AIR FLOW;INVERNO 2023;;5
04035;CROPPED ABERTURA LATERAL EST LINA;SEMANA 37;ESTAMPA LINA;VERÃO 2024;LINA;1
04038;CAMISA EST LEOPARDO;SEMANA 09;;INVERNO 2023;LEOPARDO;1
04039;VESTIDO DECOTE QUADRADO;SEMANA 09;;INVERNO 2023;DUO II;1
04040;KIMONO MANGA AMPLA EST LINA;SEMANA 37;ESTAMPA LINA;VERÃO 2024;LINA;1
04041;CALCA DETALHE AMARRACAO EST LINA;SEMANA 37;ESTAMPA LINA;VERÃO 2024;LINA;1
04042;BLUSA AMPLA MG CURTA EST LINA;SEMANA 37;ESTAMPA LINA;VERÃO 2024;LINA;1
04043;VESTIDO LONGO RECORTES;CANCELADO;TAG PAPEL C/ ILHOES LIZIE;VERÃO 2024;LINA;1
04044;BLAZER DELUXE;SEMANA 35;PATOU CHINA AT2302;VERÃO 2024;SAFIRA;4
04045;VESTIDO RETO MIDI;SEMANA 34;PATOU CHINA AT2302;VERÃO 2024;;1
04046;CROPPED DETALHE BUSTO;SEMANA 34;PATOU CHINA AT2302;VERÃO 2024;;1
04047;CALCA RETA PREGAS;SEMANA 35;PATOU CHINA AT2302;VERÃO 2024;SAFIRA;3
04048;VESTIDO CURTO BABADOS BAINHA;SEMANA 43;PATOU CHINA AT2302;VERÃO 2024;NOIR;3
04049;CALCA CENOURA PREGAS;SEMANA 35;PATOU CHINA AT2302;VERÃO 2024;SAFIRA;4
04051;TOP FREE;SEMANA;;INVERNO 2023;;7
04064;VESTIDO MIDI EST NICE;SEMANA 21;EST NICE BASE NATHALY;INVERNO 2023;NICE;1
04071;CALCA PANTALONA PESPONTADA;SEMANA 36;VISCOSE SARJADA SINERGY;VERÃO 2024;MAGIA;5
04072;CAMISA TECIDO PESPONTADA;SEMANA 36;VISCOSE SARJADA SINERGY;VERÃO 2024;MAGIA;5
04073;VESTIDO DECOTE LACO MIDI;SEMANA 36;VISCOSE SARJADA SINERGY;VERÃO 2024;MAGIA;5
04074;CROPPED CORSELET;SEMANA 35;PATOU CHINA AT2302;VERÃO 2024;SAFIRA;5
04075;VESTIDO LONGO DELUXE;SEMANA 35;PATOU CHINA AT2302;VERÃO 2024;SAFIRA;3
04076;CALCA CARGO DELUXE;SEMANA 35;PATOU CHINA AT2302;VERÃO 2024;SAFIRA;4
04079;CAMISAS DIV 7000;BAZAR;;BAZAR 2023;;1
04080;BLUSA MG LONGA / DIV 5000;BAZAR;;BAZAR 2023;;1
04081;CALCA SLIM - 5000;BAZAR;;BAZAR 2023;;1
04082;VESTIDO LGO/CHEMISE/KIMONO DIV 10000;BAZAR;;BAZAR 2023;;1
04083;TRICOT DIV 7000;BAZAR;;BAZAR 2023;;1
04085;CROPPED LINHO DRAPEADO;SEMANA 38;VISCOLINHO STRETCH;VERÃO 2024;DREAM;3
04086;BLUSA LINHO BOTOES;CANCELADO;TAG PAPEL C/ ILHOES LIZIE;VERÃO 2024;DREAM;3
04087;SAIA LINHO CURTA;CANCELADO;VISCOLINHO STRETCH;VERÃO 2024;DREAM;3
04088;COLETE LINHO CURTO;SEMANA 38;VISCOLINHO STRETCH;VERÃO 2024;DREAM;2
04092;CROPPED DECOTE V;SEMANA 41;RUSTIC LINEN LISO TINTO IMP.14 - 175158;VERÃO 2024;MARES;3
04093;CALCA PANTALONA PREGAS;SEMANA 38;VISCOLINHO STRETCH;VERÃO 2024;DREAM;3
04094;SHORT DETALHE COS;CANCELADO;;VERÃO 2024;DREAM;3
04095;PANTALONA MARES CLOCHARD;SEMANA 41;RUSTIC LINEN LISO TINTO IMP.14 - 175158;VERÃO 2024;MARES;3
04096;SHORT DETALHE BOTOES;CANCELADO;TAG PAPEL C/ ILHOES LIZIE;VERÃO 2024;MARES;3
04122;CALCA URCA NEW;SEMANA;;INVERNO 2023;;1
04124;SAIA MIDI LINHO;SEMANA 38;VISCOLINHO STRETCH;VERÃO 2024;DREAM;3
04128;CALCAS AMARRACAO DIV 5000;BAZAR;;BAZAR 2023;;1
04131;MACACAO LONGO LUXO;SEMANA;;OUTONO/INVERNO 2016;;0
04132;MACACAO LONGO NEW YORK;SEMANA;;OUTONO/INVERNO 2016;;0
04133;MACACAO LONGO VERDAN;SEMANA;;OUTONO/INVERNO 2016;;0
04134;MACACAO LONGO CRISTAL;SEMANA;;OUTONO/INVERNO 2016;;0
04135;MACACAO LONGO FILADELFIA;SEMANA;;OUTONO/INVERNO 2016;;0
04136;MACACAO LONGO PRINT;SEMANA;;OUTONO/INVERNO 2016;;0
04137;MACACAO LONGO ASTRAL;SEMANA;;OUTONO/INVERNO 2016;;0
04138;MACACAO LONGO ORIGENS;SEMANA;;OUTONO/INVERNO 2016;;0
04139;MACACAO LONGO DISTE;SEMANA;;OUTONO/INVERNO 2016;;0
04140;MACACAO LONGO MONTE;SEMANA;;OUTONO/INVERNO 2016;;0
04141;MACACAO TULE;SEMANA;;OUTONO/INVERNO 2016;;0
04142;MACACAO DUO;SEMANA;;OUTONO/INVERNO 2016;;0
04143;MACACAO PARIS;SEMANA;;OUTONO/INVERNO 2016;;0
04144;MACACAO INFERNO;SEMANA;;OUTONO/INVERNO 2016;;0
04145;MACACAO AMERICA;SEMANA;;OUTONO/INVERNO 2016;;0
04146;MACACAO TULIPA;SEMANA;;OUTONO/INVERNO 2016;;0
04147;MACACAO ASTURIA;SEMANA;;OUTONO/INVERNO 2016;;0
04148;MACACAO OVIEDO;SEMANA;;OUTONO/INVERNO 2016;;0
04149;MACACAO ALPES;SEMANA;;OUTONO/INVERNO 2016;;0
04150;MACACAO ORQUESTRA;SEMANA;;OUTONO/INVERNO 2016;;0
04151;VESTIDO LONGO LUXO;SEMANA;;OUTONO/INVERNO 2016;;0
04152;VESTIDO LONGO NEW YORK;SEMANA;;OUTONO/INVERNO 2016;;0
04153;VESTIDO LONGO VERDAN;SEMANA;;OUTONO/INVERNO 2016;;0
04154;VESTIDO LONGO CRISTAL;SEMANA;;OUTONO/INVERNO 2016;;1
04155;VESTIDO LONGO FILADELFIA;SEMANA;;OUTONO/INVERNO 2016;;1
04156;VESTIDO LONGO PRINT;SEMANA;;OUTONO/INVERNO 2016;;0
04157;VESTIDO LONGO ASTRAL;SEMANA;;OUTONO/INVERNO 2016;;0
04158;VESTIDO LONGO ORIGENS;SEMANA;;OUTONO/INVERNO 2016;;0
04159;VESTIDO LONGO DISTE;SEMANA;;OUTONO/INVERNO 2016;;0
04160;VESTIDO LONGO MONTE;SEMANA;;OUTONO/INVERNO 2016;;0
04161;VESTIDO LONGO TULE;SEMANA;;OUTONO/INVERNO 2016;;0
04162;VESTIDO LONGO DUO;SEMANA;;OUTONO/INVERNO 2016;;0
04163;VESTIDO LONGO PARIS;SEMANA;;OUTONO/INVERNO 2016;;0
04164;VESTIDO LONGO INVERNO;SEMANA;;OUTONO/INVERNO 2016;;0
04165;VESTIDO LONGO AMERICA;SEMANA;;OUTONO/INVERNO 2016;;0
04166;VESTIDO LONGO TULIPA;SEMANA;;OUTONO/INVERNO 2016;;0
04167;VESTIDO LONGO ASTURIA;SEMANA;;OUTONO/INVERNO 2016;;0
04168;VESTIDO LONGO OVIEDO;SEMANA;;OUTONO/INVERNO 2016;;0
04169;VESTIDO LONGO ALPES;SEMANA;;OUTONO/INVERNO 2016;;0
04170;VESTIDO LONGO ORQUESTRA;SEMANA;;OUTONO/INVERNO 2016;;0
04175;BLUSA MANGA LONGA SINO DELUXE;SEMANA 35;PATOU CHINA AT2302;VERÃO 2024;SAFIRA;5
04176;CROPPED PEROLA;SEMANA 42;ALFAIATARIA MARRANT 20038 - ACT;VERÃO 2024;PEROLA;3
04177;MINI SAIA ZIPER FRANJAS;CANCELADO;TAG PAPEL C/ ILHOES LIZIE;VERÃO 2024;PEROLA;3
04178;CROPPED OMBRO A OMBRO;CANCELADO;PATOU CHINA AT2302;VERÃO 2024;NOIR;4
04179;VESTIDO OMBRO A OMBRO CURTO;SEMANA 43;PATOU CHINA AT2302;VERÃO 2024;NOIR;4
04180;BLAZER CROPPED AMARRACAO;SEMANA 43;PATOU CHINA AT2302;VERÃO 2024;NOIR;4
04181;BLUSA PEROLA MANGA CURTA COM PREGA;SEMANA 42;ALFAIATARIA MARRANT 20038 - ACT;VERÃO 2024;PEROLA;3
04182;VESTIDO CURTO;CANCELADO;ALFAIATARIA MARRANT 20038 - ACT;VERÃO 2024;PEROLA;3
04183;PANTALONA PEROLA;SEMANA 42;ALFAIATARIA MARRANT 20038 - ACT;VERÃO 2024;PEROLA;3
04184;BLUSA ARCOS DETALHE ALCA;SEMANA 44;MARROCAINE EST ARCOS CHINA (PW80136-6);ALTO VERÃO 2024;ARCOS;1
04185;CROPPED ARCOS CORSET;SEMANA 44;MARROCAINE EST ARCOS CHINA (PW80136-6);ALTO VERÃO 2024;ARCOS;1
04186;KIMONO ARCOS COM FAIXA;SEMANA 44;MARROCAINE EST ARCOS CHINA (PW80136-6);ALTO VERÃO 2024;ARCOS;1
04187;PANTALONA ARCOS CLASSICA;SEMANA 44;MARROCAINE EST ARCOS CHINA (PW80136-6);ALTO VERÃO 2024;ARCOS;1
04188;VESTIDO CURTO CAMADAS;CANCELADO;MARROCAINE EST ARCOS CHINA (PW80136-6);VERÃO 2024;ARCOS;1
04189;VESTIDO LONGO ARCOS COM ABERTURA;SEMANA 44;MARROCAINE EST ARCOS CHINA (PW80136-6);ALTO VERÃO 2024;ARCOS;1
04190;VESTIDO CURTO DIV 6000;BAZAR;;BAZAR 2023;;1
04191;VESTIDO/ KIMONO CURTO  - 6000;BAZAR;;BAZAR 2023;;1
04192;MACACAO PRIMA / CALÇA AMARRAÇAO - 8000;BAZAR;;BAZAR 2023;;1
04194;BLAZER SWEET CROPPED;SEMANA 46;ATACAMA CHINA (AT-1909);ALTO VERÃO 2024;SWEET;6
04195;SHORT SAIA SWEET BOLSO ALFAIATARIA;SEMANA 46;ATACAMA CHINA (AT-1909);ALTO VERÃO 2024;SWEET;5
04196;PANTALONA SWEET FLARE;SEMANA 46;ATACAMA CHINA (AT-1909);ALTO VERÃO 2024;SWEET;5
04197;VESTIDO CURTO SWEET RECORTE;SEMANA 46;ATACAMA CHINA (AT-1909);ALTO VERÃO 2024;SWEET;6
04198;MACACAO SWEET RECORTES;SEMANA 46;ATACAMA CHINA (AT-1909);ALTO VERÃO 2024;SWEET;6
04199;MACAQUINHO FLORESCER TRANSPASSE;SEMANA 39;PARISE ESTAMPA FLORESCER(H9803 EA0005);VERÃO 2024;FLORESCER;1
04200;VESTIDO FLORESCER DECOTE BUSTO;SEMANA 39;PARISE ESTAMPA FLORESCER(H9803 EA0005);VERÃO 2024;FLORESCER;1
04201;CROPPED SWEET DETALHE PONTA;SEMANA 46;ATACAMA CHINA (AT-1909);ALTO VERÃO 2024;SWEET;6
04210;CROPPED LA VIE NO BUSTO;SEMANA 45;PARISE EST LA VIE H9868/EA0004;ALTO VERÃO 2024;LA VIE;2
04211;PANTALONA LA VIE;SEMANA 45;PARISE EST LA VIE H9868/EA0004;ALTO VERÃO 2024;LA VIE;2
04212;VESTIDO MIDI LA VIE;CANCELADO;TAG PAPEL C/ ILHOES LIZIE;VERÃO 2024;LA VIE;1
04213;CROPPED ROUGE MEIA TACA;SEMANA 48;ESTAMPA ROUGE BASE GLOW;ALTO VERÃO 2024;ROUGE;1
04214;PANTALONA ROUGE PREGAS;SEMANA 48;ESTAMPA ROUGE BASE GLOW;ALTO VERÃO 2024;ROUGE;1
04215;BLUSA LUNA BASICA;SEMANA 50;LINHO CHINA (AT2314);ALTO VERÃO 2024;LUNA;4
04216;CALCA LUNA JOGGER;CANCELADO;LINHO CHINA (AT2314);VERÃO 2024;LUNA;4
04221;VESTIDO ROUGE DECOTE COSTAS;CANCELADO;TAG PAPEL C/ ILHOES LIZIE;ALTO VERÃO 2024;ROUGE;1
04222;REGATA FLORESCER DETALHE GOLA;SEMANA 39;PARISE ESTAMPA FLORESCER(H9803 EA0005);VERÃO 2024;FLORESCER;1
04224;REGATA LA VIE ROLOTE;SEMANA 45;PARISE EST LA VIE H9868/EA0004;ALTO VERÃO 2024;LA VIE;2
04225;SHORT LA VIE;SEMANA 45;PARISE EST LA VIE H9868/EA0004;ALTO VERÃO 2024;LA VIE;2
04226;VESTIDO LA VIE DETALHE ASSIMETRICO;SEMANA 45;PARISE EST LA VIE H9868/EA0004;ALTO VERÃO 2024;LA VIE;2
04227;CROPPED RAIZES PESPONTADO;CANCELADO;TAG PAPEL C/ ILHOES LIZIE;VERÃO 2024;RAIZES;4
04228;SHORT RAIZES PESPONTADO;CANCELADO;LINHO CHINA (AT2314);VERÃO 2024;RAIZES;4
04229;VESTIDO RAIZES PESPONTADO;CANCELADO;LINHO CHINA (AT2314);VERÃO 2024;RAIZES;4
04230;MACACAO RAIZES MEIA TACA;SEMANA 43;LINHO CHINA (AT2314);VERÃO 2024;RAIZES;4
04231;CALCA RAIZES PESPONTADO;CANCELADO;ETIQUETA PERSONALIZADA LIZIE;VERÃO 2024;RAIZES;4
04232;SHORT FLORESCER BOTOES;CANCELADO;TAG PAPEL C/ ILHOES LIZIE;VERÃO 2024;FLORESCER;1
04233;CALCA FLORESCER COM FAIXA;SEMANA 39;PARISE ESTAMPA FLORESCER(H9803 EA0005);VERÃO 2024;FLORESCER;1
04234;BLUSA ROUGE BASIC;SEMANA 48;ESTAMPA ROUGE BASE GLOW;ALTO VERÃO 2024;ROUGE;1
04235;SHORT ROUGE DETALHE PREGAS;SEMANA 48;ESTAMPA ROUGE BASE GLOW;ALTO VERÃO 2024;ROUGE;1
04236;VESTIDO ROUGE DETALHE ALCA;SEMANA 48;ESTAMPA ROUGE BASE GLOW;ALTO VERÃO 2024;ROUGE;1
04238;SHORT LUNA BOLSOS;SEMANA 50;LINHO CHINA (AT2314);ALTO VERÃO 2024;LUNA;3
04239;MACAQUINHO LUNA COM FAIXA;SEMANA 50;LINHO CHINA (AT2314);ALTO VERÃO 2024;LUNA;3
04240;MACACAO LUNA UM OMBRO SO;SEMANA 50;LINHO CHINA (AT2314);ALTO VERÃO 2024;LUNA;4
04241;CROPPED GARDEN DETALHE FRENTE;CANCELADO;TAG PAPEL C/ ILHOES LIZIE;VERÃO 2024;GARDEN;3
04242;SHORT GARDEN DETALHE CINTO;CANCELADO;TECIDO VERMONT CHINA RW55406-1;VERÃO 2024;GARDEN;3
04243;PANTALONA GARDEN DETAALHE CINTO;CANCELADO;ETIQUETA PERSONALIZADA LIZIE;VERÃO 2024;GARDEN;3
04244;REGATA BLANCHE ALCA LARGA;SEMANA 32;ESTAMPA BLANCHE BASE LAS VEGAS;VERÃO 2024;BLANCHE;1
04246;VESTIDO TRANSPASSE BUSTO EST LINA;SEMANA 37;ESTAMPA LINA;VERÃO 2024;LINA;1
04250;CROPPED GARDEN DECOTE V;CANCELADO;TECIDO VERMONT CHINA RW55406-1;VERÃO 2024;GARDEN;3
04254;BLUSA VIVER DETALHE MANGA;SEMANA 40;VISCOSE SARJADA SINERGY;VERÃO 2024;VIVER;3
04255;BLUSA VIVER DECOTE RETO;SEMANA 40;VISCOSE SARJADA SINERGY;VERÃO 2024;VIVER;4
04256;CALCA VIVER COS ELASTICO;CANCELADO;TAG PAPEL C/ ILHOES LIZIE;VERÃO 2024;VIVER;4
04257;PANTALONA VIVER BASIC;SEMANA 40;VISCOSE SARJADA SINERGY;VERÃO 2024;VIVER;4
04258;SHORT VIVER DETALHE PREGAS;CANCELADO;TAG PAPEL C/ ILHOES LIZIE;VERÃO 2024;VIVER;4
04259;VESTIDO CURTO VIVER COM FAIXA;CANCELADO;TAG PAPEL C/ ILHOES LIZIE;VERÃO 2024;VIVER;4
04260;VESTIDO VIVER AMPLO;SEMANA 40;VISCOSE SARJADA SINERGY;VERÃO 2024;VIVER;3
04261;CROPPED BLANCHE DETALHE BUSTO;SEMANA 41;ESTAMPA BLANCHE BASE LAS VEGAS;VERÃO 2024;BLANCHE;1
04262;PANTALONA BLANCHE DETALHE VIVO;SEMANA 41;ESTAMPA BLANCHE BASE LAS VEGAS;VERÃO 2024;BLANCHE;1
04263;SHORT BLANCHE COM PASSADOR;SEMANA 41;ESTAMPA BLANCHE BASE LAS VEGAS;VERÃO 2024;BLANCHE;1
04264;MAXI KIMONO BLANCHE;CANCELADO;TAG PAPEL C/ ILHOES LIZIE;VERÃO 2024;BLANCHE;1
04266;VESTIDO ROUGE MANGA BUFANTE;SEMANA 48;ESTAMPA ROUGE BASE GLOW;ALTO VERÃO 2024;ROUGE;1
04267;TOP RAIZES DETALHE BUSTO;SEMANA 43;LINHO CHINA (AT2314);VERÃO 2024;RAIZES;4
04268;PANTALONA RAIZES DETALHE VIVO;SEMANA 43;LINHO CHINA (AT2314);VERÃO 2024;RAIZES;4
04269;SHORT MARES CLOCHARD;SEMANA 41;RUSTIC LINEN LISO TINTO IMP.14 - 175158;VERÃO 2024;MARES;3
04270;PANTALONA ENCANTO;SEMANA 07;ATACAMA POLY SPAN;INVERNO 2024;ENCANTO;3
04271;SHORT ENCANTO ALFAIATARIA;SEMANA 07;ATACAMA POLY SPAN;INVERNO 2024;ENCANTO;3
04273;CROPPED ENCANTO DETALHE BOTOES;SEMANA 07;ATACAMA POLY SPAN;INVERNO 2024;ENCANTO;3
04274;CALCA NOIR SLIM;SEMANA 49;PATOU CHINA AT2302;ALTO VERÃO 2024;SAUER;4
04275;PANTALONA NOIR ALFAIATARIA;SEMANA 49;PATOU CHINA AT2302;ALTO VERÃO 2024;SAUER;4
04276;PANTALONA ALEGRIA DETALHE VAZADO;SEMANA 48;TARSILA ECOIMA;ALTO VERÃO 2024;ALEGRIA;1
04277;VESTIDO DECOTE COSTAS EST LINA;SEMANA 37;ESTAMPA LINA;VERÃO 2024;LINA;1
04278;MACACAO ENCANTO DECOTE FRENTE;CANCELADO;ATACAMA POLY SPAN;INVERNO 2024;ENCANTO;3
04279;SAIA PAREO VIVER;SEMANA 40;VISCOSE SARJADA SINERGY;VERÃO 2024;VIVER;4
04280;BLUSA ELEMENTO DETALHE BABADOS;SEMANA 44;MARRANT LUREX CHINA (ADS220326Q);ALTO VERÃO 2024;ELEMENTO;4
04281;VESTIDO CURTO ELEMENTO DETALHE CRUZADO;SEMANA 44;MARRANT LUREX CHINA (ADS220326Q);ALTO VERÃO 2024;ELEMENTO;4
04283;BLUSA ELEMENTO BASICA;SEMANA 44;MARRANT LUREX CHINA (ADS220326Q);ALTO VERÃO 2024;ELEMENTO;4
04284;CALCA ELEMENTO AMARRACAO;SEMANA 44;MARRANT LUREX CHINA (ADS220326Q);ALTO VERÃO 2024;ELEMENTO;4
04285;MACACAO ELEMENTO DECOTE COSTAS;SEMANA 44;MARRANT LUREX CHINA (ADS220326Q);ALTO VERÃO 2024;ELEMENTO;4
04292;CROPPED SURI DETALHE MANGA;SEMANA 43;BROMELIA ESTAMPA SURI;VERÃO 2024;SURI;1
04293;BLUSA SURI ALCA AMARRACAO;SEMANA 43;BROMELIA ESTAMPA SURI;VERÃO 2024;SURI;1
04294;CHEMISE SURI DETALHE MANGA;SEMANA 43;BROMELIA ESTAMPA SURI;VERÃO 2024;SURI;1
04295;SAIA SURI PAREO;SEMANA 43;BROMELIA ESTAMPA SURI;VERÃO 2024;SURI;1
04296;PANTALONA SURI COM PASSADOR;SEMANA 43;BROMELIA ESTAMPA SURI;VERÃO 2024;SURI;1
04297;MACACAO SURI DECOTE COSTAS;SEMANA 43;BROMELIA ESTAMPA SURI;VERÃO 2024;SURI;1
04298;SHORT ELEMENTO ALFAIATARIA;SEMANA 44;MARRANT LUREX CHINA (ADS220326Q);ALTO VERÃO 2024;ELEMENTO;4
04299;PANTALONA ELEMENTO ALFAIATARIA;SEMANA 44;MARRANT LUREX CHINA (ADS220326Q);ALTO VERÃO 2024;ELEMENTO;4
04300;VESTIDO MIDI ALEGRIA DECOTE;CANCELADO;TARSILA ECOIMA;VERÃO 2024;ALEGRIA;3
04301;BLUSA ALEGRIA BASICA;SEMANA 48;TARSILA ECOIMA;ALTO VERÃO 2024;ALEGRIA;1
04302;MACAQUINHO ALEGRIA OMBRO A OMBRO;SEMANA 48;TARSILA ECOIMA;ALTO VERÃO 2024;ALEGRIA;2
04303;MACACAO ALEGRIA;SEMANA 48;TARSILA ECOIMA;ALTO VERÃO 2024;ALEGRIA;2
04304;VESTIDO MIDI LEVEZA;SEMANA 50;NEW VISCOSE TWILL LISO;ALTO VERÃO 2024;LEVEZA;3
04305;SHORT LEVEZA DETALHE PREGAS;CANCELADO;TAG PAPEL C/ ILHOES LIZIE;VERÃO 2024;LEVEZA;3
04306;CALCA LEVEZA COS ELASTICO;SEMANA 50;NEW VISCOSE TWILL LISO;ALTO VERÃO 2024;LEVEZA;3
04307;MACACAO ALEGRIA OMBRO A OMBRO;CANCELADO;TAG PAPEL C/ ILHOES LIZIE;VERÃO 2024;ALEGRIA;2
04312;CROPPED VERANO DETALHE MANGA;CANCELADO;TAG PAPEL C/ ILHOES LIZIE;VERÃO 2024;VERANO;3
04313;CAMISA VERANO BOLSOS;CANCELADO;TAG PAPEL C/ ILHOES LIZIE;VERÃO 2024;VERANO;4
04314;CALCA CAMINHOS BOLSOS;SEMANA 07;LINHO CARIBE;INVERNO 2024;CAMINHOS;4
04315;MACAQUINHO VERANO RECORTE COSTAS;CANCELADO;TAG PAPEL C/ ILHOES LIZIE;VERÃO 2024;VERANO;3
04316;MACACAO PEROLA CORSET;SEMANA 42;ALFAIATARIA MARRANT 20038 - ACT;VERÃO 2024;PEROLA;4
04317;CROPPER SAUER DEGRADE;CANCELADO;;ALTO VERÃO 2024;SAUER;3
04318;PANTALONA SAUER ALFAIATARIA;CANCELADO;PATOU CHINA AT2302;ALTO VERÃO 2024;SAUER;3
04319;VESTIDO SAUER CURTO;CANCELADO;PATOU CHINA AT2302;ALTO VERÃO 2024;SAUER;3
04320;MACACAO SAUER DETALHE BUSTO;SEMANA 49;PATOU CHINA AT2302;ALTO VERÃO 2024;SAUER;3
04336;CAMISA CAMINHOS MANGA BUFANTE;SEMANA 07;LINHO CARIBE;INVERNO 2024;CAMINHOS;4
04342;CROPPED DETALHE CORRENTE;SEMANA 45;BORDEAUX CREPE AIR FLOW;VERÃO 2025;SOLEIL;6
04346;CORTINA DE CABINE;CONTINUO;TAGLIARINI RAYON LINEN LISO;CONTINUO;;1
04347;VESTIDO MIDI JARDIM;SEMANA 51;TRICOLINE MILANO 3547;ALTO VERÃO 2024;JARDIM;2
04348;CAMISA BORDADA MANGA BUFANTE;SEMANA 46;TRICOLINE MILANO 3547;ALTO VERÃO 2024;JARDIM;3
04349;CAMISA RAIZES MANGA BUFANTE;SEMANA 43;LINHO CHINA (AT2314);VERÃO 2024;RAIZES;4
04350;VESTIDO CURTO PESPONTOS;SEMANA 43;LINHO CHINA (AT2314);VERÃO 2024;RAIZES;4
04351;CROPPED BRISA MANGA BUFANTE;SEMANA 45;ALGODAO BORDADO DOTS CHINA (EW5585-03);VERÃO 2025;BRISA;2
04352;SAIA MIDI BRISA;SEMANA 45;ALGODAO BORDADO DOTS CHINA (EW5585-03);VERÃO 2025;BRISA;2
04354;VESTIDO LONGO DETALHE ALCA;SEMANA 45;FIRENZE CHINA;VERÃO 2025;JARDIM;3
04355;VESTIDO CURTO MANGA BUFANTE;CANCELADO;TAG PAPEL C/ ILHOES LIZIE;VERÃO 2024;GARDEN;3
04356;TUNICA LUZES AMARRACAO;SEMANA 50;MUSSELINE TOQUE DE SEDA ESTAMPA LUZES;ALTO VERÃO 2024;LUZES;1
04357;VESTIDO CURTO LUZES;SEMANA 50;MUSSELINE TOQUE DE SEDA ESTAMPA LUZES;ALTO VERÃO 2024;LUZES;1
04358;REGATA LUZES DETALHE BUSTO;SEMANA 50;ESTAMPA LUZES FIOS LUREX;ALTO VERÃO 2024;LUZES;1
04359;PANTALONA LUZES;SEMANA 50;ESTAMPA LUZES FIOS LUREX;ALTO VERÃO 2024;LUZES;1
04360;VESTIDO CURTO DETALHE ALCA;CANCELADO;BROMELIA ESTAMPA ORLY;ALTO VERÃO 2024;ORLY;1
04361;BLUSA DETALHE VIVO;SEMANA 50;BROMELIA ESTAMPA ORLY;ALTO VERÃO 2024;ORLY;1
04362;MACAQUINHO ORLY COM FAIXA;SEMANA 50;BROMELIA ESTAMPA ORLY;ALTO VERÃO 2024;ORLY;1
04364;VESTIDO LONGO NUVEM;SEMANA 49;ALGODAO BORDADO DOTS CHINA (EW13035-3);ALTO VERÃO 2024;NUVEM;1
04365;MACACAO LG SOLO SEM CINTO;SEMANA;;INVERNO 2023;SOLO;1
04366;CAMISA RAIZ;SEMANA;TAG PAPEL C/ ILHOES LIZIE;INVERNO 2021;;1
04367;REGATA ALCINHA RETALHOS;BAZAR;TECIDO DIVERSOS BAZAR;BAZAR 2023;;1
04368;REGATA RETALHOS;BAZAR;TECIDO DIVERSOS BAZAR;BAZAR 2023;;1
04369;CROPPED RETALHOS;BAZAR;TECIDO DIVERSOS BAZAR;BAZAR 2023;;1
04375;CROPPED GARDEN CORSET;CANCELADO;TAG PAPEL C/ ILHOES LIZIE;VERÃO 2024;GARDEN;3
04376;PANTALONA GARDEN ALFAIATARIA;CANCELADO;TECIDO VERMONT CHINA RW55406-1;VERÃO 2024;GARDEN;3
04377;BLAZER GARDEN;SEMANA 11;TECIDO VERMONT CHINA RW55406-1;INVERNO 2024;GARDEN;3
04378;CAMISA NUVEM DETALHE VIVO;CANCELADO;TAG PAPEL COLLECTION;ALTO VERÃO 2024;NUVEM;1
04379;BLUSA LEVEZA BASIC;SEMANA 50;NEW VISCOSE TWILL LISO;ALTO VERÃO 2024;LEVEZA;3
04380;SHORT LEVEZA;SEMANA 50;NEW VISCOSE TWILL LISO;ALTO VERÃO 2024;LEVEZA;3
04381;CROPPED LINHO RETALHO;BAZAR;TECIDO DIVERSOS BAZAR;BAZAR 2023;;1
04382;REGATA  RETALHO;BAZAR;TECIDO DIVERSOS BAZAR;BAZAR 2023;;1
04383;VESTIDO CURTO RETALHO;BAZAR;TECIDO DIVERSOS BAZAR;BAZAR 2023;;1
04384;CROPPED MEIA TACA  RETALHO;BAZAR;TECIDO DIVERSOS BAZAR;BAZAR 2023;;1
04390;SHORT GARDEN DETALHE BOTOES;SEMANA 11;TECIDO VERMONT CHINA RW55406-1;INVERNO 2024;GARDEN;3
04391;CROPPED GARDEN DETALHE V;SEMANA 11;TECIDO VERMONT CHINA RW55406-1;INVERNO 2024;GARDEN;3
04393;SHORT  RETALHO;BAZAR;TECIDO DIVERSOS BAZAR;BAZAR 2023;;1
04394;SHORT  SAIA;BAZAR;TECIDO DIVERSOS BAZAR;BAZAR 2023;;1
04395;CAMISA BLANCHE;SEMANA 41;ESTAMPA BLANCHE BASE LAS VEGAS;VERÃO 2024;BLANCHE;1
04399;CROPPED DIV 2000;BAZAR;;BAZAR 2023;;1
04401;VESTIDO LONGO BRISA;SEMANA 45;ALGODAO BORDADO DOTS CHINA (EW5585-03);VERÃO 2025;BRISA;2
04402;VESTIDO MIDI ALEGRIA;SEMANA 48;TARSILA ECOIMA;ALTO VERÃO 2024;ALEGRIA;3
04403;VESTIDO LONGO SENTIR BABADOS;SEMANA 07;ESTAMPA SENTIR;INVERNO 2024;SENTIR;1
04407;REGATA SENTIR DETALHE ALCA;SEMANA 07;ESTAMPA SENTIR;INVERNO 2024;SENTIR;1
04408;PANTALONA SENTIR COS ELASTICO;SEMANA 07;ESTAMPA SENTIR;INVERNO 2024;SENTIR;1
04409;SHORT SENTIR PASSADOR DUPLO;SEMANA 07;ESTAMPA SENTIR;INVERNO 2024;SENTIR;1
04410;VESTIDO LONGO LUZES DETALHE ALCA;SEMANA 50;ESTAMPA LUZES FIOS LUREX;ALTO VERÃO 2024;LUZES;1
04411;CALCA JOGGER SAUER;CANCELADO;TAG PAPEL C/ ILHOES LIZIE;ALTO VERÃO 2024;SAUER;3
04412;VESTIDO LONGO SAUER DECOTE COSTAS;CANCELADO;TAG PAPEL COLLECTION;ALTO VERÃO 2024;SAUER;3
04413;VESTIDO LONGO SAUER MEIA TACA;CANCELADO;TAG PAPEL COLLECTION;ALTO VERÃO 2024;SAUER;3
04414;CAMISA JADE BOLSOS;SEMANA 15;COTELE SPANDEX;INVERNO 2024;JADE;2
04415;CROPPED BALI DETALHE MANGA;CANCELADO;TAG PAPEL C/ ILHOES LIZIE;ALTO VERÃO 2024;BALI;3
04416;SAIA MIDI BALI;CANCELADO;TAG PAPEL C/ ILHOES LIZIE;ALTO VERÃO 2024;BALI;3
04417;SAIA ORLY BABADOS;SEMANA 50;BROMELIA ESTAMPA ORLY;ALTO VERÃO 2024;ORLY;1
04418;VESTIDO SOLEIL BABADOS;CANCELADO;TAG PAPEL C/ ILHOES LIZIE;VERÃO 2024;SOLEIL;3
04419;BERMUDA DIV 6000;BAZAR;;BAZAR 2023;;1
04420;CALCA TROPICO RETA;CANCELADO;MARANT CHINA;VERÃO 2024;TROPICO;2
04422;CROPPED LOLA DECOTE CANOA;CANCELADO;ESTAMPA LOLA;ALTO VERÃO 2024;LOLA;1
04423;SHORT LOLA COM PASSADOR;SEMANA 05;ESTAMPA LOLA;INVERNO 2024;LOLA;1
04424;CALCA PANTALONA ORLY;SEMANA 50;BROMELIA ESTAMPA ORLY;ALTO VERÃO 2024;ORLY;1
04425;MACAQUINHO LOLA;CANCELADO;TAG PAPEL C/ ILHOES LIZIE;ALTO VERÃO 2024;LOLA;1
04427;PANTALONA SOLEIL;CANCELADO;ETIQUETA PERSONALIZADA LIZIE;VERÃO 2024;SOLEIL;3
04431;CROPPED SAUER RETO;SEMANA 19;PATOU CHINA AT2302;ALTO VERÃO 2024;SAUER;4
04432;CROPPED LUZES;SEMANA 50;ESTAMPA LUZES FIOS LUREX;ALTO VERÃO 2024;LUZES;1
04434;VESTIDO SAUER CAMADAS;SEMANA 49;PATOU CHINA AT2302;ALTO VERÃO 2024;SAUER;3
04441;CAMISA BRISA MANGA DETALHADA;SEMANA 49;ALGODAO BORDADO DOTS CHINA (EW5585-03);ALTO VERÃO 2024;BRISA;2
04442;CALCA SAUER PALA AMARRACAO;CANCELADO;PATOU CHINA AT2302;ALTO VERÃO 2024;SAUER;3
04443;PANTALONA GARDEN BOLSOS;SEMANA 11;TECIDO VERMONT CHINA RW55406-1;INVERNO 2024;GARDEN;3
04446;CALCA LUNA CENOURA;SEMANA 50;LINHO CHINA (AT2314);ALTO VERÃO 2024;LUNA;4
04450;VESTIDO MIDI LOLA;CANCELADO;ESTAMPA LOLA;ALTO VERÃO 2024;LOLA;1
04451;VESTIDO LONGO JOLIE;SEMANA 07;VISCOSE TWILL;INVERNO 2024;JOLIE;4
04452;VESTIDO CURTO JOLIE;SEMANA 07;VISCOSE TWILL;INVERNO 2024;JOLIE;3
04454;SHORT SAIA JOLIE AMARRACAO;SEMANA 07;VISCOSE TWILL;INVERNO 2024;JOLIE;4
04455;PANTALONA JOLIE PREGAS;SEMANA 07;VISCOSE TWILL;INVERNO 2024;JOLIE;2
04456;CAMISA IRIS AMARRACAO;CANCELADO;ESTAMPA IRIS;ALTO VERÃO 2024;IRIS;1
04457;VESTIDO CURTO IRIS MANGA BUFANTE;SEMANA 07;ESTAMPA IRIS;INVERNO 2024;IRIS;1
04458;MACACAO IRIS JOGGER;SEMANA 07;ESTAMPA IRIS;INVERNO 2024;IRIS;1
04459;CALCA IRIS JOGGER;SEMANA 07;ESTAMPA IRIS;INVERNO 2024;IRIS;1
04460;VESTIDO BALI BABADOS;SEMANA 05;HEAVY TWILL AIRJET;INVERNO 2024;BALI;3
04461;TOP IRIS DETALHE BUSTO;CANCELADO;TAG PAPEL C/ ILHOES LIZIE;ALTO VERÃO 2024;IRIS;1
04462;REGATA JOLIE BABADOS;SEMANA 07;VISCOSE TWILL;INVERNO 2024;JOLIE;4
04463;SAIA LONGA BALI;SEMANA 05;HEAVY TWILL AIRJET;INVERNO 2024;BALI;3
04464;CROPPED BALI BABADOS;SEMANA 05;HEAVY TWILL AIRJET;INVERNO 2024;BALI;3
04465;VESTIDO MIDI ARCOS;SEMANA 44;MARROCAINE EST ARCOS CHINA (PW80136-6);ALTO VERÃO 2024;ARCOS;1
04469;VESTIDO CURTO ORLY OMBRO A OMBRO;SEMANA 50;BROMELIA ESTAMPA ORLY;ALTO VERÃO 2024;ORLY;1
04470;MACACAO SWEET BUSTO TRANSPASSE;SEMANA 46;ATACAMA CHINA (AT-1909);ALTO VERÃO 2024;SWEET;2
04474;VESTIDO SPACE MIDI;CANCELADO;MINESSOTA;ALTO VERÃO 2024;SPACE;1
04475;CAMISA ESMERALDA MANGA SINO;SEMANA 10;MARROCAINE ESTAMPA ESMERALDA (PW80136-6);INVERNO 2024;ESMERALDA;1
04476;VESTIDO CURTO RAVENA;CANCELADO;PATOU NEW (RW82311);INVERNO 2024;RAVENA;4
04477;REGATA ESMERALDA DETALHE ALCA;SEMANA 10;MARROCAINE ESTAMPA ESMERALDA (PW80136-6);INVERNO 2024;ESMERALDA;1
04478;BLAZER ESMERALDA ALONGADO;SEMANA 14;ALFAIATARIA MARRANT EST ESMERALDA AT2080;INVERNO 2024;ESMERALDA;1
04479;MINI SAIA ESMERALDA;SEMANA 10;ALFAIATARIA MARRANT EST ESMERALDA AT2080;INVERNO 2024;ESMERALDA;1
04480;CALCA CENOURA PARIS;SEMANA 14;ALFAIATARIA MARANT;INVERNO 2024;PARIS;3
04481;MACAQUINHO ESMERALDA COM CINTO;SEMANA 10;ALFAIATARIA MARRANT EST ESMERALDA AT2080;INVERNO 2024;ESMERALDA;1
04482;CROPPED CAMINHOS MANGA BUFANTE;SEMANA 07;LINHO CHINA (AT2314);INVERNO 2024;CAMINHOS;4
04483;COLETE JADE COTELE;SEMANA 15;COTELE SPANDEX;INVERNO 2024;JADE;2
04484;SAIA JADE COTELE;SEMANA 15;COTELE SPANDEX;INVERNO 2024;JADE;2
04485;CALCA JADE COTELE;SEMANA 15;COTELE SPANDEX;INVERNO 2024;JADE;2
04486;BLUSA PARIS ALCA REMOVIVEL;SEMANA 14;ALFAIATARIA MARANT;INVERNO 2024;PARIS;4
04487;CALCA ESMERALDA PREGAS;SEMANA 14;ALFAIATARIA MARRANT EST ESMERALDA AT2080;INVERNO 2024;ESMERALDA;1
04488;BLAZER PARIS DETALHE MANGA;SEMANA 14;ALFAIATARIA MARANT;INVERNO 2024;PARIS;4
04489;MACACAO PARIS DETALHE GOLA;SEMANA 14;ALFAIATARIA MARANT;INVERNO 2024;PARIS;3
04490;CROPPED RIVIERA MEIA TACA;SEMANA 10;TWEED LISO (RW1835);INVERNO 2024;RIVIERA;3
04491;BLAZER CROPPED RIVIERA;SEMANA 10;TWEED LISO (RW1835);INVERNO 2024;RIVIERA;3
04492;SHORT SAIA RIVIERA;SEMANA 10;TWEED LISO (RW1835);INVERNO 2024;RIVIERA;3
04493;PANTALONA RIVIERA BOTOES;SEMANA 26;TWEED LISO (RW1835);INVERNO 2024;RIVIERA;3
04494;COLETE ONIX COM FAIXA;SEMANA 19;MAQUINETADO (AT2231);INVERNO 2024;ONIX;1
04495;CROPPED ONIX ALCA LARGA;SEMANA 19;MAQUINETADO (AT2231);INVERNO 2024;ONIX;1
04496;VESTIDO MIDI ONIX;SEMANA 19;MAQUINETADO (AT2231);INVERNO 2024;ONIX;1
04497;SHORT ONIX BARRA VIRADA;SEMANA 19;MAQUINETADO (AT2231);INVERNO 2024;ONIX;1
04498;CALCA CENOURA ONIX;SEMANA 19;MAQUINETADO (AT2231);INVERNO 2024;ONIX;1
04499;CROPPED TSHIRT PEACH RETILINEA;CANCELADO;MARRANT PEACH (AT2376);INVERNO 2024;PEACH;3
04500;REGATA PEACH;SEMANA 28;MARRANT PEACH (AT2376);VERÃO 2025;PEACH;3
04501;PARKA PEACH BOLSOS;SEMANA 11;MARRANT PEACH (AT2376);VERÃO 2025;PEACH;3
04502;SHORT SAIA PEACH RECORTES;SEMANA 28;MARRANT PEACH (AT2376);VERÃO 2025;PEACH;3
04503;CALCA PEACH CARGO;SEMANA 11;MARRANT PEACH (AT2376);VERÃO 2025;PEACH;3
04504;CALCA PEACH FLARE;SEMANA 28;MARRANT PEACH (AT2376);VERÃO 2025;PEACH;3
04506;CROPPED NUVEM DECOTE COSTAS;SEMANA 49;ALGODAO BORDADO DOTS CHINA (EW13035-3);ALTO VERÃO 2024;NUVEM;1
04507;BLUSA LONDON MEIA TACA;SEMANA 14;ALFAIATARIA SOHO (RW54958);INVERNO 2024;LONDON;3
04508;CALCA LONDON SLIM;SEMANA 28;ALFAIATARIA SOHO (RW54958);VERÃO 2025;LONDON;3
04509;BLAZER LONDON ALFAIATARIA;SEMANA 14;ALFAIATARIA SOHO (RW54958);INVERNO 2024;LONDON;3
04510;BLUSA IRIS MANGA SINO;SEMANA 07;ESTAMPA IRIS;INVERNO 2024;IRIS;1
04514;BLUSA SENTIR DECOTE CANOA;SEMANA 07;ESTAMPA SENTIR;INVERNO 2024;SENTIR;1
04515;VESTIDO LOLA BABADOS;SEMANA 05;ESTAMPA LOLA;INVERNO 2024;LOLA;1
04522;SAIA MIDI LUNA;SEMANA 50;LINHO CHINA (AT2314);ALTO VERÃO 2024;LUNA;4
04523;CALCA VENICE ALFAIATARIA;SEMANA 11;PATOU CHINA AT2302;INVERNO 2024;VENICE;4
04525;VESTIDO LONGO ESMERALDA;SEMANA 10;MARROCAINE ESTAMPA ESMERALDA (PW80136-6);INVERNO 2024;ESMERALDA;1
04526;VESTIDO VENICE CURTO;CANCELADO;PATOU CHINA AT2302;INVERNO 2024;VENICE;4
04527;COLETE RISCA DE GIZ;SEMANA 21;ALFAIATARIA RISCA GIZ(ADS220418-2);INVERNO 2024;RISCA DE GIZ;2
04528;PANTALONA RISCA DE GIZ;SEMANA 21;ALFAIATARIA RISCA GIZ(ADS220418-2);INVERNO 2024;RISCA DE GIZ;2
04529;MINI SAIA RISCA DE GIZ;SEMANA 11;ALFAIATARIA RISCA GIZ(ADS220418-2);INVERNO 2024;RISCA DE GIZ;2
04530;BLAZER VENICE DETALHE ACETINADO;CANCELADO;PATOU CHINA AT2302;INVERNO 2024;VENICE;4
04531;MACACAO CELESTE DECOTE TRANSPASSE;SEMANA 19;MARROCAINE ESTAMPA CELESTE;INVERNO 2024;CELESTE;1
04532;PANTALONA CELESTE;SEMANA 17;MARROCAINE ESTAMPA CELESTE;INVERNO 2024;CELESTE;1
04533;CROPPED MINE CORSET;SEMANA 20;TWEED XADREZ (YW56733-1);INVERNO 2024;MINE;1
04534;BLAZER MINE BOTOES;SEMANA 20;TWEED XADREZ (YW56733-1);INVERNO 2024;MINE;1
04535;SAIA MINE BOTOES;SEMANA 20;TWEED XADREZ (YW56733-1);INVERNO 2024;MINE;1
04536;VESTIDO MINE BOTOES;SEMANA 20;TWEED XADREZ (YW56733-1);INVERNO 2024;MINE;1
04537;BLUSA PETALA CAMADAS;SEMANA 28;PATOU NEW (RW82311);VERÃO 2025;PETALA;3
04538;BLAZER RAVENA;CANCELADO;PATOU NEW (RW82311);INVERNO 2024;RAVENA;4
04539;CALCA RAVENA JOGGER;CANCELADO;PATOU NEW (RW82311);INVERNO 2024;RAVENA;4
04540;CAMISA LOLA;SEMANA 05;ESTAMPA LOLA;INVERNO 2024;LOLA;1
04541;PANTALONA LOLA;CANCELADO;ESTAMPA LOLA;ALTO VERÃO 2024;LOLA;1
04542;VESTIDO CURTO RIVIERA;SEMANA 26;TWEED LISO (RW1835);INVERNO 2024;RIVIERA;3
04543;MINI SAIA PARIS;SEMANA 14;ALFAIATARIA MARANT;INVERNO 2024;PARIS;4
04544;CAMISA GOLA BORDADA;SEMANA 37;TRICOLINE MILANO 3547;VERÃO 2025;PETALA;1
04545;VESTIDO MOSAICO TRANSPASSE;CANCELADO;TAG PAPEL C/ ILHOES LIZIE;INVERNO 2024;MOSAICO;1
04546;MACACAO MOSAICO DECOTE QUADRADO;SEMANA 11;CAMEL ESTAMPA MOSAICO;INVERNO 2024;MOSAICO;1
04547;CALCA FLARE MOSAICO;CANCELADO;ETIQUETA PERSONALIZADA LIZIE;INVERNO 2024;MOSAICO;1
04548;BLUSA MOSAICO GOLA;SEMANA 11;CAMEL ESTAMPA MOSAICO;INVERNO 2024;MOSAICO;1
04549;CAMISA CELESTE;SEMANA 17;MARROCAINE ESTAMPA CELESTE;INVERNO 2024;CELESTE;1
04550;BLUSA CELESTE DETALHE GOLA;SEMANA 17;MARROCAINE ESTAMPA CELESTE;INVERNO 2024;CELESTE;1
04551;BLUSA PETIT DECOTE V;SEMANA 30;MARANT CHINA;VERÃO 2025;PETIT;4
04552;COLETE PUREZA TRANSPASSE;SEMANA 40;MARRANT PEACH (AT2376);VERÃO 2025;PUREZA;1
04553;VESTIDO PETIT TRANSPASSADO;SEMANA 30;MARANT CHINA;VERÃO 2025;PETIT;4
04554;MACACAO PETIT RECORTE LATERAL;SEMANA 30;MARANT CHINA;VERÃO 2025;PETIT;4
04555;CALCA PANTALONA PUREZA;SEMANA 40;MARRANT PEACH (AT2376);VERÃO 2025;PUREZA;2
04556;CALCA PETIT BOLSOS;SEMANA 30;MARANT CHINA;VERÃO 2025;PETIT;4
04557;COLETE PEACH;SEMANA 28;MARRANT PEACH (AT2376);VERÃO 2025;PEACH;3
04558;CORSET RISCA DE GIZ;SEMANA 21;ALFAIATARIA RISCA GIZ(ADS220418-2);INVERNO 2024;RISCA DE GIZ;2
04559;VESTIDO LONGO CELESTE;SEMANA 17;MARROCAINE ESTAMPA CELESTE;INVERNO 2024;CELESTE;1
04560;VESTIDO CELESTE INFANTIL;SEMANA 17;MARROCAINE ESTAMPA CELESTE;INVERNO 2024;CELESTE;1
04567;CROPPED VENICE DETALHE PALA;SEMANA 11;PATOU CHINA AT2302;INVERNO 2024;VENICE;4
04568;VESTIDO CURTO ESMERALDA;SEMANA 11;MARROCAINE ESTAMPA ESMERALDA (PW80136-6);INVERNO 2024;ESMERALDA;1
04575;PANTALONA VENICE ALFAIATARIA;SEMANA 45;PATOU CHINA AT2302;VERÃO 2025;VENICE;4
04576;CAMISA IRIS;SEMANA 07;ESTAMPA IRIS;INVERNO 2024;IRIS;1
04577;BLUSA VENICE MANGA BUFANTE;CANCELADO;PATOU CHINA AT2302;INVERNO 2024;VENICE;4
04578;CALCA CENOURA MOSAICO;SEMANA 11;CAMEL ESTAMPA MOSAICO;INVERNO 2024;MOSAICO;1
04580;VESTIDO CURTO MOSAICO;CANCELADO;CAMEL ESTAMPA MOSAICO;INVERNO 2024;MOSAICO;1
04581;SAIA PAREO LOLA;SEMANA 05;ESTAMPA LOLA;INVERNO 2024;LOLA;1
04582;BLUSA LOLA CAMADAS;SEMANA 05;ESTAMPA LOLA;INVERNO 2024;LOLA;1
04583;BLUSA RAVENA TQC;CANCELADO;TAG PAPEL C/ ILHOES LIZIE;INVERNO 2024;RAVENA;4
04584;CROPPED WISH DETALHE PALA;SEMANA 19;ALFAIATARIA MARRANT NEW (AT2286);INVERNO 2024;WISH;3
04585;VESTIDO BLAZER WISH;CANCELADO;TAG PAPEL C/ ILHOES LIZIE;INVERNO 2024;WISH;3
04586;BLAZER WISH ALONGADO;SEMANA 19;ALFAIATARIA MARRANT NEW (AT2286);INVERNO 2024;WISH;3
04587;SAIA MIDI WISH;SEMANA 19;ALFAIATARIA MARRANT NEW (AT2286);INVERNO 2024;WISH;3
04588;CALCA WISH PREGAS;SEMANA 19;ALFAIATARIA MARRANT NEW (AT2286);INVERNO 2024;WISH;3
04589;BLUSA DEGAGE PETALA;CANCELADO;PATOU NEW (RW82311);INVERNO 2024;PETALA;3
04590;VESTIDO PETALA ASSIMETRICO;CANCELADO;ETIQUETA COLLECTION;INVERNO 2024;PETALA;3
04591;VESTIDO MIDI DEGAGE PETALA;CANCELADO;PATOU NEW (RW82311);INVERNO 2024;PETALA;3
04592;CALCA PETALA CENOURA;SEMANA 28;PATOU NEW (RW82311);VERÃO 2025;PETALA;3
04593;BLAZER PETALA DETALHE GOLA;CANCELADO;PATOU NEW (RW82311);INVERNO 2024;PETALA;3
04626;BLUSA TSHIRT ONIX;SEMANA 19;MAQUINETADO (AT2231);INVERNO 2024;ONIX;1
04629;PANTALONA RAVENA;SEMANA 28;PATOU NEW (RW82311);VERÃO 2025;RAVENA;3
04630;PANTALONA CHESS ALFAIATARIA;CANCELADO;ETIQUETA PERSONALIZADA LIZIE;INVERNO 2024;CHESS;1
04631;SHORT CHESS;CANCELADO;TAG PAPEL C/ ILHOES LIZIE;INVERNO 2024;CHESS;1
04632;PANTALONA AURA;SEMANA 19;TECIDO VERMONT CHINA RW55406-1;INVERNO 2024;AURA;3
04633;PANTALONA DALIA;SEMANA 22;ATACAMA CHINA (AT-1909);INVERNO 2024;DALIA;2
04634;CALCA CENOURA DALIA;SEMANA 22;ATACAMA CHINA (AT-1909);INVERNO 2024;DALIA;3
04641;CROPPED AURA LASTEX COSTAS;SEMANA 19;TECIDO VERMONT CHINA RW55406-1;INVERNO 2024;AURA;3
04642;BLAZER AURA BOTOES;CANCELADO;TAG PAPEL C/ ILHOES LIZIE;INVERNO 2024;AURA;3
04643;BLUSA DALIA ALONGADA;CANCELADO;TAG PAPEL C/ ILHOES LIZIE;INVERNO 2024;DALIA;3
04644;COLETE DALIA BOTOES;SEMANA 22;ATACAMA CHINA (AT-1909);INVERNO 2024;DALIA;3
04645;VESTIDO BABADO ALCA;SEMANA 05;LAGUNA CREPE AIR FLOW;INVERNO 2024;;2
04646;PARKA ANOITECER AMARRACAO;SEMANA 24;BILBAO ESTAMPA ANOITECER;INVERNO 2024;ANOITECER;1
04647;CALCA CENOURA ANOITECER;SEMANA 24;BILBAO ESTAMPA ANOITECER;INVERNO 2024;ANOITECER;1
04648;SHORT CLOCHARD DALIA;SEMANA 22;ATACAMA CHINA (AT-1909);INVERNO 2024;DALIA;3
04649;BOMBER VELVET BOLSOS;CANCELADO;MARRANT PEACH (AT2376);INVERNO 2024;VELVET;4
04650;BLUSA WISH MANGA BUFANTE;SEMANA 19;ALFAIATARIA MARRANT NEW (AT2286);INVERNO 2024;WISH;3
04651;PANTALONA VELVET PASSADOR LARGO;SEMANA 28;MARRANT PEACH (AT2376);VERÃO 2025;VELVET;4
04652;MACACAO VELVET BOTOES;CANCELADO;MARRANT PEACH (AT2376);INVERNO 2024;VELVET;4
04653;CROPPED SUBLIME DETALHE ALCA;SEMANA 38;ALFAIATARIA MARRANT NEW (AT2286);VERÃO 2025;SUBLIME;4
04656;PANTALONA SEMEAR PESPONTOS;CANCELADO;ETIQUETA PERSONALIZADA LIZIE;INVERNO 2024;SEMEAR;3
04657;BLUSA RISCA DE GIZ MANGA BUFANTE;CANCELADO;TAG PAPEL C/ ILHOES LIZIE;INVERNO 2024;RISCA DE GIZ;2
04658;BLUSA LUNA DECOTE CANOA;SEMANA 50;VISCOLINHO STRETCH;ALTO VERÃO 2024;LUNA;1
04659;VESTIDO BLAZER DETALHE LAPELA;CANCELADO;PATOU CHINA AT2302;INVERNO 2024;;4
04660;CAMISA RAVENA MANGA BUFANTE;SEMANA 28;PATOU NEW (RW82311);VERÃO 2025;RAVENA;4
04661;REGATA ALCA LARGA;BAZAR;TECIDO DIVERSOS BAZAR;BAZAR 2024;;1
04662;SHORT COM PASSADOR;BAZAR;TECIDO DIVERSOS BAZAR;BAZAR 2024;;1
04687;CHEMISE MOSAICO DETALHE MANGA;SEMANA 11;CAMEL ESTAMPA MOSAICO;INVERNO 2024;MOSAICO;1
04688;COLETE ALONGADO CANDY;SEMANA 07;TWILL CELL SUPERSTAR 225.D05;INVERNO 2024;CANDY;1
04689;CALCA CANDY CENOURA;SEMANA 07;TWILL CELL SUPERSTAR 225.D05;INVERNO 2024;CANDY;1
04690;VESTIDO CURTO RAVENA;CANCELADO;PATOU NEW (RW82311);INVERNO 2024;RAVENA;4
04691;BLUSA AURA DECOTE CANOA;SEMANA 18;TECIDO VERMONT CHINA RW55406-1;INVERNO 2024;AURA;3
04692;CROPPED VELVET ALCA BABADOS;SEMANA 28;MARRANT PEACH (AT2376);VERÃO 2025;VELVET;4
04693;BLAZER CROPPED CHESS;SEMANA 18;XADREZ FIO TINTO (YW61792-1);INVERNO 2024;CHESS;1
04695;SHORT CHESS BOLSOS;CANCELADO;TAG PAPEL C/ ILHOES LIZIE;INVERNO 2024;CHESS;1
04696;CROPPED CORSET CHESS;SEMANA 18;XADREZ FIO TINTO (YW61792-1);INVERNO 2024;CHESS;1
04697;CAMISA CHESS OVERSIZED;SEMANA 18;XADREZ FIO TINTO (YW61792-1);INVERNO 2024;CHESS;1
04698;PANTALONA CHESS ALFAIATARIA;SEMANA 18;XADREZ FIO TINTO (YW61792-1);INVERNO 2024;CHESS;1
04699;BLAZER CROPPED RISCA DE GIZ;SEMANA 10;ALFAIATARIA RISCA GIZ(ADS220418-2);INVERNO 2024;RISCA DE GIZ;2
04700;CALCA RISCA DE GIZ ALFAIATARIA;CANCELADO;ALFAIATARIA RISCA GIZ(ADS220418-2);INVERNO 2024;RISCA DE GIZ;2
04701;VESTIDO CELEBRAR DETALHE LASTEX;SEMANA 28;HEAVY TWILL AIRJET;INVERNO 2024;CELEBRAR;3
04702;BLUSA CELEBRAR ALCA AMARRACAO;SEMANA 28;HEAVY TWILL AIRJET;INVERNO 2024;CELEBRAR;3
04703;PANTALONA CELEBRAR COS ELASTICO;SEMANA 28;HEAVY TWILL AIRJET;INVERNO 2024;CELEBRAR;3
04704;BLUSA SEMEAR DECOTE CANOA;CANCELADO;ALFAIATARIA MARRANT NEW (AT2286);INVERNO 2024;SEMEAR;3
04705;BLUSA ANOITECER ALCA DUPLA;SEMANA 23;BILBAO ESTAMPA ANOITECER;INVERNO 2024;ANOITECER;1
04706;VESTIDO LONGO ANOITECER;SEMANA 23;BILBAO ESTAMPA ANOITECER;INVERNO 2024;ANOITECER;1
04707;MACACAO SEMEAR DETALHE MANGA;SEMANA 32;ALFAIATARIA MARRANT NEW (AT2286);VERÃO 2025;SEMEAR;3
04708;PANTALONA SEMEAR DETALHE PASSADOR;CANCELADO;ALFAIATARIA MARRANT NEW (AT2286);INVERNO 2024;SEMEAR;3
04709;MACACAO AMANHECER MANGA BUFANTE;SEMANA 28;LINHO CHINA (AT2314);VERÃO 2025;AMANHECER;3
04710;CAMISA BOLSOS AMANHECER;CANCELADO;LINHO CHINA (AT2314);INVERNO 2024;AMANHECER;3
04712;CALCA CENOURA AMANHECER DETALHE COS;SEMANA 28;LINHO CHINA (AT2314);VERÃO 2025;AMANHECER;3
04713;SAIA MIDI AMANHECER;SEMANA 28;LINHO CHINA (AT2314);VERÃO 2025;AMANHECER;3
04714;VESTIDO CURTO CELESTE;CANCELADO;TAG PAPEL C/ ILHOES LIZIE;INVERNO 2024;CELESTE;1
04715;PANTALONA GALES BOLSOS;CANCELADO;MARANT CHINA;INVERNO 2024;GALES;5
04716;REGATA GALES;CANCELADO;MARANT CHINA;INVERNO 2024;GALES;5
04717;COLETE GALES;SEMANA 19;MARANT CHINA;INVERNO 2024;GALES;4
04718;CROPPED ANOITECER ALCA BABADOS;SEMANA 28;ALFAIATARIA SOHO;VERÃO 2025;GLOSS;2
04719;MACACAO BOTOES COM FAIXA;SEMANA 22;MOSSAMBIQUE POLY SILK CREPE;INVERNO 2024;AMAR;4
04720;BLUSA RISCA DE GIZ;SEMANA 10;ALFAIATARIA RISCA GIZ(ADS220418-2);INVERNO 2024;RISCA DE GIZ;2
04721;BLAZER AURA BASIC;SEMANA 18;TECIDO VERMONT CHINA RW55406-1;INVERNO 2024;AURA;3
04724;CALCA CENOURA PREGAS;BAZAR;TECIDO DIVERSOS BAZAR;BAZAR 2024;;1
04725;VESTIDO CURTO ALCA LARGA;BAZAR;TECIDO DIVERSOS BAZAR;BAZAR 2024;;1
04726;BLUSA BASICA MEIA MANGA;BAZAR;TECIDO DIVERSOS BAZAR;BAZAR 2024;;1
04727;BLUSA DETALHE MANGA;BAZAR;TECIDO DIVERSOS BAZAR;BAZAR 2024;;1
04728;MINI SAIA FRALDADA;BAZAR;TECIDO DIVERSOS BAZAR;BAZAR 2024;;1
04729;BLUSA BASICA;BAZAR;TECIDO DIVERSOS BAZAR;BAZAR 2024;;1
04730;REGATA DECOTE NADADOR;BAZAR;TECIDO DIVERSOS BAZAR;BAZAR 2024;;1
04731;REGATA CELEBRAR DECOTE CANOA;SEMANA 23;VISCOLINHO SOBRA ESTOQUE;INVERNO 2024;CELEBRAR;2
04732;VESTIDO LONGO BORDADO;SEMANA 23;TAG PAPEL C/ ILHOES LIZIE;INVERNO 2024;ANOITECER;1
04733;VESTIDO CURTO DETALHE MANGA;BAZAR;TECIDO DIVERSOS BAZAR;BAZAR 2024;;1
04735;SHORT CANDY ALFAIATARIA;SEMANA 07;TWILL CELL SUPERSTAR 225.D05;INVERNO 2024;CANDY;1
04736;BLUSA BASICA DETALHE GOLA;BAZAR;TECIDO DIVERSOS BAZAR;BAZAR 2024;;1
04737;CROPPED DETALHE AMARRACAO;BAZAR;TECIDO DIVERSOS BAZAR;VERÃO 2025;;1
04738;CROPPEDD ELASTICO OMBRO A OMBRO;BAZAR;TECIDO DIVERSOS BAZAR;BAZAR 2024;;1
04739;CROPPED AMANHECER ALCA BABADOS;CANCELADO;TAG PAPEL C/ ILHOES LIZIE;INVERNO 2024;AMANHECER;3
04740;CROPPED DALIA RECORTES;SEMANA 22;ATACAMA CHINA (AT-1909);INVERNO 2024;DALIA;3
04741;MACACAO DALIA AMARRACAO;SEMANA 19;ATACAMA CHINA (AT-1909);INVERNO 2024;DALIA;3
04742;SHORT GALES ALFAIATARIA;SEMANA 18;MARANT CHINA;INVERNO 2024;GALES;5
04750;SHORT AURA CLOCHARD;SEMANA 18;TECIDO VERMONT CHINA RW55406-1;INVERNO 2024;AURA;3
04755;VESTIDO CURTO ALCA LARGA;BAZAR;TECIDO DIVERSOS BAZAR;BAZAR 2024;;1
04756;CROPPED BOTOES COSTAS;BAZAR;TECIDO DIVERSOS BAZAR;BAZAR 2024;;1
04757;SHORT BOLSOS;BAZAR;TECIDO DIVERSOS BAZAR;BAZAR 2024;;1
04758;TOP DECOTE V;BAZAR;TECIDO DIVERSOS BAZAR;BAZAR 2024;;1
04759;CROPPED AMARRACAO COSTAS;BAZAR;TECIDO DIVERSOS BAZAR;BAZAR 2024;;1
04760;SHORT COM PASSADOR;BAZAR;TECIDO DIVERSOS BAZAR;BAZAR 2024;;1
04761;BLUSA ALCA LARGA;BAZAR;TECIDO DIVERSOS BAZAR;BAZAR 2024;;1
04784;SHORT SAIA CHESS;SEMANA 18;XADREZ FIO TINTO (YW61792-1);INVERNO 2024;CHESS;1
04797;VESTIDO CURTO COM MANGA;BAZAR;TECIDO DIVERSOS BAZAR;BAZAR 2024;;1
04798;SHORT COM PASSADOR;BAZAR;TECIDO DIVERSOS BAZAR;BAZAR 2024;;1
04799;VESTIDO LONGO GOLA;CANCELADO;PATOU NEW (RW82311);INVERNO 2024;RAVENA;2
04802;VESTIDO CURTO REGATA;BAZAR;TECIDO DIVERSOS BAZAR;BAZAR 2024;;1
04803;VESTIDO LONGO RAVENA DETALHE FENDA;CANCELADO;ETIQUETA COLLECTION;INVERNO 2024;RAVENA;4
04804;VESTIDO CURTO DECOTE QUADRADO;BAZAR;TECIDO DIVERSOS BAZAR;BAZAR 2024;;1
04805;VESTIDO MIDI AMAR;SEMANA 22;GLOSS LIGHT EST AMAR;INVERNO 2024;AMAR;1
04806;VESTIDO CURTO AMAR;SEMANA 22;GLOSS LIGHT EST AMAR;INVERNO 2024;AMAR;1
04807;VESTIDO MIDI DETALHE FLOR;CANCELADO;TAG PAPEL C/ ILHOES LIZIE;INVERNO 2024;;1
04808;CROPPED GLOSS CORRENTES;CANCELADO;TAG PAPEL C/ ILHOES LIZIE;VERÃO 2025;GLOSS;1
04809;SAIA MIDI GLOSS;SEMANA 28;BROMELIA ESTAMPA GLOSS;VERÃO 2025;GLOSS;1
04810;VESTIDO LONGO GLOSS DETALHE ALCA;SEMANA 28;BROMELIA ESTAMPA GLOSS;VERÃO 2025;GLOSS;1
04811;CROPPED SUNNY DECOTE V;CANCELADO;ATACAMA POLY SPAN;VERÃO 2025;SUNNY;3
04812;BLAZER SUNNY;SEMANA 32;ATACAMA POLY SPAN;VERÃO 2025;SUNNY;2
04813;CALCA FLARE SUNNY;SEMANA 32;ATACAMA POLY SPAN;VERÃO 2025;SUNNY;3
04814;MACACAO DECOTE FRENTE COM CINTO;SEMANA 32;ATACAMA POLY SPAN;VERÃO 2025;SUNNY;1
04815;PANTALONA A DETALHE FAIXA;CANCELADO;ETIQUETA PERSONALIZADA LIZIE;VERÃO 2025;;1
04816;BLUSA COLORIR MANGA BABADOS;SEMANA 28;CAMEL ESTAMPA COLORIR;VERÃO 2025;COLORIR;1
04817;VESTIDO CURTO COLORIR MANGA BUFANTE;SEMANA 28;CAMEL ESTAMPA COLORIR;VERÃO 2025;COLORIR;1
04818;SAIA PAREO COLORIR;SEMANA 28;CAMEL ESTAMPA COLORIR;VERÃO 2025;COLORIR;1
04819;VESTIDO LONGO COLORIR;SEMANA 28;CAMEL ESTAMPA COLORIR;VERÃO 2025;COLORIR;1
04820;CROPPED COLORIR MANGA BUFANTE;SEMANA 28;CAMEL ESTAMPA COLORIR;VERÃO 2025;COLORIR;1
04821;SAIA PETIT;SEMANA 30;MARANT CHINA;VERÃO 2025;PETIT;4
04822;REGATA ALCA;BAZAR;TECIDO DIVERSOS BAZAR;BAZAR 2024;;1
04823;REGATA DETALHE LACO;BAZAR;TECIDO DIVERSOS BAZAR;BAZAR 2024;;1
04824;CROPPED GOTA;BAZAR;TECIDO DIVERSOS BAZAR;BAZAR 2024;;1
04826;COLETE PETIT;SEMANA 30;MARANT CHINA;VERÃO 2025;PETIT;4
04827;CROPPED RECORTES FLY;SEMANA 32;ATACAMA CHINA (AT-1909);VERÃO 2025;FLY;4
04828;VESTIDO CURTO FLY;SEMANA 32;ATACAMA CHINA (AT-1909);VERÃO 2025;FLY;4
04829;CALCA CENOURA FLY;SEMANA 32;ATACAMA CHINA (AT-1909);VERÃO 2025;FLY;4
04830;BLUSA TRANSPASSADA;CANCELADO;ETIQUETA COLLECTION;VERÃO 2025;;4
04831;CROPPED LIVING ALCA FINA;SEMANA 42;PATOU CHINA AT2302;ALTO VERÃO 2025;LIVING;4
04832;BLAZER LIVING DETALHES LAPELA;SEMANA 42;PATOU CHINA AT2302;INVERNO 2025;LIVING;4
04833;PANTALONA ALFAIATARIA LIVING;SEMANA 42;PATOU CHINA AT2302;VERÃO 2025;LIVING;5
04834;MACACAO OMBRO A OMBRO LIVING;SEMANA 42;PATOU CHINA AT2302;ALTO VERÃO 2025;LIVING;4
04835;CAMISA BORDADA MANGA BUFANTE;SEMANA 18;ETIQUETA COLLECTION;INVERNO 2024;CHATON;2
04836;COLETE SONHAR BOTOES;SEMANA 23;TECIDO VERMONT CHINA RW55406-1;VERÃO 2025;SONHAR;2
04837;PANTALONA SONHAR DETALHE COS;SEMANA 23;TECIDO VERMONT CHINA RW55406-1;VERÃO 2025;SONHAR;2
04838;BERMUDA PREGAS SONHAR;SEMANA 23;TECIDO VERMONT CHINA RW55406-1;VERÃO 2025;SONHAR;2
04839;VESTIDO CURTO RENOVAR;SEMANA 36;MARRANT PEACH (AT2376);VERÃO 2025;RENOVAR;3
04840;CALCA CENOURA;CANCELADO;ETIQUETA PERSONALIZADA LIZIE;VERÃO 2025;;3
04841;BLUSA BOTOES RENOVAR;SEMANA 36;MARRANT PEACH (AT2376);VERÃO 2025;RENOVAR;3
04842;BLAZER PUREZA DETALHE BOTOES;CANCELADO;TAG PAPEL C/ ILHOES LIZIE;VERÃO 2025;PUREZA;2
04843;SAIA BOTOES PUREZA;CANCELADO;MARRANT PEACH (AT2376);VERÃO 2025;PUREZA;2
04844;BLUSA MANGA BUFANTE PUREZA;CANCELADO;TAG PAPEL C/ ILHOES LIZIE;VERÃO 2025;PUREZA;4
04845;COLETE ENCANTAR ALFAIATARIA;SEMANA 32;LINHO CHINA (AT2314);VERÃO 2025;ENCANTAR;3
04846;SHORT ENCANTAR DETALHE BOLSOS;SEMANA 32;LINHO CHINA (AT2314);VERÃO 2025;ENCANTAR;3
04847;MACACAO ENCANTAR DETALHE BUSTO;SEMANA 32;LINHO CHINA (AT2314);VERÃO 2025;ENCANTAR;1
04848;CALCA CENOURA PREGAS ENCANTAR;SEMANA 32;LINHO CHINA (AT2314);VERÃO 2025;ENCANTAR;3
04849;VESTIDO MIDI CHERRY DECOTE V;SEMANA 32;GGT TWILL;VERÃO 2025;CHERRY;2
04850;BLUSA ALCA TRANCA;CANCELADO;TAG PAPEL C/ ILHOES LIZIE;VERÃO 2025;;3
04851;CALCA CENOURA SUBLIME COM CINTO;CANCELADO;ETIQUETA PERSONALIZADA LIZIE;VERÃO 2025;SUBLIME;3
04852;SHORT CLOCHARD SUBLIME;SEMANA 38;ALFAIATARIA MARRANT NEW (AT2286);VERÃO 2025;SUBLIME;4
04854;BLUSA GLOSS MANGA BUFANTE;SEMANA 28;BROMELIA ESTAMPA GLOSS;VERÃO 2025;GLOSS;1
04855;SAIA MIDI ALDEIA BABADOS;SEMANA 35;LINHO CHINA (AT2314);VERÃO 2025;ALDEIA;3
04856;BLUSA BOTOES ALDEIA;SEMANA 35;LINHO CHINA (AT2314);VERÃO 2025;ALDEIA;3
04857;VESTIDO CURTO CHESS;CANCELADO;TAG PAPEL C/ ILHOES LIZIE;INVERNO 2024;CHESS;1
04858;COLETE RENOVAR MEIA ARGOLA;SEMANA 36;MARRANT PEACH (AT2376);VERÃO 2025;RENOVAR;3
04859;VESTIDO CURTO ALDEIA DRAPEADO;CANCELADO;TAG PAPEL C/ ILHOES LIZIE;VERÃO 2025;ALDEIA;3
04860;PANTALONA JASMIM DETALHE PASSADOR;SEMANA 45;BORDEAUX CREPE AIR FLOW;ALTO VERÃO 2025;JASMIM;1
04861;BODY MALHA;BAZAR;TECIDO DIVERSOS BAZAR;BAZAR 2024;;1
04862;BLUSA AMAR AMRRACAO;CANCELADO;TAG PAPEL C/ ILHOES LIZIE;INVERNO 2024;AMAR;1
04864;CROPPED CORRENTES;CANCELADO;TAG PAPEL C/ ILHOES LIZIE;VERÃO 2025;;4
04865;BLAZER CROPPED SEMEAR;SEMANA 32;ALFAIATARIA MARRANT NEW (AT2286);VERÃO 2025;SEMEAR;3
04866;REGATA NO;BAZAR;TECIDO DIVERSOS BAZAR;BAZAR 2024;;1
04886;COLETE GALES BOTAO;SEMANA 19;MARANT CHINA;INVERNO 2024;GALES;1
04887;VESTIDO LONGO LIVING DETALHE BUSTO;SEMANA 31;PATOU CHINA AT2302;VERÃO 2025;LIVING;4
04888;MACAQUINHO RENOVAR CORSET BOTOES;CANCELADO;MARRANT PEACH (AT2376);VERÃO 2025;RENOVAR;3
04889;CROPPED PESPONTOS RENOVAR;SEMANA 36;MARRANT PEACH (AT2376);VERÃO 2025;RENOVAR;2
04891;SHORT AMETISTA ALFAIATARIA;SEMANA 39;ALFAIATARIA MARRANT NEW (AT2286);VERÃO 2025;AMETISTA;1
04892;CALCA  CLOCHARD;SEMANA 39;LINHO CHINA (AT2314);ALTO VERÃO 2025;AMETISTA;1
04893;CROPPED CAMADAS;SEMANA 39;LINHO CHINA (AT2314);ALTO VERÃO 2025;AMETISTA;1
04894;BLUSA ROLOTE CHERRY;SEMANA 32;GGT TWILL;VERÃO 2025;CHERRY;2
04895;VESTIDO MIDI LAGUNA;SEMANA 28;LAGUNA CREPE AIR FLOW;VERÃO 2025;LAGUNA;7
04896;PANTALONA AMETISTA COM PASSADOR;SEMANA 39;ALFAIATARIA MARRANT NEW (AT2286);VERÃO 2025;AMETISTA;1
04897;MACAQUINHO AMETISTA BOLSOS;SEMANA 39;ALFAIATARIA MARRANT NEW (AT2286);VERÃO 2025;AMETISTA;1
04898;BLUSA AMETISTA DETALHE BOTOES;SEMANA 39;ALFAIATARIA MARRANT NEW (AT2286);VERÃO 2025;AMETISTA;1
04901;CALCA CENOURA RENOVAR BOLSOS;SEMANA 36;MARRANT PEACH (AT2376);VERÃO 2025;RENOVAR;3
04902;CROPPED AMANHECER;SEMANA 28;LINHO CHINA (AT2314);VERÃO 2025;AMANHECER;3
04903;BLUSA ALONGADA RAVENA;SEMANA 28;PATOU NEW (RW82311);VERÃO 2025;RAVENA;4
04904;COLETE GREY BOTOES;SEMANA 21;ALFAIATARIA TR SPAN;INVERNO 2024;GREY;1
04905;PANTALONA GREY PASSADOR DUPLO;SEMANA 21;ALFAIATARIA TR SPAN;INVERNO 2024;GREY;1
04906;BLAZER GREY;SEMANA 21;ALFAIATARIA TR SPAN;INVERNO 2024;GREY;1
04907;VESTIDO CURTO MINIMAL;SEMANA 30;BORDEAUX CREPE AIR FLOW;VERÃO 2025;MINIMAL;7
04908;BLUSA NUT DETALHE MANGA;SEMANA 40;RAYON 40 EST NUT;VERÃO 2025;NUT;1
04909;CALCA NUT DETALHE AMARRACAO;CANCELADO;RAYON 40 EST NUT;VERÃO 2025;NUT;1
04910;VESTIDO CURTO GLOSS;SEMANA 28;BROMELIA ESTAMPA GLOSS;VERÃO 2025;GLOSS;1
04911;REGATA NUT ALCA TRANCA;SEMANA 40;RAYON 40 EST NUT;VERÃO 2025;NUT;1
04912;SAIA MIDI NUT;SEMANA 40;RAYON 40 EST NUT;VERÃO 2025;NUT;1
04913;VESTIDO CURTO NUT;SEMANA 40;RAYON 40 EST NUT;VERÃO 2025;NUT;1
04915;VESTIDO CURTO PETALA;CANCELADO;PATOU NEW (RW82311);INVERNO 2024;PETALA;3
04916;VESTIDO CURTO CHESS;SEMANA 18;XADREZ FIO TINTO (YW61792-1);INVERNO 2024;CHESS;1
04922;PANTALONA ACETINADA RAVENA;SEMANA 28;PATOU NEW (RW82311);VERÃO 2025;RAVENA;1
04923;CAMISA ACETINADA RAVENA;SEMANA 28;PATOU NEW (RW82311);VERÃO 2025;RAVENA;1
04924;VESTIDO CURTO ACETINADO PETALA;CANCELADO;PATOU NEW (RW82311);INVERNO 2024;PETALA;1
04925;BLUSA PETALA ACETINADA CAMADAS;CANCELADO;PATOU NEW (RW82311);VERÃO 2025;PETALA;1
04926;VESTIDO LONGO ACETINADO RAVENA;CANCELADO;ETIQUETA COLLECTION;INVERNO 2024;RAVENA;1
04927;BLUSA ACETINADA ALONGADA RAVENA;SEMANA 28;ETIQUETA COLLECTION;VERÃO 2025;RAVENA;1
04932;MACACAO ANOITECER;SEMANA 23;BILBAO ESTAMPA ANOITECER;INVERNO 2024;ANOITECER;1
04933;SHORT LUAR DETALHE AMARRACAO;SEMANA 36;GRACE ESTAMPA LUAR;VERÃO 2025;LUAR;1
04934;BLUSA LUAR MANGA;SEMANA 36;GRACE ESTAMPA LUAR;VERÃO 2025;LUAR;1
04935;VESTIDO CROPPED  LUAR;SEMANA 36;GRACE ESTAMPA LUAR;VERÃO 2025;LUAR;1
04936;MACACAO LUAR BABADOS MANGA;SEMANA 36;GRACE ESTAMPA LUAR;VERÃO 2025;LUAR;1
04937;MACACAO LAGUNA DECOTE GOTA;SEMANA 28;LAGUNA CREPE AIR FLOW;VERÃO 2025;LAGUNA;3
04938;PANTALONA SUBLIME;SEMANA 38;ALFAIATARIA MARRANT NEW (AT2286);VERÃO 2025;SUBLIME;4
04939;CROPPED SUBLIME NERVURAS;CANCELADO;ALFAIATARIA MARRANT NEW (AT2286);VERÃO 2025;SUBLIME;3
04940;JAQUETA SUBLIME DETALHE BOTOES;SEMANA 38;ALFAIATARIA MARRANT NEW (AT2286);ALTO VERÃO 2025;SUBLIME;4
04941;VESTIDO LONGO FLORA;CANCELADO;TAG PAPEL C/ ILHOES LIZIE;VERÃO 2025;FLORA;3
04942;BLUSA AMARRACAO FLORA;SEMANA 41;PATOU NEW (RW82311);VERÃO 2025;FLORA;3
04946;CALCA CENOURA AROMA;CANCELADO;ALFAIATARIA MARRANT NEW (AT2286);VERÃO 2025;AROMA;5
04948;CROPPED AROMA BOTOES;SEMANA 46;ALFAIATARIA MARRANT NEW (AT2286);ALTO VERÃO 2025;AROMA;5
04949;VESTIDO MIDI INSPIRAR;SEMANA 46;LINHO CHINA (AT2314);ALTO VERÃO 2025;INSPIRAR;4
04950;BLUSA INSPIRAR ALONGADA;SEMANA 46;LINHO CHINA (AT2314);ALTO VERÃO 2025;INSPIRAR;4
04951;PANTALONA INSPIRAR DETALHE LAPELA;SEMANA 46;LINHO CHINA (AT2314);ALTO VERÃO 2025;INSPIRAR;3
04952;SAIA CURTA INSPIRAR;SEMANA 46;LINHO CHINA (AT2314);ALTO VERÃO 2025;INSPIRAR;4
04953;SHORT AROMA DETALHE PASSADOR;SEMANA 11;ALFAIATARIA MARRANT NEW (AT2286);ALTO VERÃO 2025;AROMA;5
04954;MACACAO SUBLIME MEIA TACA;SEMANA 38;ALFAIATARIA MARRANT NEW (AT2286);VERÃO 2025;SUBLIME;4
04955;PANTALONA GRAFFIC CARGO;SEMANA 39;RAYON BALI ESTAMPA GRAFFIC;VERÃO 2025;GRAFFIC;1
04956;VESTIDO LONGO GRAFFIC;SEMANA 39;RAYON BALI ESTAMPA GRAFFIC;VERÃO 2025;GRAFFIC;1
04957;CROPPED SUNNY CORSET;SEMANA 32;ATACAMA POLY SPAN;VERÃO 2025;SUNNY;2
04966;OVERTOP VELVET COM FAIXA;SEMANA 28;MARRANT PEACH (AT2376);VERÃO 2025;VELVET;4
04967;MACACAO VELVET;SEMANA 28;MARRANT PEACH (AT2376);ALTO VERÃO 2025;VELVET;4
04971;CROPPED AMAR CORRENTES;SEMANA 22;GLOSS LIGHT EST AMAR;INVERNO 2024;AMAR;1
04972;CROPPED GLOSS DECOTE V;SEMANA 28;BROMELIA ESTAMPA GLOSS;VERÃO 2025;GLOSS;1
04973;BLUSA PUREZA FRALDADA;SEMANA 40;MARRANT PEACH (AT2376);VERÃO 2025;PUREZA;2
04974;BLUSA GRAFFIC FRALDADA;SEMANA 39;RAYON BALI ESTAMPA GRAFFIC;VERÃO 2025;GRAFFIC;1
04975;BLUSA MANGA CURTA GRAFFIC;CANCELADO;TAG PAPEL C/ ILHOES LIZIE;VERÃO 2025;GRAFFIC;1
04976;SAIA PAREO SPACE;SEMANA 32;RAYON PIQUET;VERÃO 2025;SPACE;4
04977;BLUSA BORDADO POA;SEMANA 46;PATOU NEW (RW82311);ALTO VERÃO 2025;BORDADO;3
04978;VESTIDO MIDI BORDADO POA;SEMANA 46;PATOU NEW (RW82311);ALTO VERÃO 2025;BORDADO;3
04979;SHSORT CHERRY COM PASSADOR;CANCELADO;TAG PAPEL C/ ILHOES LIZIE;VERÃO 2025;CHERRY;2
04980;BLUSA DELICADEZA;SEMANA 42;TRICOLINE SILKY ESTAMPA DELICADEZA;VERÃO 2025;DELICADEZA;1
04981;VESTIDO MIDI DELICADEZA;CANCELADO;;VERÃO 2025;DELICADEZA;1
04982;SHORT DELICADEZA ALFAIATARIA;SEMANA 42;TRICOLINE SILKY ESTAMPA DELICADEZA;VERÃO 2025;DELICADEZA;1
04983;VESTIDO MIDI BRUMA;SEMANA 45;TRICOLINE 3199;VERÃO 2025;BRUMA;4
04984;VESTIDO MIDI LINHO FELICITA;CANCELADO;LINHO CHINA (AT2314);VERÃO 2025;FELICITA;3
04985;VESTIDO CURTO FLORA;SEMANA 41;PATOU NEW (RW82311);VERÃO 2025;FLORA;3
04986;VESTIDO CURTO LASTEX COSMOS;SEMANA 31;TRICOLINE 3199;VERÃO 2025;COSMOS;3
04987;BLUSA PEPLUM BRUMA;CANCELADO;TAG PAPEL C/ ILHOES LIZIE;VERÃO 2025;BRUMA;1
04988;VESTIDO MIDI LACO SANTORINI;CANCELADO;LINHO CHINA (AT2314);VERÃO 2025;SANTORINI;3
04989;CALCA PANTALONA LINHO FELICITA;CANCELADO;LINHO CHINA (AT2314);VERÃO 2025;FELICITA;1
04990;CROPPED LINHO SANTORINI;CANCELADO;LINHO CHINA (AT2314);VERÃO 2025;SANTORINI;3
04992;SHORT BOTOES VANILA;SEMANA 49;TECIDO VERMONT CHINA RW55406-1;ALTO VERÃO 2025;VANILA;3
04993;CALCA PANTALONA BOTOES VANILA;SEMANA 49;TECIDO VERMONT CHINA RW55406-1;ALTO VERÃO 2025;VANILA;3
04994;CROPPED TRANSPASSADO VANILA;CANCELADO;TECIDO VERMONT CHINA RW55406-1;VERÃO 2025;VANILA;1
04995;SAIA MIDI FLORA;CANCELADO;PATOU NEW (RW82311);VERÃO 2025;FLORA;1
04996;VESTIDO CURTO ALFAIATARIA AQUARELA;CANCELADO;ATACAMA CHINA (AT-1909);VERÃO 2027;AQUARELA;1
04997;MACACAO ALFAIATARIA AQUARELA;SEMANA 28;ATACAMA CHINA (AT-1909);VERÃO 2027;AQUARELA;1
04998;SAIA CURTA ALFAIATARIA AQUARELA;SEMANA 28;ATACAMA CHINA (AT-1909);VERÃO 2027;AQUARELA;1
04999;CROPPED AQUARELA;CANCELADO;ATACAMA CHINA (AT-1909);VERÃO 2027;AQUARELA;1
05000;MACAQUINHO ALDEIA LINHO;SEMANA 35;LINHO CHINA (AT2314);VERÃO 2025;ALDEIA;3
05001;PANTALONA CHARME COS ELASTICO;SEMANA 38;BROMELIA ESTAMPA CHARME;VERÃO 2025;CHARME;1
05002;BLUSA CHARME GOLA;SEMANA 38;BROMELIA ESTAMPA CHARME;VERÃO 2025;CHARME;1
05003;SAIA CURTA TRANSPASSE CHARME;SEMANA 38;BROMELIA ESTAMPA CHARME;VERÃO 2025;CHARME;1
05004;VESTIDO CURTO CHARME;SEMANA 38;BROMELIA ESTAMPA CHARME;VERÃO 2025;CHARME;1
05005;CALCA CARGO ALDEIA;SEMANA 35;LINHO CHINA (AT2314);VERÃO 2025;ALDEIA;3
05006;SHORT BRUMA;CANCELADO;TRICOLINE 3199;ALTO VERÃO 2025;BRUMA;3
05007;VESTIDO LONGO DETALHE DECOTE FLORA;SEMANA 41;PATOU NEW (RW82311);ALTO VERÃO 2025;FLORA;3
05110;VESTIDO CURTO DRAPEADO LIVING;CANCELADO;PATOU CHINA AT2302;VERÃO 2025;LIVING;4
05164;SHORT SPACE CLOCHARD;SEMANA 32;MINESSOTA;ALTO VERÃO 2025;SPACE;1
05165;MACAQUINHO MARINE DETALHE ALCA;SEMANA 39;RAYON 40 ESTAMPA MARINE;VERÃO 2025;MARINE;1
05181;SAIA PAREO SCARLET;SEMANA 42;PRIME SUPREME ESTAMPA SCARLET;VERÃO 2025;SCARLET;1
05269;BLUSA DETALHE VIVO ENSEADA;CANCELADO;MARROCAINE LISO AT2374PD;VERÃO 2025;ENSEADA;5
05270;VESTIDO LONGO MIX BABADOS;SEMANA 36;MARROCAINE LISO AT2374PD;ALTO VERÃO 2025;ENSEADA;5
05271;VESTIDO MIDI BABADO MANGA;CANCELADO;MARROCAINE LISO AT2374PD;VERÃO 2025;;3
05272;MACACAO AROMA DECOTE COSTAS;SEMANA 46;ALFAIATARIA MARRANT NEW (AT2286);ALTO VERÃO 2025;AROMA;5
05273;VESTIDO MIDI MARINE;SEMANA 39;RAYON 40 ESTAMPA MARINE;VERÃO 2025;MARINE;1
05274;REGATA MARINE ALCA LARGA;SEMANA 39;RAYON 40 ESTAMPA MARINE;VERÃO 2025;MARINE;1
05275;CALCA CENOURA MARINE;SEMANA 39;RAYON 40 ESTAMPA MARINE;VERÃO 2025;MARINE;1
05277;MACAQUINHO RECORTE TROPICAL;CANCELADO;MARANT CHINA;VERÃO 2025;TROPICAL;1
05278;SHORT SAIA TROPICAL;CANCELADO;MARROCAINE LISO AT2374PD;VERÃO 2025;TROPICAL;1
05279;VESTIDO CURTO BOTOES TROPICAL;CANCELADO;MARANT CHINA;VERÃO 2025;TROPICAL;1
05280;VESTIDO LONGO LACOS COSMOS;SEMANA 31;TRICOLINE 3199;VERÃO 2025;COSMOS;3
05281;VESTIDO LONGO ESTELLA;CANCELADO;TAG PAPEL C/ ILHOES LIZIE;VERÃO 2025;ESTELLA;1
05282;VESTIDO MIDI RECORTES ENSEADA;CANCELADO;MARROCAINE LISO AT2374PD;VERÃO 2025;ENSEADA;1
05283;VESTIDO LONGO FELICITA LAISE;SEMANA 42;ALGODAO BORDADO DOTS CHINA (EW5585-03);ALTO VERÃO 2026;FELICITA;3
05284;CALCA CARGO LINHO;CANCELADO;LINHO CHINA (AT2314);VERÃO 2025;;2
05285;SHORT ALFAIATARIA CLEAN;SEMANA 38;MARRANT PEACH (AT2376);VERÃO 2026;CLEAN;2
05286;CALCA CENOURA CLEAN;CANCELADO;MARRANT PEACH (AT2376);VERÃO 2025;CLEAN;2
05287;COLETE ALONGADO CLEAN;SEMANA 38;MARRANT PEACH (AT2376);VERÃO 2026;CLEAN;2
05288;SHORT SCARLET DETALHE VIVO;CANCELADO;PRIME SUPREME ESTAMPA SCARLET;ALTO VERÃO 2025;SCARLET;1
05289;BLUSA SCARLET DETALHE VIVO;CANCELADO;PRIME SUPREME ESTAMPA SCARLET;ALTO VERÃO 2025;SCARLET;1
05290;VESTIDO CURTO LOVELY;SEMANA 45;PARISE ESTAMPA LOVELY;ALTO VERÃO 2025;LOVELY;1
05291;CALCA PANTALONA FIESTA;SEMANA 46;ESTAMPA FIESTA BROMELIA GLOW 00S328;ALTO VERÃO 2025;FIESTA;1
05292;VESTIDO LONGO FIESTA;SEMANA 46;ESTAMPA FIESTA BROMELIA GLOW 00S328;ALTO VERÃO 2025;FIESTA;1
05293;PANTALONA SUN ACETINADA;SEMANA 48;PATOU NEW ESTAMPA SUN;ALTO VERÃO 2025;SUN;1
05294;CROPPED SUN TANSPASSE;CANCELADO;PATOU NEW ESTAMPA SUN;ALTO VERÃO 2025;SUN;1
05295;VESTIDO LONGO LOVELY;SEMANA 45;PARISE ESTAMPA LOVELY;ALTO VERÃO 2025;LOVELY;1
05296;CROPPED LOVELY TRANSPASSE;CANCELADO;TAG PAPEL C/ ILHOES LIZIE;ALTO VERÃO 2025;LOVELY;1
05298;VESTIDO CURTO DETALHE DECOTE;CANCELADO;TAG PAPEL C/ ILHOES LIZIE;VERÃO 2025;;3
05299;REGATA BASIC DECOTE REDONDO VIVA;SEMANA 45;VISCOSE ESSENCIAL ARW800098;ALTO VERÃO 2025;VIVA;5
05300;PAREO BASIC VIVA;SEMANA 45;VISCOSE ESSENCIAL ARW800098;ALTO VERÃO 2025;VIVA;4
05301;SHORT SAIA LINHO SANTORINI;CANCELADO;LINHO CHINA (AT2314);VERÃO 2025;SANTORINI;3
05302;VESTIDO CURTO DOTS FOIL;CANCELADO;TAG PAPEL C/ ILHOES LIZIE;VERÃO 2025;DOTS FOIL;1
05303;BLUSA DOTS FOIL;SEMANA 49;MARROCAINE FOIL;ALTO VERÃO 2025;DOTS FOIL;3
05304;PANTALONA LENCO DOTS FOIL;SEMANA 49;MARROCAINE FOIL;ALTO VERÃO 2025;DOTS FOIL;1
05305;BLUSA BOTOES ABERTURA FRENTE;CANCELADO;TAG PAPEL C/ ILHOES LIZIE;VERÃO 2025;HOLIDAY;4
05306;VESTIDO LONGO HOLIDAY;SEMANA 45;VISCOSE ESSENCIAL ARW800098;ALTO VERÃO 2025;HOLIDAY;4
05307;VESTIDO MIDI BABADO;CANCELADO;TAG PAPEL C/ ILHOES LIZIE;VERÃO 2025;HOLIDAY;4
05308;PAREO HOLIDAY;CANCELADO;VISCOSE ESSENCIAL ARW800098;VERÃO 2025;HOLIDAY;2
05309;VESTIDO CURTO MAUI;CANCELADO;LAISE MAUI;VERÃO 2025;MAUI;1
05310;CROPPED LACO FELICITA LAISE;SEMANA 47;ALGODAO BORDADO DOTS CHINA (EW5585-03);ALTO VERÃO 2025;FELICITA;1
05311;SAIA MIDI FELICITA LAISE;SEMANA 47;ALGODAO BORDADO DOTS CHINA (EW5585-03);ALTO VERÃO 2025;FELICITA;1
05312;CROPPED BOJO MAUI;CANCELADO;LAISE MAUI;VERÃO 2025;MAUI;1
05313;VESTIDO MIDI DETALHE MANGA;SEMANA 42;CREPE KLEIN T508;ALTO VERÃO 2026;GERANIO;1
05314;COLETE STRIPE BOTOES;SEMANA 48;LISTRA VISCOSE LINEN ZANZIBAR;ALTO VERÃO 2025;STRIPE;1
05315;SHORT ALFAIATARIA STRIPE;SEMANA 48;LISTRA VISCOSE LINEN ZANZIBAR;ALTO VERÃO 2025;STRIPE;1
05316;VESTIDO CURTO STRIPE;SEMANA 48;LISTRA VISCOSE LINEN ZANZIBAR;ALTO VERÃO 2025;STRIPE;1
05317;PANTALONA STRIPE PREGAS;SEMANA 48;LISTRA VISCOSE LINEN ZANZIBAR;ALTO VERÃO 2025;STRIPE;1
05318;VESTIDO CURTO BORDADO;SEMANA 46;PATOU NEW (RW82311);ALTO VERÃO 2025;BORDADO;3
05319;VESTIDO CURTO SCARLET;SEMANA 42;PRIME SUPREME ESTAMPA SCARLET;ALTO VERÃO 2025;SCARLET;1
05320;CALCA JOGGER LOVELY;CANCELADO;PARISE ESTAMPA LOVELY;ALTO VERÃO 2025;LOVELY;1
05321;BLUSA SUN ASSIMETRICA;SEMANA 48;PATOU NEW ESTAMPA SUN;ALTO VERÃO 2025;SUN;1
05322;BATA  FIESTA DETALHE BOTOES;CANCELADO;TAG PAPEL C/ ILHOES LIZIE;ALTO VERÃO 2025;FIESTA;1
05323;CROPPED FIESTA ALCA DUPLA;CANCELADO;TAG PAPEL C/ ILHOES LIZIE;ALTO VERÃO 2025;FIESTA;1
05324;SHORT SCARLET COM PASSADOR;CANCELADO;PRIME SUPREME ESTAMPA SCARLET;ALTO VERÃO 2025;SCARLET;1
05325;CAMISA BOTOES MANGA BUFANTE;SEMANA 18;TRICOLINE MILANO 3547;INVERNO 2024;;1
05326;VESTIDO MIDI ENSEADA AMARRACAO;CANCELADO;MARROCAINE LISO AT2374PD;VERÃO 2025;ENSEADA;5
05327;VESTIDO CURTO DOTS FOIL;SEMANA 49;MARROCAINE FOIL;ALTO VERÃO 2025;DOTS FOIL;3
05328;CALCA LINHO DETALHE BOTOES SANTORINI;SEMANA 48;LINHO CHINA (AT2314);ALTO VERÃO 2025;SANTORINI;2
05329;SHORT MAUI;CANCELADO;LAISE MAUI;VERÃO 2025;MAUI;1
05330;SHORT HOLIDAY;SEMANA 45;VISCOSE ESSENCIAL ARW800098;ALTO VERÃO 2025;HOLIDAY;1
05331;BLUSA OMBRO A OMBRO BRUMA;CANCELADO;TRICOLINE 3199;ALTO VERÃO 2025;BRUMA;3
05333;SHORT SAIA AMARRACAO VIVA;CANCELADO;VISCOSE ESSENCIAL ARW800098;VERÃO 2025;VIVA;3
05334;BLUSA CONTRASTANTE HOLIDAY;CANCELADO;TAG PAPEL C/ ILHOES LIZIE;VERÃO 2025;HOLIDAY;5
05336;CROPPED PESPONTADO AQUARELA;CANCELADO;ATACAMA CHINA (AT-1909);VERÃO 2027;AQUARELA;3
05337;CROPPED PESPONTADO VANILA;CANCELADO;TECIDO VERMONT CHINA RW55406-1;VERÃO 2025;VANILA;3
05338;BLUSA ALCA DUPLA ENSEADA;SEMANA 36;MARROCAINE LISO AT2374PD;ALTO VERÃO 2025;ENSEADA;3
05339;VESTIDO LONGO RECORTES LIVING;CANCELADO;PATOU CHINA AT2302;VERÃO 2025;LIVING;4
05340;VESTIDO CURTO BABADOS HOLIDAY;CANCELADO;TAG PAPEL C/ ILHOES LIZIE;VERÃO 2025;HOLIDAY;4
05341;BLUSA DETALHE ALCA HOLIDAY;SEMANA 45;VISCOSE ESSENCIAL ARW800098;ALTO VERÃO 2025;HOLIDAY;2
05342;CALCA CARMEL COLOR;SEMANA 45;CARMEL CREPE AIR FLOW;ALTO VERÃO 2025;CARMEL;5
05343;SHORT CARMEL COLOR;SEMANA 45;CARMEL CREPE AIR FLOW;ALTO VERÃO 2025;CARMEL;4
05344;BLUSA MANGA BABADO DUO;SEMANA 27;DANIELLE RAYON CREPE;VERÃO 2025;DUO;7
05345;VESTIDO LONGO DELICADEZA;SEMANA 42;TRICOLINE SILKY ESTAMPA DELICADEZA;ALTO VERÃO 2025;DELICADEZA;2
05346;VESTIDO CROPPED SUN;SEMANA 48;PATOU NEW ESTAMPA SUN;ALTO VERÃO 2025;SUN;1
05349;VESTIDO LONGO ENTREMEIO FLORA;CANCELADO;PATOU NEW (RW82311);VERÃO 2025;FLORA;4
05352;VESTIDO CURTO FIESTA;SEMANA 46;ESTAMPA FIESTA BROMELIA GLOW 00S328;ALTO VERÃO 2025;FIESTA;1
05353;CROPPED FIESTA MANGA BUFANTE;SEMANA 46;ESTAMPA FIESTA BROMELIA GLOW 00S328;ALTO VERÃO 2025;FIESTA;1
05354;BLUSA FIESTA ALCA;SEMANA 46;ESTAMPA FIESTA BROMELIA GLOW 00S328;ALTO VERÃO 2025;FIESTA;1
05355;SHORT FIESTA;SEMANA 46;ESTAMPA FIESTA BROMELIA GLOW 00S328;ALTO VERÃO 2025;FIESTA;1
05356;VESTIDO LONGO SCARLET;SEMANA 42;PRIME SUPREME ESTAMPA SCARLET;VERÃO 2025;SCARLET;1
05357;BLUSA SCARLET BASIC;SEMANA 42;PRIME SUPREME ESTAMPA SCARLET;VERÃO 2025;SCARLET;1
05358;BLUSA LOVELY DETALHE MANGA;SEMANA 45;PARISE ESTAMPA LOVELY;ALTO VERÃO 2025;LOVELY;1
05359;REGATA LOVELY BABADOS;SEMANA 45;PARISE ESTAMPA LOVELY;ALTO VERÃO 2025;LOVELY;1
05360;BLUSA FRENTE UNICA TROPICAL;CANCELADO;MARANT CHINA;VERÃO 2025;TROPICAL;3
05361;SHORT SAIA TROPICAL;CANCELADO;MARANT CHINA;VERÃO 2025;TROPICAL;3
05366;PANTALONA TROPICAL PREGAS;CANCELADO;MARANT CHINA;VERÃO 2025;TROPICAL;3
05368;SAIA RENOVAR BOTOES;CANCELADO;MARRANT PEACH (AT2376);VERÃO 2025;RENOVAR;3
05369;COLETE LINEN BOTAO NATURE;SEMANA 35;LINNEN STRECH ESSENCIAL;VERÃO 2025;NATURE;3
05370;PANTALONA LINEN VIVO NATURE;SEMANA 35;LINNEN STRECH ESSENCIAL;VERÃO 2025;NATURE;3
05371;COLETE ALFAIATARIA SILVER;SEMANA 33;MARANT NATURE SUMMER (BETA);VERÃO 2025;SILVER;2
05372;CALCA ALFAIATARIA CARROT SILVER;SEMANA 33;MARANT NATURE SUMMER (BETA);VERÃO 2025;SILVER;2
05373;CROPPED ALFAIATARIA SILVER;SEMANA 33;MARANT NATURE SUMMER (BETA);VERÃO 2025;SILVER;2
05374;CROPPED LINHO CAMADAS SUNSHINE;SEMANA 44;LINHO SPANDEX;ALTO VERÃO 2025;SUNSHINE;3
05375;SAIA MIDI LINHO SUNSHINE;SEMANA 44;LINHO SPANDEX;ALTO VERÃO 2025;SUNSHINE;3
05376;CALCA LINHO SUNSHINE;SEMANA 44;LINHO SPANDEX;ALTO VERÃO 2025;SUNSHINE;3
05377;SHORT BOLSO LINHO;SEMANA 44;LINHO SPANDEX;ALTO VERÃO 2025;SUNSHINE;3
05378;BLUSA CASUAL RESORT;SEMANA 41;ALFAIATARIA RESORT 3090;VERÃO 2025;RESORT;3
05379;CALCA ALFAIATARIA RESORT;SEMANA 41;ALFAIATARIA RESORT 3090;VERÃO 2025;RESORT;2
05380;VESTIDO MIDI RESORT;SEMANA 41;ALFAIATARIA RESORT 3090;VERÃO 2025;RESORT;3
05381;SHORT SAIA BOTOES RESORT;SEMANA 41;ALFAIATARIA RESORT 3090;VERÃO 2025;RESORT;2
05382;BLUSA BASIC VERON;SEMANA 42;LINHO RUSTICO (VERMONT);VERÃO 2025;VERON;3
05383;SHORT CLOCHARD VERON;SEMANA 42;LINHO RUSTICO (VERMONT);VERÃO 2025;VERON;3
05384;PANTALONA CLOCHARD VERON;SEMANA 42;LINHO RUSTICO (VERMONT);VERÃO 2025;VERON;3
05385;BLUSA PREGAS OMBRO SUMMER;SEMANA 44;MARANT NATURE SUMMER (BETA);ALTO VERÃO 2025;NEW SUMMER;4
05386;MACACAO SUMMER DETALHE GOLA;CANCELADO;MARANT NATURE SUMMER (BETA);VERÃO 2025;NEW SUMMER;4
05387;SAIA CURTA SUMMER;CANCELADO;MARANT NATURE SUMMER (BETA);VERÃO 2025;NEW SUMMER;4
05388;SHORT ALFAIATARIA SUMMER;SEMANA 44;MARANT NATURE SUMMER (BETA);ALTO VERÃO 2025;NEW SUMMER;3
05389;CALCA CENOURA VENICE;SEMANA 11;PATOU CHINA AT2302;INVERNO 2024;VENICE;4
05390;MACAQUINHO LINHO COM CINTO;SEMANA 44;LINHO SPANDEX;ALTO VERÃO 2025;SUNSHINE;3
05393;BLUSA TROPICAL ALCA REMOVIVEL;SEMANA 45;ALFAIATARIA MARRANT  20038B;ALTO VERÃO 2025;TROPICAL;3
05394;CALCA TROPICAL CARGO;SEMANA 45;ALFAIATARIA MARRANT  20038B;ALTO VERÃO 2025;TROPICAL;3
05395;SHORT SAIA TROPICAL;SEMANA 45;ALFAIATARIA MARRANT  20038B;ALTO VERÃO 2025;TROPICAL;3
05396;REGATA BASIC ESSENCIAL;CANCELADO;MAQUINETADO LISBOA;VERÃO 2025;ESSENCIAL;3
05397;BLUSA BASIC CAVE;SEMANA 07;VISCOSE ESSENCIAL ARW800098;INVERNO 2025;CAVE;4
05398;SHORT SAIA ESSENCIAL;CANCELADO;MAQUINETADO LISBOA;VERÃO 2025;ESSENCIAL;2
05399;PANTALONA REFLEXOS;SEMANA 07;MAQUINETADO LISBOA;INVERNO 2025;REFLEXOS;2
05400;MACACAO LINHO RAGLAN;CANCELADO;;VERÃO 2025;LINHO;1
05401;BLUSA MANGA SAVANA;SEMANA 07;MAQUINETADO LISBOA EST SAVANA;INVERNO 2025;SAVANA;1
05402;REGATA ALCA DUPLA SAVANA;SEMANA 07;MAQUINETADO LISBOA EST SAVANA;INVERNO 2025;SAVANA;1
05403;VESTIDO MIDI SAVANA;SEMANA 07;MAQUINETADO LISBOA EST SAVANA;INVERNO 2025;SAVANA;1
05404;SHORT SAVANA COM PASSADOR;SEMANA 07;MAQUINETADO LISBOA EST SAVANA;INVERNO 2025;SAVANA;1
05405;BLUSA ALCA BABADOS POLEN;SEMANA 07;PARISE ESTAMPA POLEN;INVERNO 2025;POLEN;1
05406;PANTALONA PREGAS POLEN;SEMANA 07;PARISE ESTAMPA POLEN;INVERNO 2025;POLEN;1
05407;SHORT POLEN COM PASSADOR;SEMANA 07;PARISE ESTAMPA POLEN;INVERNO 2025;POLEN;1
05408;CAMISA TOFFEE;SEMANA 11;MARROCAINE EST TOFFEE;INVERNO 2025;TOFFEE;1
05409;COLETE TOFFEE BOTOES;SEMANA 11;MARRANT EST TOFFEE;INVERNO 2025;TOFFEE;1
05410;REGATA DECOTE V TOFFEE;SEMANA 11;MARROCAINE EST TOFFEE;INVERNO 2025;TOFFEE;1
05411;VESTIDO MIDI TOFFEE;SEMANA 11;MARROCAINE EST TOFFEE;INVERNO 2025;TOFFEE;1
05412;VESTIDO CURTO TOFFEE;SEMANA 11;MARRANT EST TOFFEE;INVERNO 2025;TOFFEE;1
05413;CALCA CENOURA TOFFEE;SEMANA 11;MARRANT EST TOFFEE;INVERNO 2025;TOFFEE;1
05414;SHORT ALFAIATARIA TOFFEE;SEMANA 11;MARRANT EST TOFFEE;INVERNO 2025;TOFFEE;1
05415;VESTIDO CURTO SAVANA;SEMANA 07;MAQUINETADO LISBOA EST SAVANA;INVERNO 2025;SAVANA;1
05416;VESTIDO CROPPED POLEN;SEMANA 07;PARISE ESTAMPA POLEN;INVERNO 2025;POLEN;1
05417;BLUSA GRID BASIC;SEMANA 18;MARRANT EST GRID AT-2080;INVERNO 2025;GRID;1
05418;CAMISA CROPPED GRID;CANCELADO;TAG PAPEL C/ ILHOES LIZIE;INVERNO 2025;GRID;1
05419;BLAZER GRID BOTOES;CANCELADO;TAG PAPEL C/ ILHOES LIZIE;INVERNO 2025;GRID;1
05420;MACACAO GRID MANGA BUFANTE;CANCELADO;TAG PAPEL C/ ILHOES LIZIE;INVERNO 2025;GRID;1
05421;VESTIDO MIDI GRID;SEMANA 18;MARROCAINE  EST GRID AT-2080;INVERNO 2025;GRID;1
05422;PANTALONA GRID COM PASSADOR;SEMANA 18;MARRANT EST GRID AT-2080;INVERNO 2025;GRID;1
05423;BLUSA DASH ALCA REMOVIVEL;CANCELADO;TAG PAPEL C/ ILHOES LIZIE;INVERNO 2025;DASH;1
05424;BLAZER NEW RISCA;SEMANA 11;MARRANT EST NEW RISCA AT 2336;INVERNO 2025;NEW RISCA;3
05425;CAMISA BABADOS DASH;CANCELADO;TAG PAPEL C/ ILHOES LIZIE;INVERNO 2025;DASH;1
05426;VESTIDO MIDI DASH;CANCELADO;TAG PAPEL C/ ILHOES LIZIE;INVERNO 2025;DASH;1
05427;PANTALONA DASH PREGAS;CANCELADO;ETIQUETA PERSONALIZADA LIZIE;INVERNO 2025;DASH;1
05428;SHORT SAIA DASH;CANCELADO;ETIQUETA PERSONALIZADA LIZIE;INVERNO 2025;DASH;1
05429;TOP RECORTES CAMINHAR;CANCELADO;ALFAIATARIA MARRANT NEW (AT2286);VERÃO 2026;CAMINHAR;3
05430;BLAZER OVER FAMILIA 11;CANCELADO;ALFAIATARIA MARRANT NEW (AT2286);INVERNO 2025;;3
05431;COLETE BOTOES CAMINHAR;CANCELADO;ALFAIATARIA MARRANT NEW (AT2286);VERÃO 2026;CAMINHAR;3
05432;CALCA CARGO AMARANTO;SEMANA 21;ALFAIATARIA MARRANT NEW (AT2286);INVERNO 2025;AMARANTO;4
05433;BLUSA CAVE BARRA ARREDONDADA;SEMANA 07;VISCOSE ESSENCIAL ARW800098;INVERNO 2025;CAVE;4
05434;BLAZER CROPPED BOTOES CITRINO;CANCELADO;FORRO VOIL DE VISCOSE P11NL0169;INVERNO 2025;CITRINO;4
05435;CALCA TRANSPASSE BOTOES CITRINO;SEMANA 18;ALFAIATARIA MARRANT NEW (AT2286);INVERNO 2025;CITRINO;4
05436;COLETE ALFAIATARIA BOTOES CITRINO;SEMANA 18;ALFAIATARIA MARRANT NEW (AT2286);INVERNO 2025;CITRINO;4
05437;CROPPED FRANZIDO CITRINO;CANCELADO;;INVERNO 2025;CITRINO;4
05438;VESTIDO MIDI RIVER;SEMANA 18;MARROCAINE RW80136-1;INVERNO 2025;RIVER;2
05439;BLUSA DASH DETALHE VIES;CANCELADO;TAG PAPEL C/ ILHOES LIZIE;INVERNO 2025;DASH;1
05440;COLETE NEW RISCA;SEMANA 11;MARRANT EST NEW RISCA AT 2336;INVERNO 2025;NEW RISCA;3
05441;SAIA CURTA NEW RISCA;CANCELADO;MARRANT EST NEW RISCA AT 2336;INVERNO 2025;NEW RISCA;2
05442;PANTALONA CARGO NEW RISCA;SEMANA 11;MARRANT EST NEW RISCA AT 2336;INVERNO 2025;NEW RISCA;3
05443;COLETE LINHO CURTO ORVALHO;SEMANA 11;LINHO CHINA (AT2314);INVERNO 2025;ORVALHO;3
05444;CALCA BOLSOS ORVALHO;SEMANA 11;LINHO CHINA (AT2314);INVERNO 2025;ORVALHO;3
05445;SAIA MIDI BOLSOS ORVALHO;SEMANA 11;LINHO CHINA (AT2314);INVERNO 2025;ORVALHO;3
05446;SHORT CHOICE PREGAS;CANCELADO;ENTRETELA LT2450;VERÃO 2025;CHOICE;1
05447;VESTIDO CURTO CHOICE;CANCELADO;LINHO ESTAMPA CHOICE;VERÃO 2025;CHOICE;1
05450;SHORT RENOVAR BOTOES;SEMANA 36;MARRANT PEACH (AT2376);VERÃO 2025;RENOVAR;3
05451;CROPPED CHOICE;CANCELADO;TAG PAPEL C/ ILHOES LIZIE;VERÃO 2025;CHOICE;1
05452;VESTIDO MIDI CHOICE;CANCELADO;TAG PAPEL C/ ILHOES LIZIE;VERÃO 2025;CHOICE;1
05453;BLUSA PISCINE BASIC;SEMANA 49;PARISE EST PISCINE;ALTO VERÃO 2025;PISCINE;1
05454;MACACAO PISCINE;SEMANA 49;PARISE EST PISCINE;ALTO VERÃO 2025;PISCINE;1
05455;SHORT PISCINE;CANCELADO;PARISE EST PISCINE;INTERMEDIÁRIA;PISCINE;1
05456;VESTIDO MIDI PISCINE;SEMANA 49;PARISE EST PISCINE;ALTO VERÃO 2025;PISCINE;1
05457;REGATA GRID DETALHE ALCA;SEMANA 18;MARROCAINE  EST GRID AT-2080;INVERNO 2025;GRID;1
05458;CROPPED NEW RISCA DECOTE V;CANCELADO;TAG PAPEL C/ ILHOES LIZIE;INVERNO 2025;NEW RISCA;2
05459;VESTIDO CURTO DEGAGE DASH;CANCELADO;TAG PAPEL C/ ILHOES LIZIE;INVERNO 2025;DASH;1
05460;BLAZER CROPPED SNOW;CANCELADO;TAG PAPEL C/ ILHOES LIZIE;INVERNO 2025;SNOW;1
05461;CROPPED MEIA TACA SNOW;CANCELADO;TAG PAPEL C/ ILHOES LIZIE;INVERNO 2025;SNOW;1
05462;SHORT SNOW COM PASSADOR;CANCELADO;ETIQUETA PERSONALIZADA LIZIE;INVERNO 2025;SNOW;1
05463;VESTIDO CURTO SNOW;CANCELADO;TAG PAPEL C/ ILHOES LIZIE;INVERNO 2025;SNOW;1
05464;CALCA FLARE SNOW;CANCELADO;ETIQUETA PERSONALIZADA LIZIE;INVERNO 2025;SNOW;1
05465;MACACAO CANELA;CANCELADO;TAG PAPEL C/ ILHOES LIZIE;INVERNO 2025;CANELA;1
05466;SHORT BOTOES ORVALHO;SEMANA 11;LINHO CHINA (AT2314);INVERNO 2025;ORVALHO;3
05467;BLAZER TWEED ASPEN;SEMANA 21;TWEED LISO (RW1835);INVERNO 2025;ASPEN;3
05468;PANTALONA TWEED ASPEN;SEMANA 21;TWEED LISO (RW1835);INVERNO 2025;ASPEN;3
05469;PANTALONA BASIC CAVE;SEMANA 07;VISCOSE ESSENCIAL ARW800098;INVERNO 2025;CAVE;3
05470;MACAQUINHO BASIC CAVE;CANCELADO;TAG PAPEL C/ ILHOES LIZIE;INVERNO 2025;CAVE;4
05471;BLUSA MANGA BABADOS CITRINO;CANCELADO;TAG PAPEL C/ ILHOES LIZIE;INVERNO 2025;CITRINO;4
05472;SHORT AMARANTO;CANCELADO;ALFAIATARIA MARRANT NEW (AT2286);INVERNO 2025;AMARANTO;3
05473;CAMISA FLUIDO AMARANTO;CANCELADO;;INVERNO 2025;AMARANTO;3
05474;BLUSA BABADO AMARANTO;SEMANA 21;ALFAIATARIA MARRANT NEW (AT2286);INVERNO 2025;AMARANTO;4
05475;BLAZER OVERSIZE AMARANTO;CANCELADO;;INVERNO 2025;AMARANTO;4
05476;CALCA RETA AMARANTO;CANCELADO;ETIQUETA PERSONALIZADA LIZIE;INVERNO 2025;AMARANTO;4
05477;BLUSA CORSET FAMILIA 11;CANCELADO;TAG PAPEL C/ ILHOES LIZIE;VERÃO 2026;;3
05478;COLETE MAXI MATCHA;SEMANA 28;ATACAMA CHINA (AT-1909);VERÃO 2027;MATCHA;3
05479;CALCA PANTALONA MATCHA;SEMANA 28;ATACAMA CHINA (AT-1909);VERÃO 2027;MATCHA;3
05480;MACAQUINHO BASIC CAVE;CANCELADO;VISCOSE ESSENCIAL ARW800098;INVERNO 2025;CAVE;4
05481;CROPPED TWEED ASPEN;SEMANA 21;TWEED LISO (RW1835);INVERNO 2025;ASPEN;3
05482;VESTIDO CURTO TWEED ASPEN;SEMANA 21;TWEED LISO (RW1835);INVERNO 2025;ASPEN;3
05489;CROPPED DETALHE V MATCHA;CANCELADO;;VERÃO 2027;MATCHA;3
05490;VESTIDO CURTO DETALHE V MATCHA;CANCELADO;;VERÃO 2027;MATCHA;3
05491;SHORT DETALHE COS MATCHA;SEMANA 28;ATACAMA CHINA (AT-1909);VERÃO 2027;MATCHA;3
05492;VESTIDO CURTO AMARRACAO ESSENCIAL;CANCELADO;TAG PAPEL C/ ILHOES LIZIE;VERÃO 2025;ESSENCIAL;2
05493;VESTIDO MIDI ESSENCIAL;CANCELADO;TAG PAPEL C/ ILHOES LIZIE;VERÃO 2025;ESSENCIAL;2
05494;SAIA CURTA TWEED ASPEN;CANCELADO;FORRO VOIL DE VISCOSE P11NL0169;INVERNO 2025;ASPEN;3
05495;BLUSA DECOTE FRANZIDO SANTORINI;SEMANA 48;LINHO CHINA (AT2314);ALTO VERÃO 2025;SANTORINI;1
05496;PANTALONA ALFAIATARIA CITRINO;CANCELADO;ALFAIATARIA MARRANT NEW (AT2286);INVERNO 2025;CITRINO;4
05497;BLUSA DUO CITRINO;CANCELADO;ALFAIATARIA MARRANT NEW (AT2286);INVERNO 2025;CITRINO;4
05500;COLETE NEW GLOW;SEMANA 18;MARRANT EST GLOW AT-2080;INVERNO 2025;NEW GLOW;1
05501;SHORT NEW GLOW PREGAS;SEMANA 18;MARRANT EST GLOW AT-2080;INVERNO 2025;NEW GLOW;1
05502;PANTALONA NEW GLOW;SEMANA 18;MARRANT EST GLOW AT-2080;INVERNO 2025;NEW GLOW;1
05503;BLUSA NEW GLOW MANGA BUFANTE;SEMANA 18;GGT EST GLOW;INVERNO 2025;NEW GLOW;1
05504;CAMISA INFANTIL NEW GLOW;SEMANA 18;RAYON 40 EST NEW GLOW;INVERNO 2025;NEW GLOW;1
05505;VESTIDO CURTO ENSEADA;CANCELADO;MARROCAINE LISO AT2374PD;VERÃO 2025;ENSEADA;5
05506;VESTIDO CURTO SUN;SEMANA 48;PATOU NEW ESTAMPA SUN;ALTO VERÃO 2025;SUN;1
05508;SHORT SAIA CANELA;SEMANA 18;ALGODAO BORDADO CANELA;INVERNO 2025;CANELA;1
05509;BLAZER CANELA ALONGADO;CANCELADO;TAG PAPEL C/ ILHOES LIZIE;INVERNO 2025;CANELA;1
05510;VESTIDO LONGO DOTS FOIL;SEMANA 49;MARROCAINE FOIL;ALTO VERÃO 2025;DOTS FOIL;3
05511;VESTIDO MIDI VIVA;SEMANA 45;VISCOSE ESSENCIAL ARW800098;ALTO VERÃO 2025;VIVA;5
05512;VESTIDO MIDI NEW GLOW;SEMANA 18;GGT EST GLOW;INVERNO 2025;NEW GLOW;1
05513;BLUSA ALCA DUPLA AMARANTO;CANCELADO;;INVERNO 2025;AMARANTO;3
05514;COLETE ESTRUTURADO AMARANTO;CANCELADO;;INVERNO 2025;AMARANTO;3
05515;MACACAO AMARANTO MANGA BABADO;CANCELADO;;INVERNO 2025;AMARANTO;4
05516;CROPPED ATMOSFERA;CANCELADO;ALFAIATARIA MARRANT NEW (AT2286);INVERNO 2025;ATMOSFERA;3
05517;PANTALONA CARGO NEW ATMOSFERA;CANCELADO;ALFAIATARIA MARRANT NEW (AT2286);INVERNO 2025;ATMOSFERA;4
05518;JAQUETA BOLSOS ATMOSFERA;CANCELADO;ALFAIATARIA MARRANT NEW (AT2286);INVERNO 2025;ATMOSFERA;4
05519;CALCA RETA BOLSO FAMILIA 11;CANCELADO;ALFAIATARIA MARRANT NEW (AT2286);VERÃO 2026;;3
05520;BLUSA BASIC BLANC;SEMANA 14;TECIDO VERMONT CHINA RW55406-1;INVERNO 2025;BLANC;2
05521;BLAZER SLIM BLANC;CANCELADO;TECIDO VERMONT CHINA RW55406-1;INVERNO 2025;BLANC;2
05522;CALCA CLOCHARD BLANC;CANCELADO;TECIDO VERMONT CHINA RW55406-1;INVERNO 2025;BLANC;2
05523;SHORT CLOCHARD BLANC;CANCELADO;TECIDO VERMONT CHINA RW55406-1;INVERNO 2025;BLANC;2
05524;BLAZER CROPPED BORDADO SELENITA;CANCELADO;ETIQUETA COLLECTION;INVERNO 2025;SELENITA;2
05525;CROPPED BORDADO SELENITA;CANCELADO;ETIQUETA COLLECTION;INVERNO 2025;SELENITA;2
05526;SHORT PREGAS BORDADO SELENITA;CANCELADO;ETIQUETA COLLECTION;INVERNO 2025;SELENITA;2
05527;VESTIDO LONGO BORDADO SELENITA;CANCELADO;ETIQUETA COLLECTION;INVERNO 2025;SELENITA;2
05530;BLAZER CHEVRON DETALLHE BOTOES;CANCELADO;TAG PAPEL C/ ILHOES LIZIE;INVERNO 2025;CHEVRON;1
05531;BLUSA CHEVRON MEIA TACA;CANCELADO;TAG PAPEL C/ ILHOES LIZIE;INVERNO 2025;CHEVRON;1
05532;CALCA CHEVRON SLIM;CANCELADO;ETIQUETA PERSONALIZADA LIZIE;VERÃO 2026;CHEVRON;1
05533;VESTIDO CURTO INOX;SEMANA 27;EST INOX YK72664;VERÃO 2026;INOX;1
05534;BLUSA CANELA DETALHE BOTOES;SEMANA 18;ALGODAO BORDADO CANELA;INVERNO 2025;CANELA;1
05535;PANTALONA CANELA;SEMANA 18;ALGODAO BORDADO CANELA;INVERNO 2025;CANELA;1
05536;VESTIDO CURTO NEW RISCA;CANCELADO;FORRO VISCOSE PREMIUM;INVERNO 2025;NEW RISCA;2
05537;VESTIDO RETINHO SUMMER;SEMANA 44;MARANT NATURE SUMMER (BETA);ALTO VERÃO 2025;NEW SUMMER;4
05538;MACACAO LONGO RECORTES LIVING;SEMANA 42;PATOU CHINA AT2302;ALTO VERÃO 2025;LIVING;4
05539;CROPPED ARTICO DETALHE PALA;CANCELADO;TAG PAPEL C/ ILHOES LIZIE;INVERNO 2025;ARTICO;3
05540;MACACAO ARTICO GOLA;CANCELADO;TAG PAPEL C/ ILHOES LIZIE;INVERNO 2025;ARTICO;3
05541;PANTALONA CARGO ARTICO;SEMANA 15;FLANELA LISTRADA ARTICO;INVERNO 2025;ARTICO;3
05542;SHORT CARGO ARTICO;CANCELADO;ETIQUETA PERSONALIZADA LIZIE;INVERNO 2025;ARTICO;3
05543;BLUSA CASTLE DETALHE BOTOES;SEMANA 21;XADREZ FIO TINTO YW77235;INVERNO 2025;CASTLE;1
05544;PANTALONA PREGAS CASTLE;SEMANA 21;XADREZ FIO TINTO YW77235;INVERNO 2025;CASTLE;1
05545;SHORT PREGAS CASTLE;SEMANA 21;XADREZ FIO TINTO YW77235;INVERNO 2025;CASTLE;1
05546;MACACAO ORVALHO;SEMANA 11;LINHO CHINA (AT2314);INVERNO 2025;ORVALHO;3
05547;CROPPED RECORTE MOUNTAIN;CANCELADO;;INVERNO 2025;MOUNTAIN;1
05548;SHORT SLIM MOUNTAIN;CANCELADO;;INVERNO 2025;MOUNTAIN;1
05549;PANTALONA MOUNTAIN CARGO;CANCELADO;;INVERNO 2025;MOUNTAIN;4
05550;VESTIDO CURTO MOUNTAIN;CANCELADO;;INVERNO 2025;MOUNTAIN;1
05552;VESTIDO LONGO LISTRAS;SEMANA 49;TRICOLINE TURIM EST LISTRAS;ALTO VERÃO 2025;LISTRAS;1
05553;SAIA CROPPED LISTRAS;SEMANA 49;TRICOLINE TURIM EST LISTRAS;ALTO VERÃO 2025;LISTRAS;1
05554;VESTIDO CURTO PESPONTOS TURMALINA;CANCELADO;;INVERNO 2025;TURMALINA;3
05555;PANTALONA BOLSOS PESPONTOS TURMALINA;SEMANA 23;LINHO CHINA (AT2314);INVERNO 2026;TURMALINA;3
05556;BLUSA PESPONTOS TURMALINA;SEMANA 23;LINHO CHINA (AT2314);INVERNO 2026;TURMALINA;3
05557;SAIA LONGA TURMALINA;SEMANA 23;LINHO CHINA (AT2314);INVERNO 2026;TURMALINA;3
05558;CALCA SLIM WOOD;CANCELADO;;INVERNO 2025;WOOD;3
05559;JAQUETA ALFAIATARIA WOOD;CANCELADO;;INVERNO 2025;WOOD;3
05560;BLUSA TRANSPASSE WOOD;CANCELADO;;INVERNO 2025;WOOD;3
05561;CROPPED TRANSPASSE WOOD;CANCELADO;;INVERNO 2025;WOOD;3
05565;PANTALONA PREGA CITRINO;CANCELADO;;INVERNO 2025;CITRINO;4
05580;BLUSA DUPLA FLORA;SEMANA 41;PATOU NEW (RW82311);VERÃO 2025;FLORA;3
05581;CAMISA LISTRAS;CANCELADO;TRICOLINE TURIM EST LISTRAS;ALTO VERÃO 2025;LISTRAS;1
05582;BLAZER TRRENCH ARTICO;CANCELADO;TAG PAPEL C/ ILHOES LIZIE;INVERNO 2025;ARTICO;3
05583;PANTALONA LIVING;CANCELADO;;VERÃO 2025;LIVING;4
05584;VESTIDO CURTO AMARANTO DUO;CANCELADO;TAG PAPEL C/ ILHOES LIZIE;INVERNO 2025;AMARANTO;3
05585;CROPPED AMETISTA CAMADAS;SEMANA 39;LINHO CARIBE;VERÃO 2025;AMETISTA;2
05586;CALCA AMETISTA CLOCHARD COM FAIXA;SEMANA 39;LINHO CARIBE;VERÃO 2025;AMETISTA;2
05587;VESTIDO CURTO AMARANTO;CANCELADO;;INVERNO 2025;AMARANTO;3
05588;BLUSA RENOVAR;SEMANA 36;MARRANT PEACH (AT2376);VERÃO 2025;RENOVAR;1
05589;CHEMISE LAISE MAUI;CANCELADO;;VERÃO 2025;MAUI;1
05593;BLUSA PEPPER MANGA BABADOS;SEMANA;RAYON 40 EST PEPPER;VERÃO 2025;PEPPER;1
05594;MACAQUINHO PEPPER ALCA LARGA;SEMANA;RAYON 40 EST PEPPER;VERÃO 2025;PEPPER;1
05595;SAIA LONGA PEPPER;SEMANA;RAYON 40 EST PEPPER;VERÃO 2025;PEPPER;1
05596;VESTIDO MIDI PEPPER;SEMANA;RAYON 40 EST PEPPER;VERÃO 2025;PEPPER;1
05597;VESTIDO CURTO PEPPER;SEMANA;RAYON 40 EST PEPPER;VERÃO 2025;PEPPER;1
05598;MACAQUINHO PUREZA COM CINTO;SEMANA 40;MARRANT PEACH (AT2376);ALTO VERÃO 2025;PUREZA;1
05599;SHORT LOVELY COM PASSADOR;SEMANA 45;PARISE ESTAMPA LOVELY;ALTO VERÃO 2025;LOVELY;1
05600;BLUSA SUNSHINE;SEMANA 44;LINHO SPANDEX;ALTO VERÃO 2025;SUNSHINE;3
05601;BLUSA INSPIRAR DECOTE CANOA;SEMANA 46;LINHO CHINA (AT2314);ALTO VERÃO 2025;INSPIRAR;1
05602;SHORT PEPPER DETALHE AMARRACAO;SEMANA;RAYON 40 EST PEPPER;VERÃO 2025;PEPPER;1
05603;BLUSA LINHO SOUL;SEMANA 42;TAGLIARINI RAYON LINEN LISO;ALTO VERÃO 2025;SOUL;2
05604;MACAQUINHO LINHO SOUL;SEMANA 42;TAGLIARINI RAYON LINEN LISO;ALTO VERÃO 2025;SOUL;3
05605;MACACAO PESPONTO LINHO SOUL;SEMANA 11;TAGLIARINI RAYON LINEN LISO;ALTO VERÃO 2025;SOUL;3
05606;VESTIDO CROPPED LINHO SOUL;SEMANA 42;TAGLIARINI RAYON LINEN LISO;ALTO VERÃO 2025;SOUL;2
05607;MACACAO RECORTE VANILA;CANCELADO;TAG PAPEL C/ ILHOES LIZIE;VERÃO 2025;VANILA;1
05609;BLUSA BASIC TROPICAL;SEMANA 45;MARANT CHINA;ALTO VERÃO 2025;TROPICAL;1
05616;PAREO MIDI DOTS;CANCELADO;MARROCAINE FOIL;VERÃO 2025;DOTS FOIL;2
05618;REGATA DECOTE V COAST;SEMANA 13;RAYON 40 EST COAST;INVERNO 2025;COAST;1
05619;VESTIDO CURTO COAST;SEMANA 13;RAYON 40 EST COAST;INVERNO 2025;COAST;1
05620;VESTIDO CROPPED COAST;SEMANA 13;RAYON 40 EST COAST;INVERNO 2025;COAST;1
05622;SHORT PREGAS SOUL;SEMANA 42;TAGLIARINI RAYON LINEN LISO;ALTO VERÃO 2025;SOUL;2
05624;VESTIDO MIDI SANTORINI;SEMANA 48;LINHO CHINA (AT2314);ALTO VERÃO 2025;SANTORINI;3
05625;MACACAO RECORTE SARI;SEMANA 49;LINHO CHINA (AT2314);ALTO VERÃO 2025;SARI;3
05626;VESTIDO MIDI PREGAS;SEMANA 15;TRICOLINE COM ELASTANO P11NM0041;CONTINUO;COTTON;11
05628;VESTIDO MIDI MAUI;SEMANA 47;LAISE MAUI;ALTO VERÃO 2025;MAUI;1
05629;BLUSA OMBRO A OMBRO CITRINO;CANCELADO;;INVERNO 2025;CITRINO;4
05630;SAIA MIDI COTTON;SEMANA 44;COTTON NYLON TOUCH;VERÃO 2025;COTTON;2
05631;BLUSA SEM MANGA BASIC;SEMANA 45;CREPE LIZ;ALTO VERÃO 2025;BASIC;1
05632;BLUSA COM MANGA BASIC;SEMANA 45;CREPE LIZ;ALTO VERÃO 2025;BASIC;2
05633;BLUSA COM MANGA MAQUINETADO;SEMANA 45;SAFIRA;ALTO VERÃO 2025;MAQUINETADO;3
05634;BLUSA SEM MANGA MAQUINETADO;SEMANA 45;SAFIRA;ALTO VERÃO 2025;MAQUINETADO;5
05635;CALCA NEW SUMMER;SEMANA 44;MARANT CHINA;ALTO VERÃO 2025;NEW SUMMER;3
05636;SHORT AMPLO HOLIDAY;CANCELADO;VISCOSE ESSENCIAL ARW800098;VERÃO 2025;HOLIDAY;1
05637;VESTIDO CURTO SANTORINI;SEMANA 48;LINHO CHINA (AT2314);ALTO VERÃO 2025;SANTORINI;3
05638;SAIA LONGA FRANZIDA BRUMA;SEMANA 45;TRICOLINE 3199;ALTO VERÃO 2025;BRUMA;2
05643;BLUSA ARTICO RECORTE FRENTE;SEMANA 15;FLANELA LISTRADA ARTICO;INVERNO 2025;ARTICO;3
05644;BLUSA GRID DETALHE CANOA;SEMANA 18;MARROCAINE  EST GRID AT-2080;INVERNO 2025;GRID;1
05645;VESTIDO CURTO GRID;SEMANA 18;MARROCAINE  EST GRID AT-2080;INVERNO 2025;GRID;1
05646;BLUSA IRISH DETALHE RETILINEA;SEMANA 10;GGT EST IRISH;INVERNO 2026;IRISH;1
05647;CALCA IRISH DETALHE RETILINEA;SEMANA 10;GGT EST IRISH;INVERNO 2026;IRISH;1
05648;TRENCH COAT TWEED;CANCELADO;TWEED LUREX FLORENCA;INVERNO 2026;;1
05649;COLETE FLORENCA;SEMANA 19;TWEED LUREX FLORENCA;INVERNO 2025;FLORENCA;1
05650;CALCA FLORENCA ALFAIATARIA;SEMANA 19;TWEED LUREX FLORENCA;INVERNO 2025;FLORENCA;1
05651;VESTIDO CURTO FLORENCA;SEMANA 19;TWEED LUREX FLORENCA;INVERNO 2025;FLORENCA;1
05652;BLUSA DETALHE BUSTO INOX;SEMANA 27;EST INOX YK72664;VERÃO 2026;INOX;1
05653;BLAZER INOX;SEMANA 27;EST INOX YK72664;VERÃO 2026;INOX;1
05654;VESTIDO CURTO IRISH;SEMANA 10;GGT EST IRISH;INVERNO 2026;IRISH;1
05655;VESTIDO LONGO IRISH;SEMANA 10;GGT EST IRISH;INVERNO 2026;IRISH;1
05658;BLUSA ALCA DUPLA;SEMANA;PRIME SUPREME ESTAMPA SCARLET;BAZAR 2024;;1
05659;CAMISA CROPPED FRESH;SEMANA 02;JALAPAO;ALTO VERÃO 2025;FRESH;4
05660;VESTIDO MIDI FRESH;SEMANA 02;JALAPAO;ALTO VERÃO 2025;FRESH;4
05661;SAIA MIDI FRESH;SEMANA 02;JALAPAO;ALTO VERÃO 2025;FRESH;4
05662;SHORT FRESH;SEMANA 02;JALAPAO;ALTO VERÃO 2025;FRESH;5
05663;VESTIDO CURTO MAIA;CANCELADO;TAG PAPEL C/ ILHOES LIZIE;ALTO VERÃO 2025;MAIA;3
05664;MACACAO RECORTES MAIA;CANCELADO;TAG PAPEL C/ ILHOES LIZIE;ALTO VERÃO 2025;MAIA;3
05668;REGATA CAMINHAR;CANCELADO;ALFAIATARIA MARRANT NEW (AT2286);VERÃO 2026;CAMINHAR;3
05669;BLAZER CASTLE;SEMANA 21;XADREZ FIO TINTO YW77235;INVERNO 2025;CASTLE;1
05670;BLAZER ARTICO LAPELAS;SEMANA 15;FLANELA LISTRADA ARTICO;INVERNO 2025;ARTICO;3
05671;SAIA MIDI ARTICO;SEMANA 15;FLANELA LISTRADA ARTICO;INVERNO 2025;ARTICO;3
05672;VESTIDO LONGO BORDADO SELENITA;SEMANA 16;ALGODAO BORDADO SELENITA;INVERNO 2025;SELENITA;2
05673;REGATA TWIGGY;CANCELADO;ATACAMA CHINA (AT-1909);ALTO VERÃO 2025;TWIGGY;1
05674;PANTALONA TWIGGY FLARE;CANCELADO;ATACAMA CHINA (AT-1909);ALTO VERÃO 2025;TWIGGY;1
05675;MACACAO WAVE;SEMANA 45;TAGLIARINI RAYON LINEN LISO;ALTO VERÃO 2025;WAVE;2
05676;CALCA WAVE;SEMANA 45;TAGLIARINI RAYON LINEN LISO;ALTO VERÃO 2025;WAVE;2
05677;BLUSA BASIC VANILA;SEMANA 49;TECIDO VERMONT CHINA RW55406-1;ALTO VERÃO 2025;VANILA;3
05679;REGATA NEW GLOW BASIC;SEMANA 18;GGT EST GLOW;INVERNO 2025;NEW GLOW;1
05680;CAMISA CROPPED CHATEAU;SEMANA 13;TRICOLINE MILANO 3547;INVERNO 2025;CHATEAU;3
05681;SAIA MIDI CHATEAU;SEMANA 13;TRICOLINE MILANO 3547;INVERNO 2025;CHATEAU;2
05682;SHORT ALFAIATARIA FLORENCA;SEMANA 19;TWEED LUREX FLORENCA;INVERNO 2025;FLORENCA;1
05685;BLUSA DECOTE CANOA RIVER;SEMANA 18;MARROCAINE RW80136-1;INVERNO 2025;RIVER;3
05686;BLUSA MANGA CURTA RIVER;SEMANA 18;MARROCAINE RW80136-1;INVERNO 2025;RIVER;3
05687;VESTIDO CURTO CAMADA HIBISCO;CANCELADO;MARROCAINE RW80136-1;INVERNO 2025;HIBISCO;3
05688;SHORT SAIA PESPONTO CITRINO;CANCELADO;ALFAIATARIA MARRANT NEW (AT2286);INVERNO 2025;CITRINO;3
05689;PANTALONA COTELE BORDADO;CANCELADO;ETIQUETA PERSONALIZADA LIZIE;INVERNO 2025;COTELE BORDADO;2
05690;SAIA CURTA COTELE BORDADO;CANCELADO;ETIQUETA PERSONALIZADA LIZIE;INVERNO 2025;COTELE BORDADO;2
05691;BLUSA FRANZIDA RIVER;SEMANA 18;MARROCAINE RW80136-1;INVERNO 2025;RIVER;3
05692;REGATA HIBISCO ALCA LARGA;SEMANA 21;MARROCAINE RW80136-1;INVERNO 2025;HIBISCO;4
05693;BLUSA HIBISCO;SEMANA 21;MARROCAINE RW80136-1;INVERNO 2025;HIBISCO;4
05694;VESTIDO CURTO BABADOS LAKE;SEMANA 11;JALAPAO;INVERNO 2025;LAKE;2
05695;VESTIDO BICOLOR LAKE;SEMANA 11;JALAPAO;INVERNO 2025;LAKE;1
05696;VESTIDO CURTO ATMOSFERA;CANCELADO;TAG PAPEL C/ ILHOES LIZIE;INVERNO 2025;ATMOSFERA;3
05697;BLUSA AMARRACAO REFLEXOS;SEMANA 07;MAQUINETADO LISBOA;INVERNO 2025;REFLEXOS;3
05698;SAIA LAPIS TWIGGY;CANCELADO;ATACAMA CHINA (AT-1909);ALTO VERÃO 2025;TWIGGY;1
05700;VESTIDO LONGO REFLEXOS;SEMANA 07;MAQUINETADO LISBOA;INVERNO 2025;REFLEXOS;1
05701;SHORT ALFAIATARIA CANYON;SEMANA 09;MAQUINETADO LISBOA;INVERNO 2025;CANYON;2
05702;PANTALONA CANYON;SEMANA 09;MAQUINETADO LISBOA;INVERNO 2025;CANYON;2
05703;BLUSA ROLOTE CANYON;SEMANA 09;MAQUINETADO LISBOA;INVERNO 2025;CANYON;3
05704;CAMISA CROPPED LISTRAS;SEMANA 49;TRICOLINE TURIM EST LISTRAS;ALTO VERÃO 2025;LISTRAS;1
05705;CROPPED LISTRAS;SEMANA 49;TRICOLINE TURIM EST LISTRAS;ALTO VERÃO 2025;LISTRAS;1
05707;SAIA CURTA BALONE BRUMA;SEMANA 42;TRICOLINE;ALTO VERÃO 2025;BRUMA;2
05708;VESTIDO RECORTES FAMILIA 12;CANCELADO;TAG PAPEL C/ ILHOES LIZIE;VERÃO 2026;;4
05710;SHORT SAIA MOUNTAIN;CANCELADO;;INVERNO 2025;MOUNTAIN;4
05711;BLAZER MOUNTAIN;SEMANA 31;PATOU CHINA AT2302;VERÃO 2026;MOUNTAIN;4
05712;BLUSA GOLA MOUNTAIN;SEMANA 31;PATOU CHINA AT2302;VERÃO 2026;MOUNTAIN;4
05713;VESTIDO BASIC CAVE;SEMANA 07;VISCOSE ESSENCIAL ARW800098;INVERNO 2025;CAVE;3
05714;BLUSA LAKE ALCA;SEMANA 11;JALAPAO;INVERNO 2025;LAKE;2
05715;VESTIDO CROPPED CANYON;SEMANA 09;MAQUINETADO LISBOA;INVERNO 2025;CANYON;2
05716;VESTIDO CURTO CANYON;SEMANA 09;MAQUINETADO LISBOA;INVERNO 2025;CANYON;2
05717;BLUSA CANYON;SEMANA 09;MAQUINETADO LISBOA;INVERNO 2025;CANYON;3
05719;VESTIDO MIDI BOREAL;SEMANA 27;VISCOSE ESSENCIAL ARW800098;VERÃO 2026;BOREAL;4
05720;CALCA LAKE;SEMANA 11;JALAPAO;INVERNO 2025;LAKE;2
05721;MACACAO PEPLUM MOUNTAIN;SEMANA 31;PATOU CHINA AT2302;VERÃO 2026;MOUNTAIN;4
05722;VESTIDO CURTO BLANC;SEMANA 14;TECIDO VERMONT CHINA RW55406-1;INVERNO 2025;BLANC;2
05723;CALCA RETA BLANC;SEMANA 14;TECIDO VERMONT CHINA RW55406-1;INVERNO 2025;BLANC;2
05724;VESTIDO CURTO LAISE SELENITA;SEMANA 16;ALGODAO BORDADO SELENITA;INVERNO 2025;SELENITA;2
05725;BLUSA LAISE SELENITA;SEMANA 16;ALGODAO BORDADO SELENITA;INVERNO 2025;SELENITA;2
05726;CROPPED FRESH;SEMANA 02;JALAPAO;ALTO VERÃO 2025;FRESH;5
05727;BLUSA MANGA DOTS FOIL;SEMANA 49;MARROCAINE FOIL;ALTO VERÃO 2025;DOTS FOIL;3
05731;CAMISA OVERSIZED CHAMONIX;CANCELADO;;INVERNO 2025;CHAMONIX;2
05732;COLETE GEADA;SEMANA 16;ALFAIATARIA MARRANT NEW (AT2286);INVERNO 2025;GEADA;1
05733;REGATA BOREAL;SEMANA 27;VISCOSE ESSENCIAL ARW800098;VERÃO 2026;BOREAL;5
05734;CALCA BOLSOS ATMOSFERA;CANCELADO;ETIQUETA PERSONALIZADA LIZIE;INVERNO 2025;ATMOSFERA;3
05735;VESTIDO CURTO NEPAL;SEMANA 34;MAQUINETADO LISBOA;VERÃO 2026;NEPAL;3
05736;PANTALONA NEPAL;SEMANA 34;MAQUINETADO LISBOA;VERÃO 2026;NEPAL;3
05737;BLUSA DECOTE V NEPAL;SEMANA 34;MAQUINETADO LISBOA;VERÃO 2026;NEPAL;3
05738;BLAZER SIERRA;CANCELADO;ALFAIATARIA SOHO (RW54958);INVERNO 2026;SIERRA;4
05739;CALCA SLIM CENOURA SIERRA;SEMANA 19;ALFAIATARIA SOHO (RW54958);INVERNO 2026;SIERRA;4
05740;REGATA NEPAL BASIC;SEMANA 34;MAQUINETADO LISBOA;VERÃO 2026;NEPAL;3
05741;VESTIDO LONGO CAMADAS MOUNTAIN;SEMANA 21;PATOU CHINA AT2302;INVERNO 2025;MOUNTAIN;2
05742;CALCA MOUNTAIN MIX BOLSOS;SEMANA 31;PATOU CHINA AT2302;VERÃO 2026;MOUNTAIN;4
05743;CALCA RETA GEADA;SEMANA 16;ALFAIATARIA MARRANT NEW (AT2286);INVERNO 2025;GEADA;1
05744;SHORT GEADA;CANCELADO;;INVERNO 2025;GEADA;1
05745;VESTIDO MIDI CHATEAU;SEMANA 13;TRICOLINE MILANO 3547;INVERNO 2025;CHATEAU;1
05746;BLAZER BLANC BASIC;SEMANA 14;TECIDO VERMONT CHINA RW55406-1;INVERNO 2025;BLANC;2
05747;SHORT BLANC BASIC;SEMANA 14;TECIDO VERMONT CHINA RW55406-1;INVERNO 2025;BLANC;2
05748;BLUSA RETILINEA LAKE;SEMANA 11;JALAPAO;INVERNO 2025;LAKE;2
05749;BLUSA MOUNTAIN ALCA REMOVIVEL;CANCELADO;PATOU CHINA AT2302;INVERNO 2025;MOUNTAIN;4
05750;VESTIDO NEPAL;SEMANA 34;MAQUINETADO LISBOA;VERÃO 2026;NEPAL;3
05751;BLAZER SELENITA;SEMANA 16;ALGODAO BORDADO SELENITA;INVERNO 2025;SELENITA;2
05752;SHORT SELENITA;SEMANA 16;ALGODAO BORDADO SELENITA;INVERNO 2025;SELENITA;2
05754;SAIA MIDI CANELA;SEMANA 18;ALGODAO BORDADO CANELA;INVERNO 2025;CANELA;1
05757;SHORT REFLEXOS COM PASSADOR;SEMANA 07;MAQUINETADO LISBOA;INVERNO 2025;REFLEXOS;2
05758;REGATA AURORA;SEMANA 16;VISCOSE ESSENCIAL ARW800098;INVERNO 2025;AURORA;3
05759;PANTALONA AURORA;SEMANA 16;VISCOSE ESSENCIAL ARW800098;INVERNO 2025;AURORA;3
05760;VESTIDO CROPPED AURORA;SEMANA 16;VISCOSE ESSENCIAL ARW800098;INVERNO 2025;AURORA;3
05761;VESTIDO MIDI MAYER;SEMANA 27;TRICOLINE MILANO 3547;VERÃO 2026;MAYER;2
05762;BLUSA BOREAL;SEMANA 27;VISCOSE ESSENCIAL ARW800098;VERÃO 2026;BOREAL;5
05763;VESTIDO CURTO BOREAL;SEMANA 27;VISCOSE ESSENCIAL ARW800098;VERÃO 2026;BOREAL;4
05764;BLUSA BASIC SCULP;SEMANA 27;TECIDO VERMONT CHINA RW55406-1;INTERMEDIÁRIA;SCULP;4
05765;PANTALONA BASIC SCULP;SEMANA 27;TECIDO VERMONT CHINA RW55406-1;INTERMEDIÁRIA;SCULP;3
05766;SAIA MIDI BALONE CHATEAU;SEMANA 11;TRICOLINE MILANO 3547;INVERNO 2025;CHATEAU;1
05767;VESTIDO BALONE FRESH;SEMANA 02;JALAPAO;ALTO VERÃO 2025;FRESH;3
05768;BLUSA ORVALHO;SEMANA 11;LINHO CHINA (AT2314);INVERNO 2025;ORVALHO;3
05769;MACACAO AMARANTO;SEMANA 21;ALFAIATARIA MARRANT NEW (AT2286);INVERNO 2025;AMARANTO;3
05770;SAIA CURTA BALONE GEADA;SEMANA 16;ALFAIATARIA MARRANT NEW (AT2286);INVERNO 2025;GEADA;1
05771;SHORT BOXER GAME;SEMANA 11;ALFAIATARIA MARRANT NEW (AT2286);INVERNO 2025;GAME;4
05772;BLAZER RETO AMARANTO;CANCELADO;ALFAIATARIA MARRANT NEW (AT2286);INVERNO 2025;AMARANTO;3
05773;SAIA MIDI AMARANTO;SEMANA 21;ALFAIATARIA MARRANT NEW (AT2286);INVERNO 2025;AMARANTO;3
05774;SAIA CROPPED MAYER;SEMANA 27;TRICOLINE MILANO 3547;INTERMEDIÁRIA;MAYER;2
05775;BLAZER CITRINO;SEMANA 18;ALFAIATARIA MARRANT NEW (AT2286);INVERNO 2025;CITRINO;4
05777;CALCA CASTLE SLIM;SEMANA 21;XADREZ FIO TINTO YW77235;INVERNO 2025;CASTLE;1
05780;BERMUDA PREGAS AMARANTO;SEMANA 21;ALFAIATARIA MARRANT NEW (AT2286);INVERNO 2025;AMARANTO;3
05781;VESTIDO LONGO HIBISCO ENTREMEIO;SEMANA 21;MARROCAINE RW80136-1;INVERNO 2025;HIBISCO;1
05782;CAMISA MANGA BALONE MAYER;SEMANA 27;TRICOLINE MILANO 3547;INTERMEDIÁRIA;MAYER;3
05783;SAIA CURTA PREGAS CHAMONIX;CANCELADO;;INVERNO 2025;CHAMONIX;3
05784;VESTIDO CURTO MAYER;SEMANA 27;TRICOLINE MILANO 3547;VERÃO 2026;MAYER;2
05794;JAQUETA COTELE BORDADO;SEMANA 17;COTELE BORDADO;INVERNO 2025;COTELE BORDADO;2
05795;CALCA PANTALONA COTELE BORDADO;SEMANA 17;COTELE BORDADO;INVERNO 2025;COTELE BORDADO;2
05796;VESTIDO CURTO COTELE BORDADO;SEMANA 17;COTELE BORDADO;INVERNO 2025;COTELE BORDADO;2
05797;SAIA CURTA COM BOLSO COTELE BORDADO;CANCELADO;COTELE BORDADO;INVERNO 2025;COTELE BORDADO;2
05798;VESTIDO INFANTIL NEW GLOW;SEMANA 18;RAYON 40 EST NEW GLOW;INVERNO 2025;NEW GLOW;2
05799;SHORT PISCINE;SEMANA 49;PARISE EST PISCINE;ALTO VERÃO 2025;PISCINE;1
05800;SHORT TWEED ASPEN;SEMANA 21;TWEED LISO (RW1835);INVERNO 2025;ASPEN;2
05801;BLAZER GEADA;SEMANA 16;ALFAIATARIA MARRANT NEW (AT2286);INVERNO 2025;GEADA;1
05802;VESTIDO CURTO RETO TURMALINA;CANCELADO;;INVERNO 2025;TURMALINA;3
05804;SHORT ALFAIATARIA NEW RISCA;SEMANA 11;MARRANT EST NEW RISCA AT 2336;INVERNO 2025;NEW RISCA;3
05810;BLUSA LISTRA LATERAL GAME;SEMANA 11;ALFAIATARIA MARRANT NEW (AT2286);INVERNO 2025;GAME;2
05811;CALCA LISTRA LATERAL GAME;SEMANA 11;ALFAIATARIA MARRANT NEW (AT2286);INVERNO 2025;GAME;2
05818;PATALONA DETALHE VIVO VILA;SEMANA 27;BROMELIA EST FAM 26 - LEQUES 9B1612;VERÃO 2026;VILA;1
05819;BLUSA MANGA BUFANTE VILA;SEMANA 27;BROMELIA EST FAM 26 - LEQUES 9B1612;VERÃO 2026;VILA;1
05820;REGATA DECOTE V VILA;SEMANA 27;BROMELIA EST FAM 26 - LEQUES 9B1612;VERÃO 2026;VILA;2
05821;MACACAO DETALHE VIVO;CANCELADO;BROMELIA EST FAM 26 - LEQUES 9B1612;VERÃO 2026;;1
05822;VESTIDO LONGO DECOTE V;CANCELADO;BROMELIA EST FAM 26 - LEQUES 9B1612;VERÃO 2026;;1
05823;PANTALONA COM PASSADOR INOX;SEMANA 27;EST INOX YK72664;VERÃO 2026;INOX;1
05824;BATA LACOS LISTRADA ATHENA;SEMANA 31;LISTRA FIO TINTO RESORT AT 24320F;VERÃO 2026;ATHENA;1
05825;REGATA BASIC LISTRADA ATHENA;SEMANA 31;LISTRA FIO TINTO RESORT AT 24320F;VERÃO 2026;ATHENA;3
05826;VESTIDO CROPPED LISTRADO ATHENA;SEMANA 31;LISTRA FIO TINTO RESORT AT 24320F;VERÃO 2026;ATHENA;2
05827;PANTALONA CARGO LISTRADA ATHENA;SEMANA 31;LISTRA FIO TINTO RESORT AT 24320F;VERÃO 2026;ATHENA;3
05828;SHORT COM ELASTICO COSTAS ATHENA;SEMANA 31;LISTRA FIO TINTO RESORT AT 24320F;VERÃO 2026;ATHENA;3
05829;CAMISA OVERSIZED LISTRADA ATHENA;SEMANA 31;LISTRA FIO TINTO RESORT AT 24320F;VERÃO 2026;ATHENA;3
05830;BLUSA DECOTE PALA CASA;CANCELADO;VISCOSE ESSENCIAL ARW800098;INVERNO 2026;CASA;2
05831;MACACAO RETO CASA;CANCELADO;VISCOSE ESSENCIAL ARW800098;INVERNO 2026;CASA;2
05832;SHORT RETO CASA;CANCELADO;VISCOSE ESSENCIAL ARW800098;INVERNO 2026;CASA;2
05833;CALCA FLARE NEW CASA;CANCELADO;VISCOSE ESSENCIAL ARW800098;INVERNO 2026;CASA;2
05834;BLUSA PEPLUM OFICINA;SEMANA 27;SARJA COLOR  RW13587;VERÃO 2026;OFICINA;3
05835;BLUSA PEPLUM FAMILIA 3;CANCELADO;;VERÃO 2026;;3
05836;CALCA FLARE OFICINA;SEMANA 27;SARJA COLOR  RW13587;VERÃO 2026;OFICINA;3
05837;BLAZER OFICINA;SEMANA 27;SARJA COLOR  RW13587;INTERMEDIÁRIA;OFICINA;3
05838;VESTIDO CURTO OFICINA;CANCELADO;SARJA COLOR  RW13587;VERÃO 2026;OFICINA;2
05839;VESTIDO CURTO FAMILIA 3;CANCELADO;;VERÃO 2026;;3
05840;PANTALONA DETALHE COS COSTA;SEMANA 27;VISCOSE FLASH AT 2232;VERÃO 2026;COSTA;2
05841;BLUSA COM PALA COSTA;SEMANA 27;VISCOSE FLASH AT 2232;VERÃO 2026;COSTA;3
05842;VESTIDO AMPLO COSTA;SEMANA 27;VISCOSE FLASH AT 2232;VERÃO 2026;COSTA;2
05843;SAIA CROPPED PESPONTOS IPANEMA;SEMANA 27;LINHO CHINA (AT2314);VERÃO 2026;IPANEMA;3
05844;CAMISA BOLSO IPANEMA;SEMANA 27;LINHO CHINA (AT2314);VERÃO 2026;IPANEMA;3
05845;BLUSA PESPONTO IPANEMA;SEMANA 27;LINHO CHINA (AT2314);VERÃO 2026;IPANEMA;3
05846;PANTALONA BOLSOS IPANEMA;SEMANA 27;LINHO CHINA (AT2314);VERÃO 2026;IPANEMA;3
05847;BERMUDA COM PREGAS IPANEMA;SEMANA 27;LINHO CHINA (AT2314);VERÃO 2026;IPANEMA;3
05848;BLUSA BASQUE LASTEX POETIC;CANCELADO;TRICOLINE MILANO 3547;VERÃO 2026;POETIC;3
05849;CAMISA OVER POETIC;SEMANA 39;TRICOLINE MILANO 3547;INTERMEDIÁRIA;POETIC;3
05850;SAIA CROPPED RECORTES POETIC;SEMANA 39;TRICOLINE MILANO 3547;INTERMEDIÁRIA;POETIC;3
05851;VESTIDO CROPPED POETIC;CANCELADO;TRICOLINE MILANO 3547;VERÃO 2026;POETIC;3
05852;CALCA AFUNILADA PRINT;SEMANA 31;ALFAIATARIA MARRANT NEW (AT2286);VERÃO 2026;PRINT;5
05853;BLAZER PRINT;SEMANA 31;ALFAIATARIA MARRANT NEW (AT2286);INTERMEDIÁRIA;PRINT;3
05854;BLUSA CORSET PRINT;SEMANA 31;ALFAIATARIA MARRANT NEW (AT2286);VERÃO 2026;PRINT;5
05855;BLUSA BASIC MOSAIC;SEMANA 35;TECIDO VERMONT CHINA RW55406-1;VERÃO 2026;MOSAIC;2
05856;SHORT COM PREGA MOSAIC;SEMANA 35;TECIDO VERMONT CHINA RW55406-1;VERÃO 2026;MOSAIC;2
05857;PANTALONA PREGA MOSAIC;SEMANA 35;TECIDO VERMONT CHINA RW55406-1;VERÃO 2026;MOSAIC;2
05858;VESTIDO CURTO BALONE POETIC;SEMANA 39;TRICOLINE MILANO 3547;VERÃO 2026;POETIC;3
05859;BLAZER BASIC MOSAIC;SEMANA 35;TECIDO VERMONT CHINA RW55406-1;VERÃO 2026;MOSAIC;2
05860;MACACAO MOSAIC;SEMANA 35;TECIDO VERMONT CHINA RW55406-1;VERÃO 2026;MOSAIC;2
05861;SAIA CURTA PREGAS POETIC;CANCELADO;TRICOLINE MILANO 3547;VERÃO 2026;POETIC;3
05862;CROPPED RECORTES SOFT;SEMANA 36;LINHO CHINA (AT2314);VERÃO 2026;SOFT;3
05863;BLUSA COM MANGA SOFT;SEMANA 36;LINHO CHINA (AT2314);VERÃO 2026;SOFT;3
05864;SHORT SOFT;SEMANA 36;LINHO CHINA (AT2314);VERÃO 2026;SOFT;2
05865;MACACAO RETO RECORTES SOFT;SEMANA 36;LINHO CHINA (AT2314);VERÃO 2026;SOFT;2
05866;CALCA SOFT;SEMANA 36;LINHO CHINA (AT2314);VERÃO 2026;SOFT;3
05867;CALCA BOLSOS TROPHY;CANCELADO;ALFAIATARIA MARRANT NEW (AT2286);INVERNO 2026;TROPHY;4
05868;MACAQUINHO RETO;CANCELADO;;INVERNO 2026;TROPHY;4
05869;BLUSA CORSET TROPHY;CANCELADO;ALFAIATARIA MARRANT NEW (AT2286);INVERNO 2026;TROPHY;4
05870;BLAZER TROPHY;CANCELADO;ALFAIATARIA MARRANT NEW (AT2286);INVERNO 2026;TROPHY;4
05871;BLUSA CORSET AMARRACAO DINKY;SEMANA 42;TRICOLINE 100% ALGODAO FIO 40 P11NM0043;INTERMEDIÁRIA;DINKY;3
05872;VESTIDO MIDI RECORTES DINKY;CANCELADO;;ALTO VERÃO 2026;DINKY;1
05873;SAIA CROPPED DINKY;SEMANA 42;TRICOLINE 100% ALGODAO FIO 40 P11NM0043;INTERMEDIÁRIA;DINKY;2
05874;BLUSA DETALHE ASSIMETRICO CULTURAL;SEMANA 39;ALFAIATARIA SOHO (RW54958);INTERMEDIÁRIA;CULTURAL;3
05875;CALCA SLIM CULTURAL;CANCELADO;ALFAIATARIA SOHO (RW54958);VERÃO 2026;CULTURAL;3
05876;BLAZER BOTOES CULTURAL;SEMANA 39;ALFAIATARIA SOHO (RW54958);INTERMEDIÁRIA;CULTURAL;3
05877;SAIA CURTA CULTURAL;SEMANA 39;ALFAIATARIA SOHO (RW54958);VERÃO 2026;CULTURAL;2
05878;CAMISA LINHO KIND;SEMANA 31;LINHO 100%;VERÃO 2026;KIND;3
05879;TOP LISTRADO ATHENA;SEMANA 31;LISTRA FIO TINTO RESORT AT 24320F;VERÃO 2026;ATHENA;3
05880;SHORT DETALHE VIVO VILA;SEMANA 27;BROMELIA EST FAM 26 - LEQUES 9B1612;VERÃO 2026;VILA;1
05881;BATA DETALHE ENTREMEIO VISION;SEMANA 31;CHALLIS FLORENCE EST POA;VERÃO 2026;VISION;1
05882;VESTIDO CROPPED VISION;SEMANA 31;CHALLIS FLORENCE EST POA;VERÃO 2026;VISION;1
05883;VESTIDO CURTO;CANCELADO;;VERÃO 2026;;1
05884;CALCA PANTALONA VISION;SEMANA 31;CHALLIS FLORENCE EST POA;VERÃO 2026;VISION;1
05885;VESTIDO CURTO VILA;SEMANA 27;BROMELIA EST FAM 26 - LEQUES 9B1612;VERÃO 2026;VILA;1
05886;SHORT COM PASSADOR VISION;CANCELADO;CHALLIS FLORENCE EST POA;VERÃO 2026;VISION;1
05887;REGATA DECOTE COSTAS VISION;SEMANA 31;CHALLIS FLORENCE EST POA;VERÃO 2026;VISION;1
05888;BLUSA LINHO KIND;SEMANA 31;LINHO 100%;VERÃO 2026;KIND;3
05889;CHEMISE LINHO KIND;SEMANA 31;LINHO 100%;VERÃO 2026;KIND;3
05890;PANTALONA LINHO KIND;SEMANA 31;LINHO 100%;VERÃO 2026;KIND;3
05891;SHORT LINHO KIND;SEMANA 31;LINHO 100%;VERÃO 2026;KIND;3
05892;REGATA MOVIMENTO ALCA LARGA;CANCELADO;JALAPAO EST MOVIMENTO (CHOICE 22);VERÃO 2026;MOVIMENTO;1
05893;SHORT MOVIMENTO DETALHE PREGAS;CANCELADO;JALAPAO EST MOVIMENTO (CHOICE 22);VERÃO 2026;MOVIMENTO;1
05894;VESTIDO CROPPED MOVIMENTO;CANCELADO;TAG PAPEL C/ ILHOES LIZIE;VERÃO 2026;MOVIMENTO;1
05896;BLAZER;CANCELADO;ALFAIATARIA MARRANT NEW (AT2286);INVERNO 2025;;1
05897;BLAZER GOLA RETA;SEMANA 52;ATACAMA CHINA (AT-1909);CONTINUO;;1
05898;VESTIDO CURTO TURMALINA;SEMANA 23;LINHO CHINA (AT2314);INVERNO 2026;TURMALINA;3
05899;SHORT SAIA CITRINO;SEMANA 18;ALFAIATARIA MARRANT NEW (AT2286);INVERNO 2025;CITRINO;4
05900;REGATA DECOTE RETO DOM;SEMANA 31;MARROCAINE RW80136-1;VERÃO 2026;DOM;2
05901;BATA FLUIDA DOM;SEMANA 31;MARROCAINE RW80136-1;VERÃO 2026;DOM;3
05902;VESTIDO CROPPED FLUIDO DOM;SEMANA 31;MARROCAINE RW80136-1;VERÃO 2026;DOM;2
05903;VESTIDO CURTO IPANEMA;SEMANA 27;LINHO CHINA (AT2314);VERÃO 2026;IPANEMA;3
05904;COLETE LINHO KIND;SEMANA 31;LINHO 100%;VERÃO 2026;KIND;3
05905;VESTIDO CURTO VISION;SEMANA 31;CHALLIS FLORENCE EST POA;VERÃO 2026;VISION;1
05906;VESTIDO CURTO DECOTE COSTAS DOM;SEMANA 31;MARROCAINE RW80136-1;VERÃO 2026;DOM;1
05907;CALCA ALFAIATARIA SERENO;SEMANA 13;MARANT NATURE SUMMER (BETA);INVERNO 2025;SERENO;1
05908;COLETE ALONGADO SERENO;SEMANA 13;MARANT NATURE SUMMER (BETA);INVERNO 2025;SERENO;1
05909;CROPPED ALFAIATARIA SERENO;SEMANA 13;MARANT NATURE SUMMER (BETA);INVERNO 2025;SERENO;1
05912;MACAQUINHO AMARRACAO HORIZONTE;CANCELADO;VISCOSE ESSENCIAL ARW800098;VERÃO 2026;HORIZONTE;2
05913;PANTALONA COS ELASTICO HORIZONTE;SEMANA 38;VISCOSE ESSENCIAL ARW800098;VERÃO 2026;HORIZONTE;3
05914;VESTIDO CROPPED AMARRACAO HORIZONTE;SEMANA 38;VISCOSE ESSENCIAL ARW800098;VERÃO 2026;HORIZONTE;3
05915;BLUSA COM BOTOES HORIZONTE;CANCELADO;VISCOSE ESSENCIAL ARW800098;VERÃO 2026;HORIZONTE;2
05916;CAMISA PONTAL;CANCELADO;VISCOSE FIO TINTO;VERÃO 2026;PONTAL;1
05917;SAIA CROPPED LISTRADA PONTAL;SEMANA 35;VISCOSE FIO TINTO;VERÃO 2026;PONTAL;1
05918;CHEMISE PONTAL;CANCELADO;VISCOSE FIO TINTO;VERÃO 2026;PONTAL;1
05919;CROPPED DETALHE NO PONTAL;SEMANA 35;VISCOSE FIO TINTO;VERÃO 2026;PONTAL;1
05920;VESTIDO CURTO BASIC MOVIMENTO;CANCELADO;JALAPAO EST MOVIMENTO (CHOICE 22);VERÃO 2026;MOVIMENTO;1
05921;CALCA COM PASSADOR MOVIMENTO;CANCELADO;JALAPAO EST MOVIMENTO (CHOICE 22);VERÃO 2026;MOVIMENTO;1
05926;BLUSA DECOTE V TEXTURA;SEMANA 05;VISCOSE FLASH AT 2232;INVERNO 2026;TEXTURA;3
05927;CHEMISE MARIAS TEXTURA;CANCELADO;;ALTO VERÃO 2026;TEXTURA;3
05928;MACACAO LONGO COM VIES TEXTURA;CANCELADO;;ALTO VERÃO 2026;TEXTURA;2
05929;VESTIDO LONGO VIVO BOTOES TEXTURA;CANCELADO;;ALTO VERÃO 2026;TEXTURA;2
05930;PANTALONA VIVO TEXTURA;CANCELADO;;ALTO VERÃO 2026;TEXTURA;2
05940;SHORT COTELE BORDADO;SEMANA 17;COTELE BORDADO;INVERNO 2025;COTELE BORDADO;2
05942;CORTINA DE LOJA;CONTINUO;LINEN MIX IBIZA;CONTINUO;;1
05943;VESTIDO RETINHO SERENO;SEMANA 13;MARANT NATURE SUMMER (BETA);INVERNO 2025;SERENO;1
05944;BLUSA TRICOLINE BORDADA SELARON;SEMANA 49;BORDADO DOURADO FAM 43 AEW100363-14;ALTO VERÃO 2026;SELARON;1
05945;SAIA CROPPED SELARON;SEMANA 49;BORDADO DOURADO FAM 43 AEW100363-14;ALTO VERÃO 2026;SELARON;1
05946;VESTIDO CURTO SELARON;SEMANA 49;BORDADO DOURADO FAM 43 AEW100363-14;ALTO VERÃO 2026;SELARON;1
05947;VESTIDO CROPPED ALCA SELARON;SEMANA 49;BORDADO DOURADO FAM 43 AEW100363-14;ALTO VERÃO 2026;SELARON;1
05948;VESTIDO CROPPED FABRIC;SEMANA 37;ALGODAO MAQUINETADO PONTILHADO;VERÃO 2026;FABRIC;2
05952;CROPPED MOUNTAIN ALCA FINA;SEMANA 31;PATOU CHINA AT2302;VERÃO 2026;MOUNTAIN;4
05953;PANTALONA AQUARELA;SEMANA 28;ATACAMA CHINA (AT-1909);VERÃO 2027;AQUARELA;1
05954;VESTIDO LONGO ART;SEMANA 42;ALGODAO BORDADO ART;ALTO VERÃO 2026;ART;2
05955;BOMBER TOFFEE;SEMANA 11;MARRANT EST TOFFEE;INVERNO 2025;TOFFEE;1
05956;BLUSA PATOU GUACHE;CANCELADO;PATOU CHINA AT2302;ALTO VERÃO 2026;GUACHE;5
05957;PANTALONA PATOU CREATIVE;SEMANA 39;PATOU CHINA AT2302;VERÃO 2026;CREATIVE;3
05958;SAIA LONGA PATOU CREATIVE;CANCELADO;PATOU CHINA AT2302;VERÃO 2026;CREATIVE;3
05959;SHORT PATOU CREATIVE;SEMANA 39;PATOU CHINA AT2302;VERÃO 2026;CREATIVE;3
05973;CAMISA BASIC ALGODAO;SEMANA 18;TRICOLINE;CONTINUO;CHAMONIX;1
05976;VESTIDO CURTO NEW GLOW;SEMANA 18;GGT EST GLOW;INVERNO 2025;NEW GLOW;1
05977;BLAZER TURMALINA;SEMANA 23;LINHO CHINA (AT2314);INVERNO 2026;TURMALINA;1
05978;VESTIDO LONGO DECOTE V;SEMANA 16;VISCOSE ESSENCIAL ARW800098;INVERNO 2025;;4
05979;VESTIDO CROPPED LAISE;CANCELADO;ALGODAO BORDADO DOTS CHINA (EW5585-03);VERÃO 2026;;3
05980;MACACAO ALCA LARGA FABRIC;CANCELADO;ALGODAO MAQUINETADO PONTILHADO;VERÃO 2026;FABRIC;1
05981;VESTIDO CURTO FABRIC;CANCELADO;ALGODAO MAQUINETADO PONTILHADO;VERÃO 2026;FABRIC;2
05982;SHORT ALFAIATARIA FABRIC;SEMANA 37;ALGODAO MAQUINETADO PONTILHADO;VERÃO 2026;FABRIC;2
05983;REGATA BASICA FABRIC;SEMANA 37;ALGODAO MAQUINETADO PONTILHADO;VERÃO 2026;FABRIC;2
05984;CROPPED ALCA LARGA FABRIC;CANCELADO;ALGODAO MAQUINETADO PONTILHADO;VERÃO 2026;FABRIC;2
05985;BLUSA MANGA CURTA GALERIA;CANCELADO;ESTAMPA CHIFFON POA PW500121-1;VERÃO 2026;GALERIA;1
05986;VESTIDO CURTO BABADO NEW GLOW;SEMANA 18;MARRANT EST GLOW AT-2080;INVERNO 2025;NEW GLOW;1
05987;VESTIDO CROPPED VILA;SEMANA 27;BROMELIA EST FAM 26 - LEQUES 9B1612;VERÃO 2026;VILA;1
05988;CALCA CENOURA DETALHE VIVO VILA;SEMANA 27;BROMELIA EST FAM 26 - LEQUES 9B1612;VERÃO 2026;VILA;1
05989;CAMISA DETALHE VIVO VILA;SEMANA 27;BROMELIA EST FAM 26 - LEQUES 9B1612;VERÃO 2026;VILA;1
05990;BLAZER GUACHE;SEMANA 49;PATOU CHINA AT2302;ALTO VERÃO 2026;GUACHE;3
05991;PANTALONA MIX BOLSOS GUACHE;CANCELADO;;ALTO VERÃO 2026;GUACHE;4
05992;CALCA DETALHE ZIPER GUACHE;SEMANA 49;PATOU CHINA AT2302;ALTO VERÃO 2026;GUACHE;3
05993;BLAZER BASIC STREET;SEMANA 44;TECIDO VERMONT CHINA RW55406-1;ALTO VERÃO 2026;STREET;3
05994;REGATA CREATIVE;SEMANA 39;PATOU CHINA AT2302;VERÃO 2026;CREATIVE;3
05995;SAIA CURTA ICONE;SEMANA 42;ALFAIATARIA MARRANT NEW (AT2286);INTERMEDIÁRIA;ICONE;3
05997;VESTIDO CURTO DECOTE COSTAS GALERIA;SEMANA 39;ESTAMPA CHIFFON POA PW500121-1;VERÃO 2026;GALERIA;1
05998;VESTIDO LONGO GALERIA;CANCELADO;ESTAMPA CHIFFON POA PW500121-1;VERÃO 2026;GALERIA;1
05999;VESTIDO LONGO GRAVURA;SEMANA 42;MARROCAINE EST PW80136;ALTO VERÃO 2026;GRAVURA;1
06000;CAMISA ART;CANCELADO;ALGODAO BORDADO ART;ALTO VERÃO 2026;ART;2
06001;VESTIDO AMPLO ART;SEMANA 42;ALGODAO BORDADO ART;ALTO VERÃO 2026;ART;2
06002;REGATA ART;CANCELADO;ALGODAO BORDADO ART;ALTO VERÃO 2026;ART;2
06003;VESTIDO CURTO ART;CANCELADO;ALGODAO BORDADO ART;ALTO VERÃO 2026;ART;2
06004;SHORT RECORTE COLOR;SEMANA 45;VISCOSE ESSENCIAL ARW800098;ALTO VERÃO 2026;COLOR;3
06005;MACACAO COM FAIXA COLOR;SEMANA 45;VISCOSE ESSENCIAL ARW800098;ALTO VERÃO 2026;COLOR;3
06006;VESTIDO CROPPED COLOR;SEMANA 45;VISCOSE ESSENCIAL ARW800098;ALTO VERÃO 2026;COLOR;3
06007;BLUSA DECOTE CANOA COLOR;SEMANA 45;VISCOSE ESSENCIAL ARW800098;INTERMEDIÁRIA;COLOR;3
06008;VESTIDO CURTO MINI BABADO COLOR;SEMANA 45;VISCOSE ESSENCIAL ARW800098;ALTO VERÃO 2026;COLOR;3
06009;REGATA DETALHE COSTAS COLOR;CANCELADO;;ALTO VERÃO 2026;COLOR;3
06010;PANTALONA COLOR;SEMANA 45;VISCOSE ESSENCIAL ARW800098;INTERMEDIÁRIA;COLOR;4
06011;SHORT NAIF;SEMANA 50;MARROCAINE RW80136-1;ALTO VERÃO 2026;NAIF;3
06012;REGATA PALA COSTAS NAIF;CANCELADO;;ALTO VERÃO 2026;NAIF;3
06013;BLUSA DETALHE PALA NAIF;CANCELADO;;ALTO VERÃO 2026;NAIF;3
06014;VESTIDO LONGO TRANCAS NAIF;SEMANA 50;MARROCAINE RW80136-1;INTERMEDIÁRIA;NAIF;3
06015;VESTIDO CURTO NAIF;SEMANA 50;MARROCAINE RW80136-1;INTERMEDIÁRIA;NAIF;3
06017;BLAZER BOTOES ICONE;CANCELADO;;INTERMEDIÁRIA;ICONE;4
06018;COLETE AMARRACAO ICONE;SEMANA 42;ALFAIATARIA MARRANT NEW (AT2286);INTERMEDIÁRIA;ICONE;4
06019;VESTIDO CURTO ICONE;CANCELADO;ALFAIATARIA MARRANT NEW (AT2286);INTERMEDIÁRIA;ICONE;4
06020;REGATA CORSET AMARRACAO PONTAL;CANCELADO;VISCOSE FIO TINTO;VERÃO 2026;PONTAL;1
06021;BLUSA BABADOS GALERIA;SEMANA 39;ESTAMPA CHIFFON POA PW500121-1;VERÃO 2026;GALERIA;1
06022;VESTIDO CROPPED TELA;SEMANA 41;ESTAMPADO LOSANGO PW30701;ALTO VERÃO 2026;TELA;1
06023;MACAQUINHO TELA BOTOES;SEMANA 41;ESTAMPADO LOSANGO PW30701;ALTO VERÃO 2026;TELA;1
06024;BLUSA DETALHE MANGA TELA;SEMANA 41;ESTAMPADO LOSANGO PW30701;ALTO VERÃO 2026;TELA;1
06025;COLETE DETALHE MANGA TELA;SEMANA 41;ESTAMPADO LOSANGO PW30701;ALTO VERÃO 2026;TELA;1
06026;SHORT BASIC TELA;SEMANA 41;ESTAMPADO LOSANGO PW30701;ALTO VERÃO 2026;TELA;1
06027;PANTALONA DETALHE COS TELA;SEMANA 41;ESTAMPADO LOSANGO PW30701;ALTO VERÃO 2026;TELA;1
06028;CAMISA MANGA BUFANTE SELARON;SEMANA 49;BORDADO DOURADO FAM 43 AEW100363-14;ALTO VERÃO 2026;SELARON;1
06029;TOP PREGAS SELARON;SEMANA 49;BORDADO DOURADO FAM 43 AEW100363-14;ALTO VERÃO 2026;SELARON;1
06030;REGATA DETALHE COSTAS HORIZONTE;SEMANA 38;VISCOSE ESSENCIAL ARW800098;VERÃO 2026;HORIZONTE;3
06031;BLUSA COM BOTOES COLOR;CANCELADO;VISCOSE ESSENCIAL ARW800098;ALTO VERÃO 2026;COLOR;3
06032;BLAZER BOTOES ICONE;SEMANA 42;ALFAIATARIA MARRANT NEW (AT2286);INTERMEDIÁRIA;ICONE;4
06040;SHORT DETALHE COS COSTA;CANCELADO;;VERÃO 2026;COSTA;3
06041;CAMISA DETALHE VIVO TEXTURA;CANCELADO;;ALTO VERÃO 2026;TEXTURA;2
06042;CALCA CENOURA DETALHE VIVO TEXTURA;CANCELADO;;ALTO VERÃO 2026;TEXTURA;2
06045;VESTIDO CURTO HIBISCO;SEMANA 21;MARROCAINE RW80136-1;INVERNO 2025;HIBISCO;3
06046;CALCA CURTA SERENO;SEMANA 13;MARANT CHINA;INVERNO 2025;SERENO;2
06047;CALCA ICONE;SEMANA 42;ALFAIATARIA MARRANT NEW (AT2286);INTERMEDIÁRIA;ICONE;4
06048;BLUSA DETALHE MANGA POETIC;SEMANA 39;TRICOLINE MILANO 3547;VERÃO 2026;POETIC;3
06049;CALCA BARRA AMARRACAO MAR;CANCELADO;;ALTO VERÃO 2026;MAR;2
06050;VESTIDO CROPPED MAM;SEMANA 42;LINHO 100%;ALTO VERÃO 2026;MAM;3
06051;SHORT MAR;SEMANA 48;LINHO CHINA (AT2314);ALTO VERÃO 2026;MAR;6
06052;VESTIDO CURTO MAR;CANCELADO;;ALTO VERÃO 2026;MAR;3
06053;REGATA MAR;SEMANA 48;LINHO CHINA (AT2314);INTERMEDIÁRIA;MAR;5
06054;COLETE MAXI MAR;SEMANA 48;LINHO CHINA (AT2314);INTERMEDIÁRIA;MAR;3
06055;VESTIDO CROPPED DINKY;CANCELADO;;ALTO VERÃO 2026;DINKY;2
06056;VESTIDO CURTO DINKY;SEMANA 42;TRICOLINE 100% ALGODAO FIO 40 P11NM0043;ALTO VERÃO 2026;DINKY;4
06057;PANTALONA LINHO MAM;SEMANA 42;LINHO 100%;ALTO VERÃO 2026;MAM;3
06058;CROPPED LINHO MAM;SEMANA 42;LINHO 100%;ALTO VERÃO 2026;MAM;3
06059;BLAZER LAISE ATELIE;SEMANA 42;LAISE VERÃO 26;ALTO VERÃO 2026;ATELIE;2
06060;SHORT LAISE ATELIE;SEMANA 42;LAISE VERÃO 26;ALTO VERÃO 2026;ATELIE;2
06061;VESTIDO LONGO LAISE ATELIE;SEMANA 42;LAISE VERÃO 26;ALTO VERÃO 2026;ATELIE;2
06062;PANTALONA LAISE ATELIE;CANCELADO;;ALTO VERÃO 2026;ATELIE;2
06063;BLUSA ALONGADA SOBREPOSTA AFRESCO;CANCELADO;;ALTO VERÃO 2026;AFRESCO;4
06064;PANTALONA AFRESCO;CANCELADO;;ALTO VERÃO 2026;AFRESCO;4
06065;SHORT PREGAS INOX;SEMANA 27;EST INOX YK72664;VERÃO 2026;INOX;1
06066;VESTIDO CROPPED CIANINHA;SEMANA 27;VISCOSE ESSENCIAL ARW800098;VERÃO 2026;BOREAL;2
06067;BATA PALA BORDADA;SEMANA 18;VISCOSE ESSENCIAL ARW800098;INVERNO 2025;WOOD;1
06068;VESTIDO PALA BORDADA;SEMANA 18;VISCOSE ESSENCIAL ARW800098;INVERNO 2025;WOOD;1
06073;BLUSA DETALHE MANGA COSTA;SEMANA 27;VISCOSE FLASH AT 2232;VERÃO 2026;COSTA;3
06074;BOLSA CINTO;CONTINUO;TECIDO DIVERSOS BAZAR;VERÃO 2026;;1
06075;MACACAO DETALHE BUSTO MOVIMENTO;CANCELADO;;VERÃO 2026;MOVIMENTO;1
06076;VESTIDO CURTO CRAYON;SEMANA 50;VISCOSE ESSENCIAL ARW800098;ALTO VERÃO 2026;CRAYON;4
06077;REGATA DECOTE V CRAYON;SEMANA 50;VISCOSE ESSENCIAL ARW800098;INTERMEDIÁRIA;CRAYON;5
06078;PANTALONA BOREAL;SEMANA 27;VISCOSE ESSENCIAL ARW800098;VERÃO 2026;BOREAL;1
06082;REGATA CITRINO;SEMANA 18;ALFAIATARIA MARRANT NEW (AT2286);INVERNO 2025;CITRINO;3
06097;PANTALONA BASIC STREET;SEMANA 44;TECIDO VERMONT CHINA RW55406-1;ALTO VERÃO 2026;STREET;3
06098;SHORT BASIC STREET;SEMANA 44;TECIDO VERMONT CHINA RW55406-1;ALTO VERÃO 2026;STREET;3
06099;BLUSA BASIC STREET;CANCELADO;TECIDO VERMONT CHINA RW55406-1;ALTO VERÃO 2026;STREET;3
06100;BLAZER CREATIVE;SEMANA 39;PATOU CHINA AT2302;VERÃO 2026;CREATIVE;3
06101;REGATA ESTAMPA GRAVURA;CANCELADO;;ALTO VERÃO 2026;GRAVURA;1
06103;VESTIDO CROPPED DINKY;SEMANA 42;TRICOLINE 100% ALGODAO FIO 40 P11NM0043;INTERMEDIÁRIA;DINKY;8
06104;PANTALONA MAR;SEMANA 48;LINHO CHINA (AT2314);INTERMEDIÁRIA;MAR;4
06105;VESTIDO LONGO POETIC;SEMANA 39;TRICOLINE MILANO 3547;VERÃO 2026;POETIC;3
06106;TUNICA COMBINACAO ATELIE;CANCELADO;LAISE VERÃO 26;ALTO VERÃO 2026;ATELIE;2
06107;CROPPED ENCAIXE PONTAL;CANCELADO;VISCOSE FIO TINTO;VERÃO 2026;PONTAL;1
06108;BLUSA FLORENCA;SEMANA 19;TWEED LUREX FLORENCA;INVERNO 2025;FLORENCA;1
06109;MACACAO LONGO GRAVURA;CANCELADO;MARROCAINE EST PW80136;ALTO VERÃO 2026;GRAVURA;1
06110;MACAQUINHO HORIZONTE;SEMANA 38;VISCOSE ESSENCIAL ARW800098;VERÃO 2026;HORIZONTE;3
06111;VESTIDO CURTO FABRIC;SEMANA 37;ALGODAO MAQUINETADO PONTILHADO;VERÃO 2026;FABRIC;2
06112;PANTALONA NARA;SEMANA 45;BROMELIA GLOW NARA 00S328;ALTO VERÃO 2026;NARA;1
06113;REGATA ALONGADA NAIF;SEMANA 50;MARROCAINE RW80136-1;INTERMEDIÁRIA;NAIF;3
06114;VESTIDO CURTO MAM;SEMANA 42;LINHO 100%;ALTO VERÃO 2026;MAM;3
06115;BLUSA PEPLUM GUACHE;SEMANA 49;PATOU CHINA AT2302;ALTO VERÃO 2026;GUACHE;3
06116;MACACAO ASSIMETRICO GUACHE;SEMANA 49;PATOU CHINA AT2302;ALTO VERÃO 2026;GUACHE;3
06117;VESTIDO CROPPED CINTO;CANCELADO;TRICOLINE 100% ALGODAO FIO 40 P11NM0043;INVERNO 2025;;2
06118;CAMISA LINHO MAM;SEMANA 42;LINHO 100%;ALTO VERÃO 2026;MAM;3
06119;BLUSA LAISE ATELIE;SEMANA 42;LAISE VERÃO 26;ALTO VERÃO 2026;ATELIE;2
06121;CHAVEIRO LENCINHO GALERIA;SEMANA 39;ESTAMPA CHIFFON POA PW500121-1;VERÃO 2026;GALERIA;1
06128;PANTALONA WORK BASIC 1;SEMANA 21;ALFAIATARIA MARRANT NEW (AT2286);CONTINUO;WORK;2
06129;PANTALONA WORK BASIC 2;SEMANA 21;VISCOSE ESSENCIAL ARW800098;CONTINUO;WORK;2
06130;PANTALONA WORK BASIC 3;SEMANA 21;LINHO CHINA (AT2314);CONTINUO;WORK;1
06131;PANTALONA WORK COLLECTION 4;SEMANA 21;PATOU CHINA AT2302;CONTINUO;WORK;1
06134;SHORT ESTAMPA NARA;SEMANA 45;BROMELIA GLOW NARA 00S328;ALTO VERÃO 2026;NARA;1
06137;VESTIDO LONGO ACERVO;SEMANA 49;MARROCAINE RW80136-1;INTERMEDIÁRIA;ACERVO;4
06138;PANTALONA ACERVO;CANCELADO;MARROCAINE RW80136-1;ALTO VERÃO 2026;ACERVO;4
06139;TUNICA ACERVO FRENTE UNICA;SEMANA 49;MARROCAINE RW80136-1;ALTO VERÃO 2026;ACERVO;3
06140;VESTIDO CROPPED CREATIVE;CANCELADO;PATOU CHINA AT2302;VERÃO 2026;CREATIVE;3
06141;VESTIDO LONGO GALERIA;SEMANA 39;ESTAMPA CHIFFON POA PW500121-1;VERÃO 2026;GALERIA;1
06142;VESTIDO CROPPED GALERIA BABADOS;SEMANA 39;ESTAMPA CHIFFON POA PW500121-1;VERÃO 2026;GALERIA;1
06143;CALCA RETA CULTURAL;SEMANA 39;ALFAIATARIA SOHO (RW54958);INTERMEDIÁRIA;CULTURAL;3
06144;VESTIDO CURTO GRAVURA;SEMANA 42;MARROCAINE EST PW80136;ALTO VERÃO 2026;GRAVURA;1
06145;SHORT MAM;SEMANA 42;LINHO 100%;ALTO VERÃO 2026;MAM;3
06146;BLAZER LINHO MAM;SEMANA 42;LINHO 100%;ALTO VERÃO 2026;MAM;3
06147;CAMISA WORK BASIC;SEMANA;TRICOLINE 100% ALGODAO FIO 40 P11NM0043;CONTINUO;WORK;1
06148;VESTIDO LONGO DETALHE FRANZIDO;CANCELADO;PATOU CHINA AT2302;ALTO VERÃO 2026;MODERN;1
06149;TOP ATELIE;CANCELADO;LAISE VERÃO 26;ALTO VERÃO 2026;ATELIE;2
06150;REGATA GRAVURA;CANCELADO;MARROCAINE EST PW80136;ALTO VERÃO 2026;GRAVURA;1
06151;BLAZER WORK BASIC 2;SEMANA;ALFAIATARIA MARRANT NEW (AT2286);CONTINUO;WORK;1
06152;VESTIDO CURTO TEXTURA;SEMANA 05;VISCOSE FLASH AT 2232;INVERNO 2026;TEXTURA;2
06153;VESTIDO CROPPED TEXTURA;SEMANA 05;VISCOSE FLASH AT 2232;INVERNO 2026;TEXTURA;2
06154;SAIA PAREO TEXTURA;SEMANA 05;VISCOSE FLASH AT 2232;INVERNO 2026;TEXTURA;2
06155;SHORT TEXTURA DETALHE COS;SEMANA 05;VISCOSE FLASH AT 2232;INVERNO 2026;TEXTURA;2
06157;BLUSA ART DETALHE AMARRACAO;SEMANA 42;ALGODAO BORDADO ART;ALTO VERÃO 2026;ART;2
06158;SHORT CRAYON;SEMANA 50;VISCOSE ESSENCIAL ARW800098;INTERMEDIÁRIA;CRAYON;4
06159;BLUSA STREET;SEMANA 44;TECIDO VERMONT CHINA RW55406-1;ALTO VERÃO 2026;STREET;3
06160;VESTIDO CROPPED ACERVO;CANCELADO;MARROCAINE RW80136-1;ALTO VERÃO 2026;ACERVO;4
06161;MACAQUINHO CRAYON;SEMANA 50;VISCOSE ESSENCIAL ARW800098;ALTO VERÃO 2026;CRAYON;4
06162;VESTIDO CURTO MAR;SEMANA 48;LINHO CHINA (AT2314);ALTO VERÃO 2026;MAR;3
06164;BLUSA ACERVO;SEMANA 49;MARROCAINE RW80136-1;INTERMEDIÁRIA;ACERVO;4
06165;VESTIDO CURTO ICONE;CANCELADO;;INTERMEDIÁRIA;ICONE;4
06166;PANTALONA CRAYON;SEMANA 50;VISCOSE ESSENCIAL ARW800098;INTERMEDIÁRIA;CRAYON;3
06168;VESTIDO CROPPED CRAYON;SEMANA 50;VISCOSE ESSENCIAL ARW800098;INTERMEDIÁRIA;CRAYON;2
06169;BLUSA ASSIMETRICA MODERN;SEMANA 46;PATOU NEW (RW82311);ALTO VERÃO 2026;MODERN;3
06170;PANTALONA MODERN;SEMANA 46;PATOU NEW (RW82311);ALTO VERÃO 2026;MODERN;3
06171;VESTIDO CURTO MODERN;SEMANA 46;PATOU NEW (RW82311);ALTO VERÃO 2026;MODERN;3
06172;VESTIDO CROPPED MODERN;SEMANA 46;PATOU NEW (RW82311);ALTO VERÃO 2026;MODERN;3
06174;BLUSA NARA;SEMANA 45;BROMELIA GLOW NARA 00S328;ALTO VERÃO 2026;NARA;1
06175;VESTIDO LONGO NARA;SEMANA 45;BROMELIA GLOW NARA 00S328;ALTO VERÃO 2026;NARA;1
06176;VESTIDO CURTO NARA;SEMANA 45;BROMELIA GLOW NARA 00S328;ALTO VERÃO 2026;NARA;1
06177;REGATA ALOIA;SEMANA 50;BROMELIA EST ALOIA 00S309;ALTO VERÃO 2026;ALOIA;1
06178;SHORT BOTOES ALOIA;SEMANA 50;BROMELIA EST ALOIA 00S309;ALTO VERÃO 2026;ALOIA;1
06179;SAIA PAREO ALOIA;CANCELADO;;ALTO VERÃO 2026;ALOIA;1
06180;VESTIDO CROPPED ALOIA;SEMANA 50;BROMELIA EST ALOIA 00S309;ALTO VERÃO 2026;ALOIA;1
06181;REGATA AFRESCO;SEMANA 49;CREPE SATIN EST AFRESCO;ALTO VERÃO 2026;AFRESCO;1
06182;VESTIDO CURTO AFRESCO;CANCELADO;;ALTO VERÃO 2026;AFRESCO;1
06183;VESTIDO LONGO AFRESCO;SEMANA 49;CREPE SATIN EST AFRESCO;ALTO VERÃO 2026;AFRESCO;1
06184;BLUSA ESTAMPA COLECAO;SEMANA 05;PARISE EST COLECAO;INVERNO 2026;COLECAO;1
06185;SHORT CURTO COLECAO;SEMANA 05;PARISE EST COLECAO;INVERNO 2026;COLECAO;1
06186;VESTIDO LONGO COLECAO;SEMANA 05;PARISE EST COLECAO;INVERNO 2026;COLECAO;1
06187;VESTIDO CURTO COLECAO;SEMANA 05;PARISE EST COLECAO;INVERNO 2026;COLECAO;1
06188;BLUSA NUANCES;CANCELADO;;ALTO VERÃO 2026;NUANCES;1
06189;MACAQUINHO NUANCES;CANCELADO;;ALTO VERÃO 2026;NUANCES;1
06190;SHORT NUANCES;CANCELADO;;ALTO VERÃO 2026;NUANCES;1
06191;VESTIDO CROPPED NUANCES;CANCELADO;;ALTO VERÃO 2026;NUANCES;1
06221;MACACAO MAR;SEMANA 48;LINHO CHINA (AT2314);INTERMEDIÁRIA;MAR;3
06222;MACACAO ICONE;CANCELADO;ALFAIATARIA MARRANT NEW (AT2286);INTERMEDIÁRIA;ICONE;4
06223;REGATA TELA;SEMANA 41;ESTAMPADO LOSANGO PW30701;ALTO VERÃO 2026;TELA;1
06224;PANTALONA NAIF;CANCELADO;;ALTO VERÃO 2026;NAIF;3
06236;BLUSA CREATIVE DEGAGE;CANCELADO;PATOU CHINA AT2302;VERÃO 2026;CREATIVE;3
06237;COLETE CREATIVE;SEMANA 39;PATOU CHINA AT2302;VERÃO 2026;CREATIVE;3
06238;SAIA CROPPED CREATIVE;SEMANA 39;PATOU CHINA AT2302;VERÃO 2026;CREATIVE;3
06239;BLUSA GRAVURA;CANCELADO;MARROCAINE EST PW80136;ALTO VERÃO 2026;GRAVURA;1
06240;CALCA PANTALONA GRAVURA;SEMANA 42;MARROCAINE EST PW80136;ALTO VERÃO 2026;GRAVURA;1
06241;REGATA GRAVURA DECOTE;SEMANA 42;MARROCAINE EST PW80136;ALTO VERÃO 2026;GRAVURA;1
06242;VESTIDO PONTAL LONGO;SEMANA 35;VISCOSE FIO TINTO;VERÃO 2026;PONTAL;1
06243;BLUSA MODERN;CANCELADO;PATOU NEW (RW82311);ALTO VERÃO 2026;MODERN;2
06244;PANTALONA NEW MODERN;CANCELADO;;ALTO VERÃO 2026;MODERN;2
06245;BLAZER ALFAIATARIA;SEMANA 21;ALFAIATARIA MARRANT NEW (AT2286);INVERNO 2025;AMARANTO;3
06246;BLUSA TRESSE;SEMANA 49;MARROCAINE RW80136-1;ALTO VERÃO 2026;TRESSE;3
06247;SHORT TRESSE;SEMANA 49;MARROCAINE RW80136-1;ALTO VERÃO 2026;TRESSE;3
06248;VESTIDO CURTO ACERVO;CANCELADO;MARROCAINE RW80136-1;ALTO VERÃO 2026;ACERVO;1
06249;PANTALONA TRESSE;SEMANA 49;MARROCAINE RW80136-1;ALTO VERÃO 2026;TRESSE;3
06264;PANTALONA ICONE;SEMANA 42;ALFAIATARIA MARRANT NEW (AT2286);INTERMEDIÁRIA;ICONE;4
06268;BLUSA DECOTE ARABICA;SEMANA 15;VISCOSE ESSENCIAL ARW800098;INVERNO 2026;ARABICA;2
06269;SHORT ARABICA;SEMANA 15;VISCOSE ESSENCIAL ARW800098;INVERNO 2026;ARABICA;2
06270;CALCA PANTALONA ARABICA;SEMANA 15;VISCOSE ESSENCIAL ARW800098;INVERNO 2026;ARABICA;2
06271;BLAZER LISTRAS MACCHIATO;SEMANA 10;MARRANT EST MACCHIATO BPW850512-01;INVERNO 2026;MACCHIATO;1
06272;CALCA LISTRAS MACCHIATO;SEMANA 10;MARRANT EST MACCHIATO BPW850512-01;INVERNO 2026;MACCHIATO;1
06273;MACACAO LISTRAS MACCHIATO;SEMANA 10;MARRANT EST MACCHIATO BPW850512-01;INVERNO 2026;MACCHIATO;1
06274;VESTIDO CROPPED LISTRAS MACCHIATO;SEMANA 10;MARRANT EST MACCHIATO BPW850512-01;INVERNO 2026;MACCHIATO;1
06275;SHORT LISTRAS MACCHIATO;SEMANA 10;MARRANT EST MACCHIATO BPW850512-01;INVERNO 2026;MACCHIATO;1
06276;MACACAO LATTE;SEMANA 23;VISCOSE ESSENCIAL ARW800098;INVERNO 2026;LATTE;2
06277;BLUSA MANGAS LATTE;SEMANA 23;VISCOSE ESSENCIAL ARW800098;INVERNO 2026;LATTE;3
06278;SHORT CAFFEINE;SEMANA 05;MAQUINETADO LISBOA EST CAFFEINE;INVERNO 2026;CAFFEINE;1
06279;REGATA CAFFEINE;SEMANA 05;MAQUINETADO LISBOA EST CAFFEINE;INVERNO 2026;CAFFEINE;1
06280;VESTIDO CURTO CAFFEINE;SEMANA 05;MAQUINETADO LISBOA EST CAFFEINE;INVERNO 2026;CAFFEINE;1
06281;BLUSA CAFFEINE;SEMANA 05;MAQUINETADO LISBOA EST CAFFEINE;INVERNO 2026;CAFFEINE;1
06282;CALCA FLARE LATTE;SEMANA 23;VISCOSE ESSENCIAL ARW800098;INVERNO 2026;LATTE;3
06283;CALCA PANTALONA CAFFEINE;SEMANA 05;MAQUINETADO LISBOA EST CAFFEINE;INVERNO 2026;CAFFEINE;1
06284;VESTIDO CAFFEINE MANGAS;CANCELADO;;INVERNO 2026;CAFFEINE;1
06285;REGATA LATTE;SEMANA 23;VISCOSE ESSENCIAL ARW800098;INVERNO 2026;LATTE;3
06286;VESTIDO CROPPED ALCAS CAFFEINE;SEMANA 05;MAQUINETADO LISBOA EST CAFFEINE;INVERNO 2026;CAFFEINE;1
06287;TOP LAISE ATELIE;SEMANA 42;LAISE VERÃO 26;ALTO VERÃO 2026;ATELIE;2
06288;SAIA RECORTES DINKY;SEMANA 42;TRICOLINE 100% ALGODAO FIO 40 P11NM0043;INTERMEDIÁRIA;DINKY;3
06289;BLUSA LISTRAS MACCHIATO;CANCELADO;MARRANT EST MACCHIATO BPW850512-01;INVERNO 2026;MACCHIATO;1
06290;BLUSA MANGAS MOCHA;SEMANA 10;VISCOSE JACQUARD AJW800173;INVERNO 2026;MOCHA;3
06291;CALCA PANTALONA MOCHA;SEMANA 10;VISCOSE JACQUARD AJW800173;INVERNO 2026;MOCHA;3
06292;MACAQUINHO MOCHA;SEMANA 10;VISCOSE JACQUARD AJW800173;INVERNO 2026;MOCHA;2
06293;VESTIDO CROPPED MOCHA;SEMANA 10;VISCOSE JACQUARD AJW800173;INVERNO 2026;MOCHA;3
06294;BLAZER BRULEE;SEMANA 10;PATOU CHINA AT2302;INVERNO 2026;BRULEE;4
06295;VESTIDO CURTO BRULEE;SEMANA 10;PATOU CHINA AT2302;INVERNO 2026;BRULEE;3
06296;PANTALONA BRULEE;SEMANA 10;PATOU CHINA AT2302;INVERNO 2026;BRULEE;7
06297;CALCA BRULEE;CANCELADO;PATOU CHINA AT2302;INVERNO 2026;BRULEE;4
06298;BLUSA BRULEE;SEMANA 10;PATOU CHINA AT2302;INVERNO 2026;BRULEE;7
06299;VESTIDO LONGO BRULEE;SEMANA 10;PATOU CHINA AT2302;INVERNO 2026;BRULEE;3
06300;VESTIDO CROPPED CREMA;SEMANA 10;TRICOLINE 100% ALGODAO FIO 40 P11NM0043;INVERNO 2026;CREMA;4
06301;BLUSA CREMA;SEMANA 10;TRICOLINE 100% ALGODAO FIO 40 P11NM0043;INVERNO 2026;CREMA;4
06302;PANTALONA CREMA;CANCELADO;;INVERNO 2026;CREMA;4
06303;CAMISA OVER CREMA;SEMANA 10;TRICOLINE 100% ALGODAO FIO 40 P11NM0043;INVERNO 2026;CREMA;4
06304;SAIA CROPPED CREMA;SEMANA 10;TRICOLINE 100% ALGODAO FIO 40 P11NM0043;INVERNO 2026;CREMA;3
06305;BLUSA SYNC;SEMANA 28;LINHO CHINA (AT2314);VERÃO 2027;SYNC;2
06306;REGATA ICED;SEMANA 05;MARROCAINE RW80136-1;INVERNO 2026;ICED;2
06307;VESTIDO CURTO ICED;SEMANA 05;MARROCAINE RW80136-1;INVERNO 2026;ICED;2
06308;MACACAO ICED;SEMANA 05;MARROCAINE RW80136-1;INVERNO 2026;ICED;2
06309;MACACAO SYNC;SEMANA 28;LINHO CHINA (AT2314);VERÃO 2027;SYNC;2
06310;SHORT ICED;SEMANA 05;MARROCAINE RW80136-1;INVERNO 2026;ICED;2
06311;BLUSA ICED;SEMANA 05;MARROCAINE RW80136-1;INVERNO 2026;ICED;3
06312;VESTIDO CROPPED ICED;SEMANA 05;MARROCAINE RW80136-1;INVERNO 2026;ICED;2
06314;BLUSA SYNC COM MANGA;SEMANA 28;LINHO CHINA (AT2314);VERÃO 2027;SYNC;4
06315;BOMBER IRISH;SEMANA 10;GGT EST IRISH;INVERNO 2026;IRISH;1
06316;CALCA RETA SYNC;SEMANA 28;LINHO CHINA (AT2314);VERÃO 2027;SYNC;2
06317;PANTALONA SYNC;SEMANA 28;LINHO CHINA (AT2314);VERÃO 2027;SYNC;2
06318;REGATA MOCHA;SEMANA 10;VISCOSE JACQUARD AJW800173;INVERNO 2026;MOCHA;3
06319;VESTIDO CROPPED LATTE;SEMANA 23;VISCOSE ESSENCIAL ARW800098;INVERNO 2026;LATTE;3
06320;VESTIDO LONGO ARABICA;SEMANA 15;VISCOSE ESSENCIAL ARW800098;INVERNO 2026;ARABICA;2
06321;BLAZER CREMA;CANCELADO;;INVERNO 2026;CREMA;4
06326;BLUSA MODERN DEGAGE;SEMANA 46;PATOU NEW (RW82311);ALTO VERÃO 2026;MODERN;3
06327;SHORT SYNC;SEMANA 28;LINHO CHINA (AT2314);VERÃO 2027;SYNC;2
06328;BLUSA FRANJAS ETNIA;CANCELADO;MARROCAINE RW80136-1;ALTO VERÃO 2026;ETNIA;1
06329;SAIA CURTA FRANJAS ETNIA;CANCELADO;MARROCAINE RW80136-1;ALTO VERÃO 2026;ETNIA;1
06331;VESTIDO CURTO FRAME ALCA;SEMANA 46;MARROCAINE RW80136-1;ALTO VERÃO 2026;FRAME;2
06333;VESTIDO CURTO AFRESCO AMARRACAO;SEMANA 49;CREPE SATIN EST AFRESCO;ALTO VERÃO 2026;AFRESCO;1
06357;BLAZER SIERRA;SEMANA 19;ALFAIATARIA SOHO (RW54958);INVERNO 2026;SIERRA;4
06358;BLUSA CORSET ESSENCE;SEMANA 34;ALFAIATARIA MARRANT NEW (AT2286);VERÃO 2027;ESSENCE;4
06359;PANTALONA ESSENCE;SEMANA 34;ALFAIATARIA MARRANT NEW (AT2286);VERÃO 2027;ESSENCE;4
06360;BLAZER ESSENCE;SEMANA 34;ALFAIATARIA MARRANT NEW (AT2286);VERÃO 2027;ESSENCE;4
06361;MACACAO ESSENCE;SEMANA 34;ALFAIATARIA MARRANT NEW (AT2286);VERÃO 2027;ESSENCE;2
06362;SHORT ESSENCE;SEMANA 34;ALFAIATARIA MARRANT NEW (AT2286);VERÃO 2027;ESSENCE;4
06366;CROPPED CREATIVE ALCA FINA;SEMANA 39;PATOU CHINA AT2302;VERÃO 2026;CREATIVE;1
06367;BLAZER BLEND;SEMANA 10;LINHO C/ VISCOSE BRW310201;INVERNO 2026;BLEND;3
06368;PANTALONA BLEND;SEMANA 10;LINHO C/ VISCOSE BRW310201;INVERNO 2026;BLEND;3
06369;BERMUDA BLEND;SEMANA 10;LINHO C/ VISCOSE BRW310201;INVERNO 2026;BLEND;3
06370;VESTIDO CROPPED BLEND;SEMANA 10;LINHO C/ VISCOSE BRW310201;INVERNO 2026;BLEND;3
06371;SAIA CROPPED RISTRETTO;CANCELADO;ALFAIATARIA MARRANT NEW (AT2286);INVERNO 2026;RISTRETTO;3
06372;BLAZER GRAOS;SEMANA 13;TECIDO VERMONT CHINA RW55406-1;INVERNO 2026;GRAOS;2
06373;BLUSA MANGA GRAOS;SEMANA 13;TECIDO VERMONT CHINA RW55406-1;INVERNO 2026;GRAOS;2
06374;CALCA PANTALONA GRAOS;SEMANA 13;TECIDO VERMONT CHINA RW55406-1;INVERNO 2026;GRAOS;2
06375;SHORT GRAOS;SEMANA 13;TECIDO VERMONT CHINA RW55406-1;INVERNO 2026;GRAOS;2
06376;CAMISA TEXTURA;SEMANA 05;VISCOSE FLASH AT 2232;INVERNO 2026;TEXTURA;3
06377;CROPPED RISTRETTO;SEMANA 18;ALFAIATARIA MARRANT NEW (AT2286);INVERNO 2026;RISTRETTO;4
06378;MACACAO RISTRETTO;SEMANA 18;ALFAIATARIA MARRANT NEW (AT2286);INVERNO 2026;RISTRETTO;3
06379;BLUSA FREDDO;SEMANA 19;VISCOSE FLASH AT 2232;INVERNO 2026;FREDDO;3
06380;CAMISA BORDADA FREDDO;SEMANA 19;VISCOSE FLASH AT 2232;INVERNO 2026;FREDDO;3
06381;CALCA PANTALONA FREDDO;SEMANA 19;VISCOSE FLASH AT 2232;INVERNO 2026;FREDDO;3
06382;VESTIDO CURTO FREDDO;SEMANA 19;VISCOSE FLASH AT 2232;INVERNO 2026;FREDDO;3
06383;VESTIDO CROPPED BORDADO FREDDO;SEMANA 19;VISCOSE FLASH AT 2232;INVERNO 2026;FREDDO;3
06384;BLAZER BOTOES COFFEE;CANCELADO;;INVERNO 2026;COFFEE;1
06385;CALCA AMARRACAO COFFEE;SEMANA 16;MARROCAINE EST COFFEE PW80136;INVERNO 2026;COFFEE;1
06386;VESTIDO CURTO COFFEE;CANCELADO;;INVERNO 2026;COFFEE;1
06387;MINI SAIA COFFEE;CANCELADO;;INVERNO 2026;COFFEE;1
06388;MACAQUINHO CURTO NARA;SEMANA 45;BROMELIA GLOW NARA 00S328;ALTO VERÃO 2026;NARA;1
06389;TOP RECORTES FLORIAN;SEMANA 16;BORDADO FAM FLORIAN AEW100560-01;INVERNO 2026;FLORIAN;2
06390;CALCA PANTALONA FLORIAN;SEMANA 16;BORDADO FAM FLORIAN AEW100560-01;INVERNO 2026;FLORIAN;2
06391;SAIA CROPPED FLORIAN;SEMANA 16;BORDADO FAM FLORIAN AEW100560-01;INVERNO 2026;FLORIAN;2
06392;VESTIDO CROPPED FLORIAN;CANCELADO;;INVERNO 2026;FLORIAN;2
06394;CAMISA BOTOES FLORIAN;SEMANA 16;BORDADO FAM FLORIAN AEW100560-01;INVERNO 2026;FLORIAN;2
06395;REGATA BLEND;SEMANA 10;LINHO C/ VISCOSE BRW310201;INVERNO 2026;BLEND;3
06396;BODY INTENSE;SEMANA 16;MARROCAINE LISO AT2374PD;INVERNO 2026;INTENSE;3
06397;BLUSA INTENSE;SEMANA 16;MARROCAINE LISO AT2374PD;INVERNO 2026;INTENSE;3
06398;REGATA RAFFINATO;SEMANA 18;MARROCAINE EST ANIMAL PRINT PW80136;INVERNO 2026;RAFFINATO;1
06399;MACACAO LONGO RAFFINATO;SEMANA 18;MARROCAINE EST ANIMAL PRINT PW80136;INVERNO 2026;RAFFINATO;1
06400;VESTIDO CURTO RAFFINATO;SEMANA 18;MARROCAINE EST ANIMAL PRINT PW80136;INVERNO 2026;RAFFINATO;1
06401;SHORT CURTO RAFFINATO;SEMANA 18;MARROCAINE EST ANIMAL PRINT PW80136;INVERNO 2026;RAFFINATO;1
06403;REGATA RISTRETTO;SEMANA 18;ALFAIATARIA MARRANT NEW (AT2286);INVERNO 2026;RISTRETTO;4
06404;PANTALONA INTENSE;SEMANA 16;MARROCAINE LISO AT2374PD;INVERNO 2026;INTENSE;2
06406;VESTIDO CROPPED INTENSE;SEMANA 16;MARROCAINE LISO AT2374PD;INVERNO 2026;INTENSE;2
06407;PANTALONA RISTRETTO;SEMANA 18;ALFAIATARIA MARRANT NEW (AT2286);INVERNO 2026;RISTRETTO;5
06408;CALCA RECORTES RAFFINATO;SEMANA 18;MARROCAINE EST ANIMAL PRINT PW80136;INVERNO 2026;RAFFINATO;1
06409;COLETE CAPPUCCINO;CANCELADO;;INVERNO 2026;CAPPUCCINO;2
06410;CALCA CAPPUCCINO;CANCELADO;;INVERNO 2026;CAPPUCCINO;2
06411;SHORT CAPPUCCINO;CANCELADO;;INVERNO 2026;CAPPUCCINO;2
06412;BLAZER BARISTA;SEMANA 21;SARJA COLOR  RW13587;INVERNO 2026;BARISTA;3
06413;CALCA BARISTA;SEMANA 21;SARJA COLOR  RW13587;INVERNO 2026;BARISTA;3
06414;BLUSA BARISTA;CANCELADO;;INVERNO 2026;BARISTA;3
06415;SAIA CURTA RISTRETTO;CANCELADO;;INVERNO 2026;RISTRETTO;3
06416;BLAZER RISTRETTO;SEMANA 18;ALFAIATARIA MARRANT NEW (AT2286);INVERNO 2026;RISTRETTO;5
06417;CHEMISIER BLEND;SEMANA 10;LINHO C/ VISCOSE BRW310201;INVERNO 2026;BLEND;2
06418;CAMISA BLEND;CANCELADO;;INVERNO 2026;BLEND;2
06419;VESTIDO CROPPED LUNGO;CANCELADO;;INVERNO 2026;LUNGO;1
06420;VESTIDO INFANTIL COFFEE;SEMANA 16;MARROCAINE EST COFFEE PW80136;INVERNO 2026;COFFEE;1
06421;REGATA ALCAS COFFEE;SEMANA 16;MARROCAINE EST COFFEE PW80136;INVERNO 2026;COFFEE;1
06422;BLUSA MANGAS COFFEE;SEMANA 16;MARROCAINE EST COFFEE PW80136;INVERNO 2026;COFFEE;1
06423;CAMISA INFANTIL LUNGO;CANCELADO;;INVERNO 2026;LUNGO;1
06424;BLUSA TWEED BOURBON;SEMANA 21;TWEED EST BOURBON YW55777-01;INVERNO 2026;BOURBON;1
06425;CASACO TWEED BOURBON;SEMANA 21;TWEED EST BOURBON YW55777-01;INVERNO 2026;BOURBON;1
06426;CALCA TWEED BOURBON;SEMANA 21;TWEED EST BOURBON YW55777-01;INVERNO 2026;BOURBON;1
06427;MINI SAIA TWEED BOURBON;CANCELADO;;INVERNO 2026;BOURBON;1
06428;SHORT TWEED BOURBON;SEMANA 21;TWEED EST BOURBON YW55777-01;INVERNO 2026;BOURBON;1
06430;COLETE LISTRAS ALLEGRO;SEMANA 21;ALFAIATARIA FAM ALLEGRO BYW850198;INVERNO 2026;ALLEGRO;1
06431;CALCA LISTRAS ALLEGRO;SEMANA 21;ALFAIATARIA FAM ALLEGRO BYW850198;INVERNO 2026;ALLEGRO;1
06432;SHORT LISTRAS ALLEGRO;SEMANA 21;ALFAIATARIA FAM ALLEGRO BYW850198;INVERNO 2026;ALLEGRO;1
06433;TOP LISTRAS ALLEGRO;CANCELADO;;INVERNO 2026;ALLEGRO;1
06434;TRENCH COAT ALLEGRO;CANCELADO;ALFAIATARIA FAM ALLEGRO BYW850198;INVERNO 2026;ALLEGRO;1
06436;MINI SAIA TWEED BOURBON;CANCELADO;;INVERNO 2026;BOURBON;1
06437;CROPPED/BLUSA PU DIV 6000;BAZAR;;BAZAR 2024;;1
06440;VESTIDO CURTO SYNC;CANCELADO;LINHO CHINA (AT2314);VERÃO 2027;SYNC;1
06446;MACACAO CAPPUCCINO;CANCELADO;;INVERNO 2026;CAPPUCCINO;2
06447;BLUSA MOGGIANA;CANCELADO;;INVERNO 2026;MOGGIANA;1
06448;CALCA MOGGIANA;CANCELADO;;INVERNO 2026;MOGGIANA;1
06449;MACACAO LONGO MOGGIANA;CANCELADO;;INVERNO 2026;MOGGIANA;1
06450;SHORT CURTO MOGGIANA;CANCELADO;;INVERNO 2026;MOGGIANA;1
06451;VESTIDO CURTO MOGGIANA;CANCELADO;;INVERNO 2026;MOGGIANA;1
06491;BLAZER CAPPUCCINO;CANCELADO;;INVERNO 2026;CAPPUCCINO;2
06492;CALCA CORSARIO;SEMANA 44;SARJA COLOR  RW13587;ALTO VERÃO 2026;;1
06494;BLUSA NUANCE AMARRACOES;SEMANA 48;LINHO C/ VISCOSE BRW310201;INTERMEDIÁRIA;NUANCE;1
06495;PANTALONA NUANCE;SEMANA 48;LINHO C/ VISCOSE BRW310201;INTERMEDIÁRIA;NUANCE;1
06496;SHORT NUANCE;SEMANA 48;LINHO C/ VISCOSE BRW310201;INTERMEDIÁRIA;NUANCE;1
06497;CALCA CORSARIO MODERN;CANCELADO;;ALTO VERÃO 2026;MODERN;1
06501;VESTIDO LONGO FENDAS BORDADO;CANCELADO;FORRO VISCOSE PREMIUM;INVERNO 2026;;1
06509;MACACAO TRANSPASSE COFFEE;SEMANA 16;MARROCAINE EST COFFEE PW80136;INVERNO 2026;COFFEE;1
06510;SHORT CURTO COFFEE;CANCELADO;MARROCAINE EST COFFEE PW80136;INVERNO 2026;COFFEE;1
06530;CALCA PANTALONA AFRESCO;SEMANA 49;CREPE SATIN EST AFRESCO;ALTO VERÃO 2026;AFRESCO;1
06531;PANTALONA SIERRA;SEMANA 19;ALFAIATARIA SOHO (RW54958);INVERNO 2026;SIERRA;1
06540;BLUSA BARISTA;CANCELADO;SARJA COLOR  RW13587;INVERNO 2026;BARISTA;3
06541;BLUSA ESSENZA RENDA;CANCELADO;;INVERNO 2026;ESSENZA;1
06542;CAMISA CROPPED BORDADO BOLSO;SEMANA 10;TRICOLINE 100% ALGODAO FIO 40 P11NM0043;INVERNO 2026;;1
06543;CAMISA OVER COFFEE BORDADO;CANCELADO;;INVERNO 2026;;1
06544;SAIA CROPPED RENDA;CANCELADO;;INVERNO 2026;;1
06545;VESTIDO SLEEP ESSENZA RENDA;CANCELADO;;INVERNO 2026;ESSENZA;1
06546;BLUSA LUNGO;CANCELADO;;INVERNO 2026;LUNGO;3
06547;CALCA LUNGO;CANCELADO;;INVERNO 2026;LUNGO;3
06548;VESTIDO CROPPED LUNGO;CANCELADO;PURO LINHO MYKONOS P11LN0118;INVERNO 2026;LUNGO;3
06549;SHORT LUNGO;SEMANA 16;PURO LINHO MYKONOS P11LN0118;INVERNO 2026;LUNGO;3
06563;CALCA COS ELASTICO;SEMANA;TECIDO DIVERSOS BAZAR;BAZAR FABRICA;;1
06564;VESTIDO CROPPED BABADO;CANCELADO;;ALTO VERÃO 2026;;1
06565;REGATA LIBERTY;CANCELADO;LINHO CHINA (AT2314);BAZAR FABRICA;;1
06566;REGATA LIBERTY NEW;SEMANA 49;VISCOSE ESSENCIAL ARW800098;ALTO VERÃO 2026;;3
06567;LENCO IRISH;SEMANA 10;GGT EST IRISH;INVERNO 2026;IRISH;1
06568;REGATA JUJU;SEMANA;TECIDO DIVERSOS BAZAR;BAZAR FABRICA;;1
06569;REGATA LIBERTY DECOTE V;SEMANA;TECIDO DIVERSOS BAZAR;BAZAR FABRICA;;1
06570;REGATA DECOTE V;SEMANA;BORDEAUX CREPE AIR FLOW;BAZAR FABRICA;;2
06571;BLUSA MULTI COM FAIXA;SEMANA;BORDEAUX CREPE AIR FLOW;BAZAR FABRICA;;1
06572;CALCA PANTALONA ELASTICO;SEMANA;BORDEAUX CREPE AIR FLOW;BAZAR FABRICA;;2
06573;BLUSA BABADO NUT;SEMANA;TECIDO DIVERSOS BAZAR;BAZAR FABRICA;;1
06574;REGATA LIBERTY DUPLA;CANCELADO;TECIDO DIVERSOS BAZAR;BAZAR FABRICA;;1
06575;BLUSA BASICA;SEMANA;;BAZAR FABRICA;;1
06576;SAIA BASICA;SEMANA;TECIDO DIVERSOS BAZAR;BAZAR FABRICA;;1
06577;MACAQUINHO CURTO BASICO;SEMANA;TECIDO DIVERSOS BAZAR;BAZAR FABRICA;;1
06578;BLUSA MINI/MALHA DIDV 3000;BAZAR;;BAZAR 2024;;1
06580;CALCINHA DIV 1000;BAZAR;;BAZAR 2024;;1
06582;COLETE LONGO DIV 7000;BAZAR;;BAZAR 2024;;1
06583;PULL TRICOT DIV 4000;BAZAR;;BAZAR 2024;;1
06585;REGATA POA DIV 2000;BAZAR;;BAZAR 2024;;1
06586;TRICOT DIV SIMPLES 4000;BAZAR;;BAZAR 2024;;1
06587;VESTIDO CELEBRARY DIV 8000;BAZAR;;BAZAR 2024;;1
06588;VESTIDO POA DIV 3000;BAZAR;;BAZAR 2024;;1
06589;VESTIDO PU DIV 15000;BAZAR;;BAZAR 2024;;1
06590;VESTIDO CROPPED ALCAS;SEMANA;TECIDO DIVERSOS BAZAR;BAZAR FABRICA;;1
06591;VESTIDO CROPPED;SEMANA;TECIDO DIVERSOS BAZAR;BAZAR FABRICA;;4
06592;SAIA CROPPED;SEMANA;TECIDO DIVERSOS BAZAR;BAZAR FABRICA;;1
06593;SAIA CROPPED;SEMANA;TECIDO DIVERSOS BAZAR;BAZAR FABRICA;;1
06594;BLUSA BASIC;SEMANA;TECIDO DIVERSOS BAZAR;BAZAR FABRICA;;1
06595;SAIA PAREO;SEMANA;TECIDO DIVERSOS BAZAR;BAZAR FABRICA;;1
06596;CALCA PANTALONA;SEMANA;TECIDO DIVERSOS BAZAR;BAZAR FABRICA;;1
06597;SHORT CINTURA ALTA;SEMANA;TECIDO DIVERSOS BAZAR;BAZAR FABRICA;;1
06598;BLUSA COM MANGA;SEMANA;TECIDO DIVERSOS BAZAR;BAZAR FABRICA;;1
06599;BLUSA ZIPER MELANGE;SEMANA 19;EST INOX YK72664;INVERNO 2026;MELANGE;1
06600;CALCA ZIPER MELANGE;SEMANA 19;EST INOX YK72664;INVERNO 2026;MELANGE;1
06601;MACACAO LONGO BASICO;SEMANA;TECIDO DIVERSOS BAZAR;BAZAR FABRICA;;1
06608;BLUSA MOCHA COM MANGA;SEMANA 10;VISCOSE JACQUARD AJW800173;INVERNO 2026;MOCHA;2
06611;CASACO TRICOT BOTOES DIV 9000;BAZAR;;BAZAR 2024;;1
06612;BATA DIV 5000;BAZAR;;BAZAR 2024;;1
06614;CALCA DUPLO CAPPUCCINO;SEMANA 21;ALFAIATARIA BELANO BRW850279;INVERNO 2026;CAPPUCCINO;2
06617;SHORT CARAMEL;SEMANA 05;MARANT NATURE SUMMER (BETA);INVERNO 2026;CARAMEL;1
06618;TOP CARAMEL;CANCELADO;MARANT NATURE SUMMER (BETA);INVERNO 2026;CARAMEL;1
06619;COLETE ALONGADO CARAMEL;CANCELADO;MARANT NATURE SUMMER (BETA);INVERNO 2026;CARAMEL;1
06620;BLUSA VIENNA;SEMANA 23;LINHO CHINA (AT2314);INVERNO 2026;VIENNA;1
06621;SHORT VIENNA;SEMANA 23;LINHO CHINA (AT2314);INVERNO 2026;VIENNA;1
06622;CALCA ALADIM;SEMANA 49;MARROCAINE LISO AT2374PD;ALTO VERÃO 2026;;3
06623;BLUSA LUNGO ASSIMETRICO;SEMANA 16;PURO LINHO MYKONOS P11LN0118;INVERNO 2026;LUNGO;3
06624;PANTALONA LUNGO;SEMANA 16;PURO LINHO MYKONOS P11LN0118;INVERNO 2026;LUNGO;3
06631;BLAZER BOTOES ALLEGRO;SEMANA 21;ALFAIATARIA FAM ALLEGRO BYW850198;INVERNO 2026;ALLEGRO;1
06634;CALCA CARAMEL;SEMANA 05;MARANT NATURE SUMMER (BETA);INVERNO 2026;CARAMEL;1
06638;MACACAO DIV 10000;BAZAR;;BAZAR 2023;;1
06649;TRENCH COAT DOPPIO;SEMANA 23;TWEED LUREX FLORENCA;INVERNO 2026;DOPPIO;1
06659;CAMISA MANGAS PREGA BASE;SEMANA;;INVERNO 2026;;1
06665;BLUSA PEPLUM BARISTA;SEMANA 21;SARJA COLOR  RW13587;INVERNO 2026;BARISTA;3
06674;CAMISA MANGA PREGA;SEMANA 16;PATOU NEW (RW82311);INVERNO 2026;;1
06685;CAMISA FLOW BALONE;SEMANA 28;VOIL DE ALGODAO C/ FIO LUREX ADS250225;VERÃO 2027;FLOW;1
06686;PARKA CROPPED CAPPUCCINO;SEMANA 21;ALFAIATARIA BELANO BRW850279;INVERNO 2026;CAPPUCCINO;2
06687;BLUSA SEM ALCA CAPPUCCINO;SEMANA 21;ALFAIATARIA BELANO BRW850279;INVERNO 2026;CAPPUCCINO;2
06688;VESTIDO LONGO SONAR;SEMANA 32;MARROCAINE EST SONAR PW80136-27;VERÃO 2027;SONAR;1
06689;SHORT CURTO SONAR;SEMANA 32;MARROCAINE EST SONAR PW80136-27;VERÃO 2027;SONAR;1
06690;CROPPED ALCAS DEEP;CANCELADO;;VERÃO 2027;DEEP;3
06691;CALCA PANTALONA DEEP;CANCELADO;;VERÃO 2027;DEEP;3
06692;BLAZER DEEP;SEMANA 28;TECIDO VERMONT CHINA RW55406-1;VERÃO 2027;DEEP;3
06693;BLUSA OMBREIRAS SONAR;SEMANA 32;MARROCAINE EST SONAR PW80136-27;VERÃO 2027;SONAR;1
06694;CALCA ALADIM SONAR;SEMANA 32;MARROCAINE EST SONAR PW80136-27;VERÃO 2027;SONAR;1
06700;VESTIDO PREGAS FLORIAN;SEMANA 16;BORDADO FAM FLORIAN AEW100560-01;INVERNO 2026;FLORIAN;2
06701;SAIA CROPPED LUNGO;SEMANA 16;PURO LINHO MYKONOS P11LN0118;INVERNO 2026;LUNGO;3
06703;BLUSA TUNE;SEMANA 32;ALFAIATARIA SOHO (RW54958);VERÃO 2027;TUNE;4
06704;CROPPED TUNE;SEMANA 32;ALFAIATARIA SOHO (RW54958);VERÃO 2027;TUNE;4
06705;CALCA TUNE;SEMANA 32;ALFAIATARIA SOHO (RW54958);VERÃO 2027;TUNE;4
06706;SAIA CROPPED TUNE;SEMANA 32;ALFAIATARIA SOHO (RW54958);VERÃO 2027;TUNE;2
06707;TRENCH COAT BOURBON;SEMANA 21;TWEED EST BOURBON YW55777-01;INVERNO 2026;BOURBON;1
06708;CAMISA MANGAS SONAR;SEMANA 32;MARROCAINE EST SONAR PW80136-27;VERÃO 2027;SONAR;1
06709;BLUSA MANGAS COMPASS;SEMANA 36;VISCOSE ESSENCIAL ARW800098;VERÃO 2027;COMPASS;3
06710;CALCA PANTALONA COMPASS;SEMANA 36;VISCOSE ESSENCIAL ARW800098;VERÃO 2027;COMPASS;3
06711;MACAQUINHO AMARRACAO COMPASS;SEMANA 36;VISCOSE ESSENCIAL ARW800098;VERÃO 2027;COMPASS;2
06712;VESTIDO LONGO COMPASS;SEMANA 36;VISCOSE ESSENCIAL ARW800098;VERÃO 2027;COMPASS;3
06713;REGATA ALCAS COMPASS;SEMANA 36;VISCOSE ESSENCIAL ARW800098;VERÃO 2027;COMPASS;3
06714;PANTALONA LINHO LUST;SEMANA 32;LINHO 100%;VERÃO 2027;LUST;3
06715;SHORT LINHO LUST;SEMANA 32;LINHO 100%;VERÃO 2027;LUST;3
06716;CAMISA PREGAS VITAL;SEMANA 32;TRICOLINE POA VITAL AEW100560;VERÃO 2027;VITAL;2
06717;SHORT VITAL;SEMANA 32;TRICOLINE POA VITAL AEW100560;VERÃO 2027;VITAL;2
06718;BLUSA VITAL;SEMANA 32;TRICOLINE POA VITAL AEW100560;VERÃO 2027;VITAL;2
06719;VESTIDO CROPPED VITAL;SEMANA 32;TRICOLINE POA VITAL AEW100560;VERÃO 2027;VITAL;2
06720;SAIA CROPPED VITAL;SEMANA 32;TRICOLINE POA VITAL AEW100560;VERÃO 2027;VITAL;2
06721;BERMUDA CARGO BEATLINE;SEMANA 28;MARRANT LISTRA FIO TINTO AT-2336;VERÃO 2027;BEATLINE;1
06722;BLUSA CORSET BEATLINE;SEMANA 28;MARRANT LISTRA FIO TINTO AT-2336;VERÃO 2027;BEATLINE;1
06723;BLAZER BOTOES BEATLINE;SEMANA 28;MARRANT LISTRA FIO TINTO AT-2336;VERÃO 2027;BEATLINE;1
06724;PANTALONA BEATLINE;SEMANA 28;MARRANT LISTRA FIO TINTO AT-2336;VERÃO 2027;BEATLINE;1
06725;BLUSA LINHO LUST;SEMANA 32;LINHO 100%;VERÃO 2027;LUST;3
06726;CAMISA LINHO LUST;SEMANA 32;LINHO 100%;VERÃO 2027;LUST;3
06727;VESTIDO CROPPED LUST;SEMANA 32;LINHO 100%;VERÃO 2027;LUST;3
06728;CAMISA RAFFINATO;SEMANA 18;MARROCAINE EST ANIMAL PRINT PW80136;INVERNO 2026;RAFFINATO;1
06729;BLUSA CELEBRATION;SEMANA 32;PATOU CHINA AT2302;VERÃO 2027;CELEBRATION;4
06730;CALCA CELEBRATION;SEMANA 32;PATOU CHINA AT2302;VERÃO 2027;CELEBRATION;4
06731;BLUSA LOVE SUNSET;SEMANA 36;LINHO CHINA (AT2314);VERÃO 2027;LOVE SUNSET;4
06732;BLUSA TOUR;CANCELADO;;VERÃO 2027;TOUR;3
06733;CALCA ALADIM TOUR;CANCELADO;;VERÃO 2027;TOUR;3
06734;SAIA CROPPED LOVE SUNSET;SEMANA 36;LINHO CHINA (AT2314);VERÃO 2027;LOVE SUNSET;4
06735;BATA LOVE SUNSET;SEMANA 36;LINHO CHINA (AT2314);VERÃO 2027;LOVE SUNSET;3
06736;PANTALONA LOVE SUNSET;SEMANA 36;LINHO CHINA (AT2314);VERÃO 2027;LOVE SUNSET;3
06737;VESTIDO CELEBRATION;CANCELADO;PATOU CHINA AT2302;VERÃO 2027;CELEBRATION;3
06738;BLUSA CROPPED GLACE;SEMANA 05;MARROCAINE LISO AT2374PD;INVERNO 2026;GLACE;3
06739;CALCA ALADIM GLACE;SEMANA 05;MARROCAINE LISO AT2374PD;INVERNO 2026;GLACE;2
06740;BLAZER CROPPED DANCE;SEMANA 42;PATOU CHINA AT2302;ALTO VERÃO 2027;DANCE;3
06741;BLUSA WAVE;CANCELADO;TAG PAPEL COLLECTION;VERÃO 2027;WAVE;1
06742;SAIA CROPPED WAVE;CANCELADO;FITA DE CETIM PERSONALIZADA;VERÃO 2027;WAVE;1
06743;SHORT WAVE;CANCELADO;FITA DE CETIM PERSONALIZADA;VERÃO 2027;WAVE;1
06748;BLAZER LINHO LUST;SEMANA 32;LINHO 100%;VERÃO 2027;LUST;3
06749;BLAZER LINHO LUST;CANCELADO;;VERÃO 2027;LUST;3
06750;BLAZER TUNE;SEMANA 32;ALFAIATARIA SOHO (RW54958);VERÃO 2027;TUNE;4
06751;BLUSA DECOTE V DEEP;SEMANA 28;TECIDO VERMONT CHINA RW55406-1;VERÃO 2027;DEEP;3
06752;CALCA PANTALONA DEEP;SEMANA 28;TECIDO VERMONT CHINA RW55406-1;VERÃO 2027;DEEP;3
06753;BLUSA SATIN SERPENTINE;SEMANA 34;TAG PAPEL COLLECTION;VERÃO 2027;SERPENTINE;2
06754;CAMISA SATIN SERPENTINE;SEMANA 34;TAG PAPEL COLLECTION;VERÃO 2027;SERPENTINE;2
06755;SAIA SATIN SERPENTINE;SEMANA 34;TAG PAPEL COLLECTION;VERÃO 2027;SERPENTINE;2
06756;VESTIDO SATIN SERPENTINE;SEMANA 34;TAG PAPEL COLLECTION;VERÃO 2027;SERPENTINE;2
06757;CAMISA BLEND;SEMANA 10;LINHO C/ VISCOSE BRW310201;INVERNO 2026;BLEND;3
06786;REGATA BASICA NAIF;SEMANA 50;MARROCAINE RW80136-1;ALTO VERÃO 2026;NAIF;3
06787;CROPPED DANCE;SEMANA 42;PATOU CHINA AT2302;ALTO VERÃO 2027;DANCE;3
06788;PANTALONA DANCE;SEMANA 42;PATOU CHINA AT2302;ALTO VERÃO 2027;DANCE;3
06816;BLUSA SELECAO;SEMANA 21;PATOU CHINA AT2302;INVERNO 2026;COPA;1
06817;SHORT SELECAO;SEMANA 21;PATOU CHINA AT2302;INVERNO 2026;COPA;1
06818;CALCA SELECAO;SEMANA 21;PATOU CHINA AT2302;INVERNO 2026;COPA;1
06820;BLUSA MANGA CURTA BASIC;SEMANA;VISCOSE FLASH AT 2232;CONTINUO;WORK;1
06821;BLUSA MANGA CURTA BASIC;SEMANA;MAQUINETADO LISBOA;CONTINUO;WORK;1
06822;BLUSA MANGA CURTA BASIC;SEMANA;VISCOSE ESSENCIAL ARW800098;CONTINUO;WORK;3
06825;CAMISA PEPLUM GROOVE;SEMANA 38;TRICOLINE FIO 50 ADS250506E;VERÃO 2027;GROOVE;3
06835;BLUSA RENDA SESSIONS;SEMANA 38;LAISE CLASSIC C/ ELASTANO;VERÃO 2027;SESSIONS;3
06836;CROPPED RENDA SESSIONS;CANCELADO;;VERÃO 2027;SESSIONS;2
06837;CALCA RENDA SESSIONS;SEMANA 38;LAISE CLASSIC C/ ELASTANO;VERÃO 2027;SESSIONS;3
06846;BLUSA MANGAS FLASH;SEMANA 28;MARROCAINE EST FLASH PW80136-31;VERÃO 2027;FLASH;1
06847;PANTALONA FLASH;SEMANA 28;MARROCAINE EST FLASH PW80136-31;VERÃO 2027;FLASH;1
06848;REGATA ALCAS FLASH;SEMANA 28;MARROCAINE EST FLASH PW80136-31;VERÃO 2027;FLASH;1
06849;VESTIDO CROPPED FLASH;SEMANA 28;MARROCAINE EST FLASH PW80136-31;VERÃO 2027;FLASH;1
06850;BLUSA TOUR MULTI;SEMANA 32;MARROCAINE RW80136-1;VERÃO 2027;TOUR;3
06851;REGATA RENDA;SEMANA 32;MARROCAINE RW80136-1;VERÃO 2027;TOUR;3
06852;REGATA TOUR;SEMANA 32;MARROCAINE RW80136-1;VERÃO 2027;TOUR;3
06853;BLUSA SUMMER PARTY;SEMANA 36;CREPE IPANEMA EST SUMMER PARTY;VERÃO 2027;SUMMER PARTY;1
06854;CALCA SUMMER PARTY;SEMANA 36;CREPE IPANEMA EST SUMMER PARTY;VERÃO 2027;SUMMER PARTY;1
06855;REGATA SUMMER PARTY;SEMANA 36;CREPE IPANEMA EST SUMMER PARTY;VERÃO 2027;SUMMER PARTY;1
06856;SHORT SUMMER PARTY;SEMANA 36;CREPE IPANEMA EST SUMMER PARTY;VERÃO 2027;SUMMER PARTY;1
06857;MACACAO CELEBRATION;SEMANA 32;PATOU CHINA AT2302;VERÃO 2027;CELEBRATION;1
06858;VESTIDO CURTO HEARTBEAT;SEMANA 42;PATOU NEW (RW82311);ALTO VERÃO 2027;HEARTBEAT;4
06859;MACACAO DEEP;SEMANA 28;TECIDO VERMONT CHINA RW55406-1;VERÃO 2027;DEEP;3
06860;CAMISA FESTIVAL;SEMANA 36;VISCOSE ESSENCIAL BORDADA AEW310151-60;VERÃO 2027;FESTIVAL;1
06861;VESTIDO FESTIVAL CROPPED;SEMANA 36;VISCOSE ESSENCIAL BORDADA AEW310151-60;VERÃO 2027;FESTIVAL;1
06862;SAIA CROPPED FESTIVAL;SEMANA 36;VISCOSE ESSENCIAL BORDADA AEW310151-60;VERÃO 2027;FESTIVAL;1
06863;CAMISA LOVE SUNSET;SEMANA 36;LINHO CHINA (AT2314);VERÃO 2027;LOVE SUNSET;4
06864;PANTALONA GROOVE;SEMANA 38;TRICOLINE FIO 50 ADS250506E;VERÃO 2027;GROOVE;2
06865;TOP FESTIVAL;CANCELADO;VISCOSE ESSENCIAL BORDADA AEW310151-60;VERÃO 2027;FESTIVAL;1
06867;VESTIDO GROOVE CROPPED;SEMANA 38;TRICOLINE FIO 50 ADS250506E;VERÃO 2027;GROOVE;3
06868;TOP GROOVE;CANCELADO;TRICOLINE FIO 50 ADS250506E;VERÃO 2027;GROOVE;3
06869;SAIA GROOVE CROPPED;SEMANA 38;TRICOLINE FIO 50 ADS250506E;VERÃO 2027;GROOVE;3
06870;VESTIDO TOUR CURTO;SEMANA 32;MARROCAINE RW80136-1;VERÃO 2027;TOUR;2
06871;BERMUDA GROOVE;SEMANA 38;TRICOLINE FIO 50 ADS250506E;VERÃO 2027;GROOVE;2
06872;BLAZER CELEBRATION;SEMANA 32;PATOU CHINA AT2302;VERÃO 2027;CELEBRATION;3
06876;BLUSA LISTRAS STRIKE;SEMANA 40;TRICOLINE BORDADA FOLHAGEM 150017-39;VERÃO 2027;STRIKE;1
06877;CAMISA LISTRAS STRIKE;SEMANA 40;TRICOLINE BORDADA FOLHAGEM 150017-39;VERÃO 2027;STRIKE;1
06878;SHORT LISTRAS STRIKE;SEMANA 40;;VERÃO 2027;STRIKE;1
06879;SAIA LISTRAS STRIKE;SEMANA 40;TRICOLINE BORDADA FOLHAGEM 150017-39;VERÃO 2027;STRIKE;1
06880;VESTIDO LISTRAS STRIKE;SEMANA 40;TRICOLINE BORDADA FOLHAGEM 150017-39;VERÃO 2027;STRIKE;1
06881;BLAZER GROOVE;CANCELADO;;VERÃO 2027;GROOVE;2
06882;MACACAO LOVE SUNSET;SEMANA 36;LINHO CHINA (AT2314);VERÃO 2027;LOVE SUNSET;3
06884;PANTALONA TOUR MULTI;SEMANA 32;MARROCAINE RW80136-1;VERÃO 2027;TOUR;3
06885;VESTIDO CURTO SONAR;CANCELADO;;VERÃO 2027;SONAR;1
06886;SHORT CURTO COMPASS;SEMANA 36;VISCOSE ESSENCIAL ARW800098;VERÃO 2027;COMPASS;3
06889;PANTALONA TUNE;SEMANA 32;ALFAIATARIA SOHO (RW54958);VERÃO 2027;TUNE;3
06902;TOP LISTRAS STRIKE;SEMANA 40;;VERÃO 2027;STRIKE;1
06903;VESTIDO SUMMER PARTY;SEMANA 36;CREPE IPANEMA EST SUMMER PARTY;VERÃO 2027;SUMMER PARTY;1
06904;BLUSA MUSIC;SEMANA 42;BROMELIA GLOW EST MUSIC S328;ALTO VERÃO 2027;MUSIC;1
06905;PANTALONA MUSIC;SEMANA 42;BROMELIA GLOW EST MUSIC S328;ALTO VERÃO 2027;MUSIC;1
06906;SHORT MUSIC;SEMANA 42;BROMELIA GLOW EST MUSIC S328;ALTO VERÃO 2027;MUSIC;1
06907;VESTIDO CROPPED MUSIC;SEMANA 42;BROMELIA GLOW EST MUSIC S328;ALTO VERÃO 2027;MUSIC;1
06908;BLUSA MANGAS BOUNCE;SEMANA 42;VISCOSE FLASH AT 2232;ALTO VERÃO 2027;BOUNCE;3
06909;BLUSA LACO BOUNCE;SEMANA 42;VISCOSE FLASH AT 2232;ALTO VERÃO 2027;BOUNCE;3
06910;PANTALONA BOUNCE;SEMANA 42;VISCOSE FLASH AT 2232;ALTO VERÃO 2027;BOUNCE;3
06922;SAIA CROPPED;SEMANA;TAG PAPEL C/ ILHOES LIZIE;BAZAR FABRICA;;0
06923;BLUSA DEGAGE;SEMANA;TAG PAPEL C/ ILHOES LIZIE;BAZAR FABRICA;;0
06924;VESTIDO CROPPED;SEMANA;TAG PAPEL C/ ILHOES LIZIE;BAZAR FABRICA;;1
06925;VESTIDO LONGO;SEMANA;TAG PAPEL C/ ILHOES LIZIE;BAZAR FABRICA;;1
06926;BLUSA DEGAGE SATIN;SEMANA 42;PATOU NEW (RW82311);CONTINUO;;5
06927;PANTALONA HEARTBEAT;SEMANA 42;PATOU NEW (RW82311);ALTO VERÃO 2027;HEARTBEAT;4
06929;MACACAO BASIC GOTA;SEMANA;;BAZAR FABRICA;;1
06930;BLUSA ECHO;SEMANA 42;TECIDO VERMONT CHINA RW55406-1;ALTO VERÃO 2027;ECHO;3
06931;BLAZER ECHO;SEMANA 42;TECIDO VERMONT CHINA RW55406-1;ALTO VERÃO 2027;ECHO;3
06932;CALCA ECHO;SEMANA 42;TECIDO VERMONT CHINA RW55406-1;ALTO VERÃO 2027;ECHO;3
06933;SHORT ECHO;SEMANA 42;TECIDO VERMONT CHINA RW55406-1;ALTO VERÃO 2027;ECHO;3
06936;VESTIDO HEARTBEAT CROPPED;SEMANA 42;PATOU NEW (RW82311);ALTO VERÃO 2027;HEARTBEAT;4
06937;BLUSA HEARTBEAT;SEMANA 42;PATOU NEW (RW82311);ALTO VERÃO 2027;HEARTBEAT;4
06938;MACACAO TOUR;CANCELADO;MARROCAINE RW80136-1;VERÃO 2027;TOUR;2
06939;CANGA SONAR;SEMANA 32;MARROCAINE EST SONAR PW80136-27;VERÃO 2027;SONAR;1
06975;VESTIDO CROPPED BOUNCE;SEMANA 42;;ALTO VERÃO 2027;BOUNCE;3
06976;SHORT BOUNCE;SEMANA 42;VISCOSE FLASH AT 2232;ALTO VERÃO 2027;BOUNCE;3
06977;BLAZER RITMO;SEMANA 42;LINHO 100%;ALTO VERÃO 2027;RITMO;3
06984;VESTIDO CROPPED RITMO;SEMANA 42;LINHO 100%;ALTO VERÃO 2027;RITMO;3
06986;PANTALONA RITMO;SEMANA 42;LINHO 100%;ALTO VERÃO 2027;RITMO;3
06987;BLUSA RITMO ASSIMETRICA;SEMANA 42;LINHO 100%;ALTO VERÃO 2027;RITMO;3
06990;CAMISA RITMO;SEMANA 42;;ALTO VERÃO 2027;RITMO;3
06991;MACACAO ECHO;SEMANA 42;TECIDO VERMONT CHINA RW55406-1;ALTO VERÃO 2027;ECHO;3
06994;BLUSA SOUND;SEMANA 45;;ALTO VERÃO 2027;SOUND;1
06995;BLUSA GALA;SEMANA 45;;ALTO VERÃO 2027;GALA;1
06996;PANTALONA GALA;SEMANA 45;;ALTO VERÃO 2027;GALA;1
06997;VESTIDO CURTO GALA;CANCELADO;;ALTO VERÃO 2027;GALA;1
06998;VESTIDO CROPPED GALA;SEMANA 45;;ALTO VERÃO 2027;GALA;1
06999;CAMISA SOUND SEM MANGA;SEMANA 45;;ALTO VERÃO 2027;SOUND;1
07000;SAIA CROPPED SOUND;SEMANA 45;;ALTO VERÃO 2027;SOUND;1
07001;VESTIDO CROPPED SOUND;SEMANA 45;;ALTO VERÃO 2027;SOUND;1
07016;VESTIDO CURTO DANCE;SEMANA 42;;ALTO VERÃO 2027;DANCE;3
07017;PANTALONA CHAIN;SEMANA;;ALTO VERÃO 2027;CHAIN;1
07018;BLUSA PEPLUM CHAIN;SEMANA;;ALTO VERÃO 2027;CHAIN;1
07019;VESSTIDO CROPPED FLOW;SEMANA 47;;ALTO VERÃO 2027;FLOW;1
07024;BATA FLOW;SEMANA 47;;ALTO VERÃO 2027;FLOW;1
07030;BLUSA DECOTE V PASSION;SEMANA 45;;ALTO VERÃO 2027;PASSION;1
07031;BLUSA FRENTE UNICA PASSION;SEMANA 45;;ALTO VERÃO 2027;PASSION;1
07032;PANTALONA PASSION;SEMANA 45;;ALTO VERÃO 2027;PASSION;1
07033;VESTIDO CROPPED PASSION;SEMANA 45;;ALTO VERÃO 2027;PASSION;1
07034;VESTIDO CURTO PASSION;SEMANA 45;;ALTO VERÃO 2027;PASSION;1
07035;SHORT CURTO PASSION;SEMANA 45;;ALTO VERÃO 2027;PASSION;1
07048;CAMISA DAZING;SEMANA 47;;ALTO VERÃO 2027;DAZING;1
07049;VESTIDO CROPPED DAZING;SEMANA 47;;ALTO VERÃO 2027;DAZING;1
07050;PANTALONA DAZING;SEMANA;;ALTO VERÃO 2027;DAZING;1
07051;SHORT CURTO DAZING;SEMANA;;ALTO VERÃO 2027;DAZING;1
07053;VESTIDO CURTO SOUND;SEMANA 45;;ALTO VERÃO 2027;SOUND;1
07060;MACACAO SINTONIA;SEMANA 45;;ALTO VERÃO 2027;SINTONIA;1
07061;SHORT SINTONIA;SEMANA 45;;ALTO VERÃO 2027;SINTONIA;1
07062;CALCA SINTONIA;SEMANA 45;;ALTO VERÃO 2027;SINTONIA;1
07067;REGATA SINTONIA;SEMANA 45;;ALTO VERÃO 2027;SINTONIA;1
07076;CAMISA MANGA BALLOON;SEMANA 22;TRICOLINE MILANO 3547;CONTINUO;WORK;2
07077;MACACAO LONGO SONGS;SEMANA 47;;ALTO VERÃO 2027;SONGS;3
07078;SHORT CURTO SONGS;SEMANA 47;;ALTO VERÃO 2027;SONGS;3
07079;REGATA SONGS;SEMANA 47;;ALTO VERÃO 2027;SONGS;3
07080;BLUSA SONGS;SEMANA 47;;ALTO VERÃO 2027;SONGS;3
07081;VESTIDO CROPPED SONGS;SEMANA 47;;ALTO VERÃO 2027;SONGS;3
07088;VESTIDO CROPPED JAZZ;SEMANA;;ALTO VERÃO 2027;JAZZ;3
07092;CAMISA MOVE;SEMANA 48;;ALTO VERÃO 2027;MOVE;1
07093;CALCA PANTALONA LOVE;SEMANA 48;;ALTO VERÃO 2027;MOVE;1
07094;SHORT MOVE;SEMANA 48;;ALTO VERÃO 2027;MOVE;1
07095;VESTIDO CROPPED MOVE;SEMANA 48;;ALTO VERÃO 2027;MOVE;1
07100;MACACAO VIBE;SEMANA 49;;ALTO VERÃO 2027;VIBE;1
07101;CAMISA COMPASS;SEMANA 36;VISCOSE ESSENCIAL ARW800098;VERÃO 2027;COMPASS;3
07102;CALCA RETA WORK;SEMANA;CREPE SATIN INFINITY P11AC0237;VERÃO 2027;WORK;1
07103;VESTIDO CURTO VIBE;SEMANA 49;;ALTO VERÃO 2027;VIBE;3
07104;LENCO SUMMER PARTY;SEMANA 36;CREPE IPANEMA EST SUMMER PARTY;VERÃO 2027;SUMMER PARTY;1
07105;REGATA VIBE CAMADA;SEMANA 49;;ALTO VERÃO 2027;VIBE;3
07106;PANTALONA VIBE;SEMANA 49;;ALTO VERÃO 2027;VIBE;3
07124;CAMISA JAZZ SEM MANGA;SEMANA;;ALTO VERÃO 2027;JAZZ;3
07125;PANTALONA VIBRANTE;SEMANA 47;;ALTO VERÃO 2027;VIBRANT;3
07126;VESTIDO CROPPED VIBRANTE;SEMANA 47;;ALTO VERÃO 2027;VIBRANT;3
07127;SAIA CURTA VIBRANTE;SEMANA 47;;ALTO VERÃO 2027;VIBRANT;3
07128;CAMISA VIBRANTE;SEMANA 47;;ALTO VERÃO 2027;VIBRANT;3
07133;VESTIDO CROPPED VIBE;SEMANA 49;;ALTO VERÃO 2027;VIBE;3
07134;VESTIDO CROPPED CHAIN;SEMANA;;ALTO VERÃO 2027;CHAIN;1
07150;BOMBER CROPPED BASE;SEMANA 49;;ALTO VERÃO 2027;BASE;3
07151;SHORT BASE;SEMANA 49;;ALTO VERÃO 2027;BASE;3
07153;PANTALONA BASE;SEMANA 49;;ALTO VERÃO 2027;BASE;3
